step,1,global_seqlen/min,global_seqlen/max,global_seqlen/minmax_diff,global_seqlen/balanced_min,global_seqlen/balanced_max,global_seqlen/mean,actor/entropy,actor/kl_loss,actor/kl_coef,actor/pg_loss,actor/pg_clipfrac,actor/ppo_kl,actor/pg_clipfrac_lower,actor/grad_norm,perf/mfu/actor,perf/max_memory_allocated_gb,perf/max_memory_reserved_gb,perf/cpu_memory_used_gb,actor/lr,training/global_step,training/epoch,critic/score/mean,critic/score/max,critic/score/min,critic/rewards/mean,critic/rewards/max,critic/rewards/min,critic/advantages/mean,critic/advantages/max,critic/advantages/min,critic/returns/mean,critic/returns/max,critic/returns/min,response_length/mean,response_length/max,response_length/min,response_length/clip_ratio,response_length_non_aborted/mean,response_length_non_aborted/max,response_length_non_aborted/min,response_length_non_aborted/clip_ratio,response/aborted_ratio,prompt_length/mean,prompt_length/max,prompt_length/min,prompt_length/clip_ratio,timing_s/start_profile,timing_s/generate_sequences,timing_s/generation_timing/max,timing_s/generation_timing/min,timing_s/generation_timing/topk_ratio,timing_s/gen,timing_s/reward,timing_s/old_log_prob,timing_s/ref,timing_s/adv,timing_s/update_actor,timing_s/step,timing_s/stop_profile,timing_per_token_ms/ref,timing_per_token_ms/update_actor,timing_per_token_ms/adv,timing_per_token_ms/gen,perf/total_num_tokens,perf/time_per_step,perf/throughput,timing_s/testing,timing_s/save_checkpoint,eval_pass,call,causci/control_acc,causci/effect_acc,causci/method_acc,causci/mre,causci/outcome_acc,causci/treatment_acc,cladder/overall_acc,cladder/rung1_acc,cladder/rung2_acc,cladder/rung3_acc
0.0,-0.559494428550172,,,,,,,,,,,,,,,,,,,,,,,,,,,,,,,,,,,,,,,,,,,,,,,,,,,,,,,,,,,,,,,,,,,,,,,,,,,,,,,,
1.0,,25510.0,31824.0,6314.0,29215.0,29216.0,29215.5,0.0272623673081398,0.0,0.01,-0.00010721977800130858,0.0,0.0,0.0,0.09873233735561371,0.10287784412415607,77.5274658203125,80.15625,324.04913330078125,2e-05,1.0,0.0,-0.5406249761581421,1.0,-1.0,-0.5406249761581421,1.0,-1.0,0.004727644380182028,1.4999982118606567,-0.8660244345664978,0.004727644380182028,1.4999982118606567,-0.8660244345664978,196.1750030517578,508.0,118.0,0.0,196.1750030517578,508.0,118.0,0.0,0.0,1264.5999755859375,2007.0,1097.0,0.0,3.5774995922110975e-05,4.539209842681885,6.094465732574463,2.910600185394287,0.25,17.40853817199968,1.581207164999796,2.5572117070041713,1.569975712998712,0.0020070090031367727,14.904312689999642,38.032346854000934,2.959900302812457e-05,0.013434441589213876,0.12753771705087746,1.7174179828659212e-05,1.1092480038230967,116862.0,38.032346854000934,768.1750514148612,,,,,,,,,,,,,,
2.0,,25881.0,31690.0,5809.0,28626.0,28627.0,28626.25,0.02531035803258419,0.00019020014087800519,0.01,0.001091758981347084,0.0,0.0,0.0,0.06296983361244202,0.12032305120743336,81.31587791442871,83.666015625,336.54034423828125,2e-05,2.0,0.0,-0.8975000381469727,-0.20000000298023224,-1.0,-0.8975000381469727,-0.20000000298023224,-1.0,8.541892020730302e-05,1.499993920326233,-1.499993920326233,8.541892020730302e-05,1.499993920326233,-1.499993920326233,249.6125030517578,1002.0,96.0,0.0,249.6125030517578,1002.0,96.0,0.0,0.0,1181.699951171875,1857.0,1099.0,0.0,3.52629940607585e-05,6.537442207336426,9.84315013885498,2.6729185581207275,0.25,20.626380137000524,0.8906237419942045,2.350822523003444,1.5577300559962168,0.001976036000996828,12.478323912000633,37.90831850700488,2.7518995921127498e-05,0.01360403524733607,0.10897623607703273,1.7257202750943873e-05,1.0329200329010229,114505.0,37.90831850700488,755.1442830340867,,,,,,,,,,,,,,
3.0,,26877.0,30559.0,3682.0,28167.0,28168.0,28167.75,0.026687532663345337,0.00015435929022714843,0.01,0.001419816352427006,0.0,0.0,0.0,0.02174617350101471,0.1184328415014956,81.31587791442871,83.666015625,316.21173095703125,2e-05,3.0,0.0,-0.925000011920929,0.75,-1.0,-0.925000011920929,0.75,-1.0,-0.0037152492441236973,1.499993920326233,-0.8660245537757874,-0.0037152492441236973,1.499993920326233,-0.8660245537757874,255.6374969482422,1100.0,109.0,0.0,255.6374969482422,1100.0,109.0,0.0,0.0,1152.75,1280.0,1097.0,0.0,3.567900421330705e-05,6.521053791046143,10.757283210754395,3.484313726425171,0.25,21.37640328099951,1.1144994650021545,2.373192402999848,1.5200863999998546,0.001887270002043806,12.459159790996637,38.84767019900028,2.867099829018116e-05,0.01349137222532732,0.1105800054228385,1.675027293663681e-05,1.0452497814776545,112671.0,38.84767019900028,725.0820925864656,,,,,,,,,,,,,,
4.0,,26259.0,32101.0,5842.0,28742.0,28786.0,28774.5,0.0319145992398262,0.0002095843110237183,0.01,-0.0018555580079555518,0.0,0.0,0.0,0.024919884279370308,0.1220781633527679,81.31587791442871,83.666015625,333.00616455078125,2e-05,4.0,0.0,-0.9204686880111694,0.4000000059604645,-1.0,-0.9204686880111694,0.4000000059604645,-1.0,0.04826876148581505,0.9209373593330383,-0.8651231527328491,0.04826876148581505,0.9209373593330383,-0.8651231527328491,246.22500610351562,947.0,117.0,0.0,246.22500610351562,947.0,117.0,0.0,0.0,1192.5,2120.0,1095.0,0.0,3.353500505909324e-05,6.759538650512695,9.183868408203125,3.753715991973877,0.25,19.829342156997882,0.9418675880006049,2.2760342779947678,1.570255703998555,0.0019709770058398135,12.371793070997228,36.99383121400024,2.7647001843433827e-05,0.01364277141217532,0.10748920981248351,1.712433757180675e-05,1.0066677915015678,115098.0,36.99383121400024,777.8188702204585,,,,,,,,,,,,,,
5.0,,25248.0,30244.0,4996.0,27295.0,28245.0,27533.0,0.03554961085319519,0.00015420253101183337,0.01,-0.0005412356927990917,0.0,0.0,0.0,0.028196517378091812,0.11772127361683496,82.1272439956665,83.998046875,326.81732177734375,2e-05,5.0,0.0,-0.890625,0.75,-1.0,-0.890625,0.75,-1.0,0.0006126113003119826,0.49999943375587463,-1.4999982118606567,0.0006126113003119826,0.49999943375587463,-1.4999982118606567,234.64999389648438,2000.0,101.0,0.012500000186264515,234.64999389648438,2000.0,101.0,0.012500000186264515,0.0,1142.0,1282.0,1097.0,0.0,3.436599945416674e-05,7.5917768478393555,19.056743621826172,2.5172133445739746,0.25,29.58858527999837,1.0929618739974103,2.306153069002903,1.4953514509979868,0.00184381399594713,12.240035797003657,46.727396005997434,2.8351001674309373e-05,0.013577810727109167,0.11113968507793971,1.6741855191471415e-05,1.5762084636692077,110132.0,46.727396005997434,589.2260719271871,,,,,,,,,,,,,,
6.0,,27372.0,33081.0,5709.0,29568.0,29598.0,29586.25,0.03373173996806145,0.0001604886184213683,0.01,-0.00037105828523635863,0.0,0.0,0.0,0.10629215836524963,0.126269874278872,82.1272439956665,83.998046875,333.38238525390625,2e-05,6.0,0.0,-0.8225000500679016,0.75,-1.0,-0.8225000500679016,0.75,-1.0,-0.019391050562262535,1.499993920326233,-0.8660245537757874,-0.019391050562262535,1.499993920326233,-0.8660245537757874,240.0124969482422,734.0,93.0,0.0,240.0124969482422,734.0,93.0,0.0,0.0,1239.300048828125,2120.0,1097.0,0.0,3.631900472100824e-05,5.580225944519043,7.461055755615234,3.5722434520721436,0.25,17.18092381599854,0.9045904379963758,2.282376930001192,1.6194332249942818,0.0020105279982089996,12.313174331000482,34.3050825600003,2.806299744406715e-05,0.013684002070170112,0.10404473641472375,1.6988702507152813e-05,0.894793178271889,118345.0,34.3050825600003,862.4450895360195,,,,,,,,,,,,,,
7.0,,25407.0,31752.0,6345.0,28517.0,29445.0,29001.25,0.027266865596175194,0.00024462375222356064,0.01,-0.0008254979178309441,0.0,0.0,0.0,0.09807546436786652,0.10630720570860669,84.40174198150635,86.63671875,344.668701171875,2e-05,7.0,0.0,-0.7250000238418579,1.0,-1.0,-0.7250000238418579,1.0,-1.0,-0.10834837704896927,1.4999982118606567,-1.499993920326233,-0.10834837704896927,1.4999982118606567,-1.499993920326233,265.6625061035156,2000.0,103.0,0.02500000037252903,265.6625061035156,2000.0,103.0,0.02500000037252903,0.0,1184.4000244140625,1759.0,1100.0,0.0,3.670299338409677e-05,11.386377334594727,19.168067932128906,2.3183727264404297,0.25,29.41151858500234,1.1918287119988236,3.045093191001797,1.645930717997544,0.0018812199996318668,14.32325445600145,49.621970804997545,2.7902999136131257e-05,0.014188446342808879,0.12347100949098272,1.6216714793602575e-05,1.383876092081228,116005.0,49.621970804997545,584.4437359001311,,,,,,,,,,,,,,
8.0,,25425.0,33020.0,7595.0,28129.0,28762.0,28314.5,0.03238555043935776,0.0002248035025513673,0.01,0.0013119435310363782,0.0,0.0,0.0,0.07571054995059967,0.11982935256649768,84.40174198150635,86.63671875,329.96356201171875,2e-05,8.0,0.0,-0.8031250238418579,0.75,-1.0,-0.8031250238418579,0.75,-1.0,-0.09729912877082825,1.4999982118606567,-1.499993920326233,-0.09729912877082825,1.4999982118606567,-1.499993920326233,273.0249938964844,2000.0,116.0,0.012500000186264515,273.0249938964844,2000.0,116.0,0.012500000186264515,0.0,1142.699951171875,1286.0,1103.0,0.0,3.55829979525879e-05,7.392473220825195,19.264163970947266,2.532853126525879,0.25,29.550237473995367,1.0351736360025825,2.32733397300035,1.5207771249988582,0.001987425006518606,12.389739555001142,46.82768376600143,2.694300201255828e-05,0.013427547060683203,0.10939394616716826,1.7547767102708913e-05,1.3529089586116365,113258.0,46.82768376600143,604.653011271878,,,,,,,,,,,,,,
9.0,,29789.0,35533.0,5744.0,31702.0,31703.0,31702.5,0.018838373944163322,0.0001388186205258535,0.01,0.0009138495102524756,0.0,0.0,0.0,0.048966508358716965,0.13492310028626472,87.72216033935547,89.59375,361.37518310546875,2e-05,9.0,0.0,-0.7100000381469727,1.0,-1.0,-0.7100000381469727,1.0,-1.0,-0.0011677863076329231,1.499993920326233,-1.499993920326233,-0.0011677863076329231,1.499993920326233,-1.499993920326233,337.17498779296875,2000.0,98.0,0.05000000074505806,337.17498779296875,2000.0,98.0,0.05000000074505806,0.0,1247.949951171875,2036.0,1093.0,0.0,3.481399471638724e-05,15.197403907775879,19.116409301757812,3.563123941421509,0.25,30.05242179099878,0.8838769669964677,2.4261035509989597,1.9032227909992798,0.0019313619995955378,12.425518347001343,47.6954979660004,2.7519003197085112e-05,0.015008459829660752,0.09798531935179673,1.5230360378483857e-05,1.1141255205382508,126810.0,47.6954979660004,664.6853760201651,,,,,,,,,,,,,,
10.0,,25471.0,33003.0,7532.0,28923.0,28968.0,28956.25,0.03413613140583038,0.00032575027612665515,0.01,0.0014254391193389891,0.0,0.0,0.0,0.0380217544734478,0.12290347079041512,87.72216033935547,89.59375,337.30035400390625,2e-05,10.0,0.0,-0.9125000238418579,0.75,-1.0,-0.9125000238418579,0.75,-1.0,-0.00854464154690504,0.8660245537757874,-1.499993920326233,-0.00854464154690504,0.8660245537757874,-1.499993920326233,254.71249389648438,763.0,117.0,0.0,254.71249389648438,763.0,117.0,0.0,0.0,1193.0999755859375,1786.0,1104.0,0.0,3.423899761401117e-05,5.053237438201904,7.841650009155273,2.8480591773986816,0.25,17.783809779000876,1.076999375000014,2.2566364320009598,1.5531854189976002,0.0020453739998629317,12.354927749001945,35.030078288997174,2.806299744406715e-05,0.013409759715066697,0.1066689207770511,1.7659175479066968e-05,0.872739352161794,115825.0,35.030078288997174,826.611055822135,,,,,,,,,,,,,,
11.0,,25109.0,30179.0,5070.0,27310.0,27422.0,27374.75,0.03744885325431824,0.0003870406665191695,0.01,0.0008665653690695764,0.0,0.0,0.0,0.05367129296064377,0.11684029004136845,87.72216033935547,89.59375,323.95330810546875,2e-05,11.0,0.0,-0.71875,1.0,-1.0,-0.71875,1.0,-1.0,-0.0013358935248106718,0.8660224080085754,-1.499993920326233,-0.0013358935248106718,0.8660224080085754,-1.499993920326233,194.6374969482422,526.0,95.0,0.0,194.6374969482422,526.0,95.0,0.0,0.0,1174.0999755859375,1912.0,1102.0,0.0,3.5134995414409786e-05,3.7576711177825928,5.400829315185547,2.4282593727111816,0.25,16.531270089995814,0.9621289300048375,2.290088708003168,1.4982394929975271,0.0019558410058380105,12.248369173001265,33.53449724600068,2.8798996936529875e-05,0.013682677403424024,0.11185827425822396,1.7861724817925373e-05,1.0616704187268522,109499.0,33.53449724600068,816.3160997818361,,,,,,,,,,,,,,
12.0,,25730.0,34790.0,9060.0,28698.0,29111.0,28978.5,0.02894330583512783,0.000236197868725867,0.01,0.0,0.0,0.0,0.0,0.0021471234504133463,0.121718812543022,87.72216033935547,89.59375,352.05950927734375,2e-05,12.0,0.0,-0.8850000500679016,-0.20000000298023224,-1.0,-0.8850000500679016,-0.20000000298023224,-1.0,0.0,0.0,0.0,0.0,0.0,0.0,240.625,2000.0,112.0,0.012500000186264515,240.625,2000.0,112.0,0.012500000186264515,0.0,1208.300048828125,2295.0,1099.0,0.0,3.555100556695834e-05,8.05429458618164,19.412349700927734,2.844898223876953,0.25,29.800070691002475,0.9011556839977857,2.428053556002851,1.5684250009944662,0.001966114003153052,12.505896426002437,47.2080719029982,2.745499659795314e-05,0.01353093673753357,0.10788943894613624,1.696183380051635e-05,1.5480556203118168,115914.0,47.2080719029982,613.8462943274658,,,,,,,,,,,,,,
13.0,,25410.0,33740.0,8330.0,28573.0,29351.0,29155.5,0.02824288234114647,0.0003642460014089011,0.01,0.0003700091689825061,0.0,0.0,0.0,0.05876874923706055,0.12401667545307474,87.83809566497803,89.712890625,364.3409423828125,2e-05,13.0,0.0,-0.862500011920929,0.75,-1.0,-0.862500011920929,0.75,-1.0,0.0030719947535544634,1.499993920326233,-1.499993920326233,0.0030719947535544634,1.499993920326233,-1.499993920326233,305.17498779296875,2000.0,113.0,0.03750000149011612,305.17498779296875,2000.0,113.0,0.03750000149011612,0.0,1152.5999755859375,1283.0,1097.0,0.0,3.583799843909219e-05,11.220724105834961,19.276092529296875,2.874422073364258,0.25,29.480886798002757,0.9534748619989841,2.316920012999617,1.6876409219985362,0.0018438769984641112,12.36476111200318,46.80800974599697,2.82239998341538e-05,0.014471033955844833,0.106024258819118,1.581071323132952e-05,1.2075402145491423,116622.0,46.80800974599697,622.8741653023046,,,,,,,,,,,,,,
14.0,-0.5515326451106816,27495.0,33134.0,5639.0,29543.0,29556.0,29547.0,0.03407285362482071,0.00041176567592629,0.01,0.001923781037330628,0.0,0.0,0.0,0.04403390362858772,0.12107170497072903,87.83809566497803,89.712890625,334.66021728515625,2e-05,14.0,0.0,-0.8010714650154114,1.0,-1.0,-0.8010714650154114,1.0,-1.0,-0.02401225082576275,1.499993920326233,-1.499993920326233,-0.02401225082576275,1.499993920326233,-1.499993920326233,274.5,836.0,96.0,0.0,274.5,836.0,96.0,0.0,0.0,1202.8499755859375,2010.0,1101.0,0.0,3.5486998967826366e-05,7.295080661773682,8.294650077819824,6.494024276733398,0.25,18.494756758998847,1.051541407003242,2.504925873996399,1.612862693000352,0.0019141789962304756,12.81933974000276,36.48799890399823,3.158299659844488e-05,0.013646585888587267,0.10846566267305277,1.6196052020767555e-05,0.8422020382057762,118188.0,36.48799890399823,809.7731004032216,395.0208894899988,,,,,,,,,,,,,
15.0,,25907.0,32396.0,6489.0,28572.0,29594.0,29338.0,0.024592667818069458,0.00041591741279262357,0.01,-8.230801671743406e-05,0.0,0.0,0.0,0.035362984985113144,0.12395932173745812,87.83809566497803,89.712890625,353.8209533691406,2e-05,15.0,0.0,-0.8218749761581421,0.75,-1.0,-0.8218749761581421,0.75,-1.0,-0.006956544239073992,1.423269271850586,-1.499993920326233,-0.006956544239073992,1.423269271850586,-1.499993920326233,303.29998779296875,2000.0,116.0,0.02500000037252903,303.29998779296875,2000.0,116.0,0.02500000037252903,0.0,1163.5999755859375,1282.0,1097.0,0.0,3.571100387489423e-05,12.031242370605469,19.274885177612305,3.6464741230010986,0.25,29.68593689300178,1.6346839739999268,2.3431908459970145,1.6747011499974178,0.0019393000038689934,12.443627665001259,47.786705247999635,2.8800001018680632e-05,0.01427075081802967,0.10603677538517672,1.652549597679625e-05,1.2234560209776533,117352.0,47.786705247999635,613.9364462928337,,,,,,,,,,,,,,
16.0,,28450.0,34922.0,6472.0,30673.0,30675.0,30674.0,0.027985570952296257,0.00045765489398036146,0.01,0.003010896258056165,0.0,0.0,0.0,0.03458819165825844,0.12972750708364633,87.83809566497803,89.712890625,363.0069580078125,2e-05,16.0,0.0,-0.7250000238418579,1.0,-1.0,-0.7250000238418579,1.0,-1.0,-0.0771465003490448,1.499993920326233,-0.8660245537757874,-0.0771465003490448,1.499993920326233,-0.8660245537757874,345.54998779296875,2000.0,97.0,0.05000000074505806,345.54998779296875,2000.0,97.0,0.05000000074505806,0.0,1188.1500244140625,1896.0,1100.0,0.0,3.327899321448058e-05,10.178120613098145,19.38641357421875,5.18084192276001,0.25,30.38460890299757,0.9936224350021803,2.30824759099778,1.6488913469947875,0.0018736069978331216,12.481362489997991,47.821147193004435,2.844700065907091e-05,0.013438835389864278,0.10172591192865287,1.5270318493130352e-05,1.0991393757414836,122696.0,47.821147193004435,641.4317054377813,,,,,,,,,,,,,,
17.0,,26010.0,35236.0,9226.0,28317.0,29177.0,28961.75,0.020139260217547417,0.0003171771657980571,0.01,0.0,0.0,0.0,0.0,0.002549737459048629,0.11964966881320349,87.83809566497803,89.712890625,354.6775207519531,2e-05,17.0,0.0,-0.949999988079071,-0.5,-1.0,-0.949999988079071,-0.5,-1.0,0.0,0.0,0.0,0.0,0.0,0.0,296.7875061035156,2000.0,108.0,0.03750000149011612,296.7875061035156,2000.0,108.0,0.03750000149011612,0.0,1151.300048828125,1281.0,1099.0,0.0,3.657499473774806e-05,8.30264949798584,19.584203720092773,3.692535400390625,0.25,30.750342417006323,0.9341207850011415,2.398136189003708,1.623785694995604,0.0018881320065702312,12.726073213001655,48.43692075000581,2.806299744406715e-05,0.014016640007903562,0.1098524192512681,1.6298497212445995e-05,1.2951329830689602,115847.0,48.43692075000581,597.9271504371286,,,,,,,,,,,,,,
18.0,,27445.0,32234.0,4789.0,29325.0,29914.0,29477.25,0.023054562509059906,0.0007407524876180104,0.01,-0.0006298249959945677,0.0,0.0,0.0,0.026633933186531067,0.1228939539655074,87.83809566497803,89.712890625,343.8644714355469,2e-05,18.0,0.0,-0.8999999761581421,0.75,-1.0,-0.8999999761581421,0.75,-1.0,-0.002308717928826809,0.8429262638092041,-1.1239017248153687,-0.002308717928826809,0.8429262638092041,-1.1239017248153687,301.2124938964844,2000.0,78.0,0.012500000186264515,301.2124938964844,2000.0,78.0,0.012500000186264515,0.0,1172.6500244140625,1284.0,1097.0,0.0,3.5806995583698153e-05,10.470647811889648,19.267963409423828,4.165524482727051,0.25,30.458816554993973,1.0806928669990157,2.4191838140031905,1.644452510998235,0.0018628530015121214,12.601530455001921,48.20911158299714,2.7038993721362203e-05,0.01394679380707355,0.1068750515652064,1.5799073874870633e-05,1.2640086548115521,117909.0,48.20911158299714,611.4456174794211,,,,,,,,,,,,,,
19.0,,25894.0,31056.0,5162.0,28869.0,29183.0,28948.0,0.03474755957722664,0.0005045921303099022,0.01,-0.001516836024820805,0.0,0.0,0.0,0.04542938619852066,0.12048159665244082,87.83809566497803,89.712890625,346.2811279296875,2e-05,19.0,0.0,-0.796875,1.0,-1.0,-0.796875,1.0,-1.0,0.008127951994538307,1.499997615814209,-1.499993920326233,0.008127951994538307,1.499997615814209,-1.499993920326233,263.75,2000.0,96.0,0.012500000186264515,263.75,2000.0,96.0,0.012500000186264515,0.0,1183.6500244140625,1879.0,1095.0,0.0,3.235099575249478e-05,8.009328842163086,19.18766975402832,2.70735764503479,0.25,30.2354780559981,0.9563097739955992,2.384526474001177,1.673349696000514,0.0019137950002914295,12.618548093996651,47.87261438800488,2.8351001674309373e-05,0.014451341163469964,0.10897599224468574,1.6527868939921837e-05,1.4329610453079669,115792.0,47.87261438800488,604.6880950636636,,,,,,,,,,,,,,
20.0,,26709.0,33616.0,6907.0,29665.0,29873.0,29717.25,0.024065736681222916,0.0005120106396498158,0.01,0.0009329424425959583,0.0,0.0,0.0,0.04145877808332443,0.11184798190296413,87.83809566497803,89.712890625,356.7518005371094,2e-05,20.0,0.0,-0.8343750238418579,0.75,-1.0,-0.8343750238418579,0.75,-1.0,-0.006714315619319677,0.8660224080085754,-1.4999982118606567,-0.006714315619319677,0.8660224080085754,-1.4999982118606567,290.11248779296875,1690.0,107.0,0.0,290.11248779296875,1690.0,107.0,0.0,0.0,1195.75,2101.0,1095.0,0.0,3.628700505942106e-05,8.631856918334961,16.472183227539062,3.800183057785034,0.25,27.347265342003084,0.9344916019981611,3.053654638999433,1.697557321000204,0.0019064350053668022,13.981032351999602,47.018549493004684,2.82869950751774e-05,0.014280908571622576,0.11761714452043512,1.603811763678337e-05,1.1783043363351753,118869.0,47.018549493004684,632.0324705980406,,,,,,,,,,,,,,
21.0,,25267.0,30657.0,5390.0,27482.0,27565.0,27515.0,0.033395640552043915,0.0006816419193637558,0.01,-5.6841783225539295e-06,0.0,0.0,0.0,0.06626921892166138,0.1155283780113698,87.83809566497803,89.712890625,317.9282531738281,2e-05,21.0,0.0,-0.8500000238418579,0.75,-1.0,-0.8500000238418579,0.75,-1.0,0.009544181637465954,1.499993920326233,-1.499993920326233,0.009544181637465954,1.499993920326233,-1.499993920326233,232.9499969482422,950.0,84.0,0.0,232.9499969482422,950.0,84.0,0.0,0.0,1142.800048828125,1282.0,1093.0,0.0,3.6158999137114733e-05,5.413733959197998,9.487874031066895,2.759059429168701,0.25,20.423480715995538,1.0850606169988168,2.3644735170018976,1.4978757680000854,0.0018775399948935956,12.452882907993626,37.82826317400031,2.7135007258038968e-05,0.013609629002363123,0.1131463102670691,1.705924036792291e-05,1.0959154709162662,110060.0,37.82826317400031,727.3661990094034,,,,,,,,,,,,,,
22.0,,28219.0,29917.0,1698.0,29080.0,29181.0,29105.75,0.028873763978481293,0.0006254953706229572,0.01,-0.0003298087418079377,0.0,0.0,0.0,0.026533029973506927,0.10942431469268901,87.83809566497803,89.712890625,336.2774658203125,2e-05,22.0,0.0,-0.893750011920929,-0.5,-1.0,-0.893750011920929,-0.5,-1.0,0.0013533775927498937,1.499993920326233,-0.49999797344207764,0.0013533775927498937,1.499993920326233,-0.49999797344207764,290.9375,1124.0,110.0,0.0,290.9375,1124.0,110.0,0.0,0.0,1164.3499755859375,1278.0,1093.0,0.0,3.478299913695082e-05,7.5896100997924805,10.970157623291016,4.917524337768555,0.25,21.642724176999764,0.936007217002043,2.325074164000398,1.660955560997536,0.0018672049991437234,13.948664278999786,40.51783194500604,2.745499659795314e-05,0.014266558678246876,0.11981021171933197,1.603811101881693e-05,0.9298699968635774,116423.0,40.51783194500604,718.3442105072304,,,,,,,,,,,,,,
23.0,,27043.0,29802.0,2759.0,28827.0,29057.0,28985.75,0.03321296349167824,0.00042563373179291367,0.01,0.0,0.0,0.0,0.0,0.0020388246048241854,0.11887066847609104,87.83809566497803,89.712890625,330.96832275390625,2e-05,23.0,0.0,-0.8999999761581421,-0.5,-1.0,-0.8999999761581421,-0.5,-1.0,0.0,0.0,0.0,0.0,0.0,0.0,292.3374938964844,1218.0,136.0,0.0,292.3374938964844,1218.0,136.0,0.0,0.0,1156.949951171875,1277.0,1103.0,0.0,3.548600216163322e-05,7.804268836975098,11.835115432739258,4.049549579620361,0.25,22.550463993997255,0.9404932010002085,2.4619405459961854,1.5577576170035172,0.00188621199777117,12.782478802000696,40.2975682910037,2.767999831121415e-05,0.013435546923949849,0.11024795634062165,1.6268442232572645e-05,0.9642307262153015,115943.0,40.2975682910037,719.2927819039387,,,,,,,,,,,,,,
24.0,,25377.0,33911.0,8534.0,31014.0,31015.0,31014.75,0.04187600314617157,0.0005382660036411835,0.01,0.00017360029742121696,0.0,0.0,0.0,0.04807695001363754,0.1287410652310531,87.83809566497803,89.712890625,354.95233154296875,2e-05,24.0,0.0,-0.6932500004768372,1.0,-1.0,-0.6932500004768372,1.0,-1.0,0.004629298113286495,1.499993920326233,-1.499993920326233,0.004629298113286495,1.499993920326233,-1.499993920326233,294.4375,2000.0,112.0,0.02500000037252903,294.4375,2000.0,112.0,0.02500000037252903,0.0,1256.300048828125,2152.0,1097.0,0.0,3.4942997444886714e-05,8.336769104003906,19.20644187927246,2.381535053253174,0.25,30.03278650900029,0.9568245409973315,2.3771117700016475,1.7677325769982417,0.0019524180024745874,12.721387413999764,47.860476232999645,2.7518995921127498e-05,0.014249128051961097,0.10254304334227879,1.573781831608015e-05,1.2750068566758772,124059.0,47.860476232999645,648.0242663907183,,,,,,,,,,,,,,
25.0,,29295.0,31224.0,1929.0,29961.0,30629.0,30461.75,0.019959809258580208,0.0004526145687850658,0.01,-0.0007180199306458232,0.0,0.0,0.0,0.02223353274166584,0.12596738089237378,88.43683576583862,90.810546875,364.54833984375,2e-05,25.0,0.0,-0.9750000238418579,-0.5,-1.0,-0.9750000238418579,-0.5,-1.0,0.01996043510735035,1.499993920326233,-1.499993920326233,0.01996043510735035,1.499993920326233,-1.499993920326233,348.1875,2000.0,116.0,0.03750000149011612,348.1875,2000.0,116.0,0.03750000149011612,0.0,1174.9000244140625,1282.0,1100.0,0.0,5.9837999287992716e-05,13.453664779663086,19.18903160095215,5.732372283935547,0.25,30.290818788998877,0.9726557160029188,2.4015630919966497,1.7768949429955683,0.0019430429965723306,12.74593798800197,48.192409295996185,2.8990994906052947e-05,0.014583001165359577,0.10460608786430499,1.5946580519605164e-05,1.087446375480125,121847.0,48.192409295996185,632.08605763835,,,,,,,,,,,,,,
26.0,,29247.0,34497.0,5250.0,30471.0,30865.0,30664.75,0.023557880893349648,0.000494430346916488,0.01,0.002448744364082813,0.0,0.0,0.0,0.0508197583258152,0.12700663648381197,88.43683576583862,90.810546875,350.1244812011719,2e-05,26.0,0.0,-0.8187500238418579,0.75,-1.0,-0.8187500238418579,0.75,-1.0,-0.09185802936553955,0.8660224080085754,-1.499993920326233,-0.09185802936553955,0.8660224080085754,-1.499993920326233,361.73748779296875,2000.0,114.0,0.02500000037252903,361.73748779296875,2000.0,114.0,0.02500000037252903,0.0,1171.5,1286.0,1099.0,0.0,3.3247000828851014e-05,9.89837646484375,19.38884735107422,4.434474468231201,0.25,30.391012397994928,1.0348317620009766,2.356940414996643,1.6544796080052038,0.0019204510026611388,12.727893478004262,48.16965553299815,2.761500218184665e-05,0.013488448528075427,0.10376648658479412,1.5656829116992138e-05,1.0501749334114838,122659.0,48.16965553299815,636.5989056947566,,,,,,,,,,,,,,
27.0,,25513.0,36933.0,11420.0,29108.0,29617.0,29489.25,0.034562792629003525,0.0008031056130130309,0.01,0.0003881196491420269,0.0,0.0,0.0,0.020670954138040543,0.11153554073229505,88.43683576583862,90.810546875,362.6785888671875,2e-05,27.0,0.0,-0.8374999761581421,-0.5,-1.0,-0.8374999761581421,-0.5,-1.0,-0.0702875480055809,1.499993920326233,-1.499993920326233,-0.0702875480055809,1.499993920326233,-1.499993920326233,327.0625,2000.0,121.0,0.03750000149011612,327.0625,2000.0,121.0,0.03750000149011612,0.0,1147.4000244140625,1286.0,1097.0,0.0,3.34390060743317e-05,9.370652198791504,19.802505493164062,2.2574362754821777,0.25,30.938313464001112,0.7678924020001432,3.029168706998462,1.6901142210044782,0.0019195870045223273,13.915006360002735,50.34492295000382,2.771099389065057e-05,0.014328223174584622,0.11796677060286999,1.627361669525613e-05,1.1824312426524408,117957.0,50.34492295000382,585.7442671882719,,,,,,,,,,,,,,
28.0,-0.5515326451581375,27831.0,32000.0,4169.0,29575.0,29595.0,29580.5,0.027399836108088493,0.0008430990605847911,0.01,-2.4590343236923113e-05,0.0,0.0,0.0,0.0329025536775589,0.1095811919987324,88.43683576583862,90.810546875,333.40362548828125,2e-05,28.0,0.0,-0.7373749613761902,0.9399999976158142,-1.0,-0.7373749613761902,0.9399999976158142,-1.0,-0.0009998971363529563,0.49999943375587463,-1.4999982118606567,-0.0009998971363529563,0.49999943375587463,-1.4999982118606567,250.02499389648438,595.0,114.0,0.0,250.02499389648438,595.0,114.0,0.0,0.0,1229.0,1944.0,1101.0,0.0,3.510299575282261e-05,4.7649383544921875,6.102640151977539,2.4312148094177246,0.25,17.223945314995944,1.3904062669971609,3.1612186070051393,1.5814026549996925,0.0019349149952176958,14.170109462997061,37.53169544199773,2.927899913629517e-05,0.013365246150332926,0.11975887377661856,1.6352960524819525e-05,0.8611111546343337,118322.0,37.53169544199773,788.1471820454882,389.6112437699994,,,,,,,,,,,,,
29.0,,26163.0,36673.0,10510.0,29279.0,30051.0,29472.25,0.05536981672048569,0.0008325584750855342,0.01,0.0014490826055407514,0.0,0.0,0.0,0.12027954310178757,0.12385145255540023,88.43683576583862,90.810546875,355.19775390625,2e-05,29.0,0.0,-0.8412500619888306,-0.20000000298023224,-1.0,-0.8412500619888306,-0.20000000298023224,-1.0,-0.004286439623683691,1.499993920326233,-1.499993920326233,-0.004286439623683691,1.499993920326233,-1.499993920326233,263.9125061035156,1606.0,109.0,0.0,263.9125061035156,1606.0,109.0,0.0,0.0,1209.699951171875,2104.0,1093.0,0.0,3.5933997423853725e-05,7.097268104553223,15.892844200134277,3.381251811981201,0.25,26.563216308997653,1.4820495439998922,2.344987319003849,1.6460966259983252,0.0019482269999571145,12.512262290998478,44.553216168998915,2.7998998120892793e-05,0.013963106193099654,0.106135960869958,1.652594389601332e-05,1.2581450437643942,117889.0,44.553216168998915,661.5066775023847,,,,,,,,,,,,,,
30.0,,28149.0,30529.0,2380.0,29487.0,29488.0,29487.25,0.02435641922056675,0.0008488079291419125,0.01,-0.00037221267819404597,0.0,0.0,0.0,0.03701232001185417,0.12381411665400925,88.43683576583862,90.810546875,337.8802185058594,2e-05,30.0,0.0,-0.7662500143051147,1.0,-1.0,-0.7662500143051147,1.0,-1.0,0.004441266413778067,0.49999797344207764,-1.499993920326233,0.004441266413778067,0.49999797344207764,-1.499993920326233,254.71249389648438,1156.0,114.0,0.0,254.71249389648438,1156.0,114.0,0.0,0.0,1219.6500244140625,2034.0,1097.0,0.0,3.4302996937185526e-05,6.836639404296875,11.204902648925781,3.28468656539917,0.25,22.41478888099664,0.8871571150011732,2.3363487440001336,1.6154153419993236,0.0018509170040488243,12.512672819000727,39.770922692994645,2.7775000489782542e-05,0.01369587993115095,0.10608545065240678,1.5692519682649488e-05,1.1000043618293487,117949.0,39.770922692994645,741.4273545429702,,,,,,,,,,,,,,
31.0,,25267.0,28029.0,2762.0,26242.0,26243.0,26242.25,0.03230544179677963,0.0007000230632547755,0.01,0.00042888008058071146,0.0,0.0,0.0,0.024943619966506958,0.11115725828267156,88.43683576583862,90.810546875,309.60980224609375,2e-05,31.0,0.0,-0.8687499761581421,-0.5,-1.0,-0.8687499761581421,-0.5,-1.0,-0.0012734249467030168,1.499993920326233,-0.49999797344207764,-0.0012734249467030168,1.499993920326233,-0.49999797344207764,191.41250610351562,389.0,104.0,0.0,191.41250610351562,389.0,104.0,0.0,0.0,1120.699951171875,1195.0,1095.0,0.0,3.507100336719304e-05,3.383803129196167,4.158659934997559,2.5412495136260986,0.25,15.042252871004166,1.0314992790008546,2.329788887000177,1.3897951999970246,0.0018223420047434047,12.304553723995923,32.102359001997684,2.7999005396850407e-05,0.013240053730120556,0.11722083399857028,1.7360763699219813e-05,0.982319132175548,104969.0,32.102359001997684,817.4555022067688,,,,,,,,,,,,,,
32.0,,25776.0,32356.0,6580.0,29800.0,30420.0,29974.5,0.026284055784344673,0.0006840485787688522,0.01,0.00019421905279159505,0.0,0.0,0.0,0.028599221259355545,0.12501864206721874,88.43683576583862,90.810546875,356.8719482421875,2e-05,32.0,0.0,-0.84375,-0.5,-1.0,-0.84375,-0.5,-1.0,-0.0038762695621699095,0.8660224080085754,-1.499993920326233,-0.0038762695621699095,0.8660224080085754,-1.499993920326233,303.42498779296875,2000.0,119.0,0.012500000186264515,303.42498779296875,2000.0,119.0,0.012500000186264515,0.0,1195.300048828125,1912.0,1099.0,0.0,4.991800233256072e-05,11.009511947631836,19.249807357788086,2.949634552001953,0.25,30.29273266599921,0.8805568419993506,2.3637692720003542,1.704384023003513,0.001880484000139404,12.61202567500004,47.857855475005636,2.7391004550736398e-05,0.014215283182400982,0.10518962513970243,1.5684031427875396e-05,1.247949767899778,119898.0,47.857855475005636,626.3235095365809,,,,,,,,,,,,,,
33.0,,26748.0,33415.0,6667.0,29578.0,29693.0,29607.5,0.023330083116889,0.0008515362850448581,0.01,0.0007992722839117053,0.0,0.0,0.0,0.02789565548300743,0.12497809637017769,88.43683576583862,90.810546875,336.8858642578125,2e-05,33.0,0.0,-0.8062499761581421,0.75,-1.0,-0.8062499761581421,0.75,-1.0,-0.004483700729906559,0.8660245537757874,-0.8660245537757874,-0.004483700729906559,0.8660245537757874,-0.8660245537757874,306.625,1281.0,112.0,0.0,306.625,1281.0,112.0,0.0,0.0,1173.75,1286.0,1105.0,0.0,3.615900641307235e-05,7.047662734985352,12.656490325927734,3.970431327819824,0.25,23.648559752000438,1.086748562003777,2.3863996939981007,1.5787364700008766,0.0018806119987857528,12.437820177001413,41.14271929700044,2.844700065907091e-05,0.013330545216591038,0.10502254645783511,1.587952375906234e-05,0.9640668467998548,118430.0,41.14271929700044,719.6291471710906,,,,,,,,,,,,,,
34.0,,25845.0,31787.0,5942.0,28557.0,28557.0,28557.0,0.023933906108140945,0.0008157205852330661,0.01,0.0,0.0,0.0,0.0,0.0016566156409680843,0.11985228862519785,88.43683576583862,90.810546875,342.8995361328125,2e-05,34.0,0.0,-0.8649999499320984,0.4000000059604645,-1.0,-0.8649999499320984,0.4000000059604645,-1.0,0.0,0.0,0.0,0.0,0.0,0.0,214.10000610351562,929.0,104.0,0.0,214.10000610351562,929.0,104.0,0.0,0.0,1213.75,2020.0,1093.0,0.0,3.270299930591136e-05,5.543392181396484,9.08380126953125,3.0962986946105957,0.25,20.258739520002564,0.985728753003059,2.366895031002059,1.6104523300018627,0.0018748530055745505,12.492742695001652,37.71901598000113,2.6815003366209567e-05,0.014098577669239264,0.10936672877929801,1.6413252491285414e-05,1.1827848855676415,114228.0,37.71901598000113,757.0982237484961,,,,,,,,,,,,,,
35.0,,25395.0,29708.0,4313.0,27811.0,29058.0,28123.0,0.023698505014181137,0.0005377910537936259,0.01,0.0,0.0,0.0,0.0,0.0024165690410882235,0.118261211023137,88.43683576583862,90.810546875,329.83660888671875,2e-05,35.0,0.0,-0.925000011920929,-0.5,-1.0,-0.925000011920929,-0.5,-1.0,0.0,0.0,0.0,0.0,0.0,0.0,250.89999389648438,2000.0,117.0,0.012500000186264515,250.89999389648438,2000.0,117.0,0.012500000186264515,0.0,1155.25,1279.0,1100.0,0.0,3.38870013365522e-05,7.589012622833252,18.88701629638672,2.545644760131836,0.25,29.55287896799564,1.0734608599959756,2.4128933329993743,1.539805016000173,0.0018873320004786365,12.45214979800221,47.035636250002426,2.8510999982245266e-05,0.013688129075846931,0.11069364753051071,1.6777477513766635e-05,1.472343511757455,112492.0,47.035636250002426,597.908357197965,,,,,,,,,,,,,,
36.0,,27007.0,31853.0,4846.0,29078.0,29089.0,29085.25,0.02753935568034649,0.0006784525956516063,0.01,0.0014055913314223287,0.0,0.0,0.0,0.06706911325454712,0.12310798566891624,88.43683576583862,90.810546875,329.9791564941406,2e-05,36.0,0.0,-0.7093750238418579,1.0,-1.0,-0.7093750238418579,1.0,-1.0,-0.027767017483711243,1.4999982118606567,-1.499993920326233,-0.027767017483711243,1.4999982118606567,-1.499993920326233,228.0124969482422,764.0,115.0,0.0,228.0124969482422,764.0,115.0,0.0,0.0,1226.25,1889.0,1095.0,0.0,3.7598998460453004e-05,4.630936622619629,7.597014427185059,3.4365429878234863,0.25,18.519471822000924,0.9090829810011201,2.352045473999169,1.5809152939982596,0.0018688369964365847,12.391518393997103,35.75753030100168,2.7294998290017247e-05,0.013588634221798502,0.10651033078619836,1.6063442779730143e-05,1.015266258538508,116341.0,35.75753030100168,813.4020933538923,,,,,,,,,,,,,,
37.0,,25367.0,30393.0,5026.0,28042.0,28043.0,28042.5,0.020435715094208717,0.000704608232153987,0.01,0.0,0.0,0.0,0.0,0.006484805140644312,0.11775185653915202,88.43683576583862,90.810546875,330.06634521484375,2e-05,37.0,0.0,-0.8550000190734863,0.4000000059604645,-1.0,-0.8550000190734863,0.4000000059604645,-1.0,0.0,0.0,0.0,0.0,0.0,0.0,211.125,1118.0,76.0,0.0,211.125,1118.0,76.0,0.0,0.0,1191.0,1958.0,1105.0,0.0,6.067000504117459e-05,5.161009311676025,10.968541145324707,2.4796218872070312,0.25,21.892480891998275,1.2207306710042758,2.3368991700044717,1.55250304400397,0.0018835559967556037,12.468203071999596,39.47531289799372,2.838300133589655e-05,0.013840626228082107,0.11115452502451276,1.6791976435371346e-05,1.2961800409708866,112170.0,39.47531289799372,710.380689634134,,,,,,,,,,,,,,
38.0,,25605.0,36278.0,10673.0,28516.0,28892.0,28615.5,0.023267259821295738,0.0005616545201473855,0.01,0.0,0.0,0.0,0.0,0.0030150837264955044,0.11857858030115093,88.43683576583862,90.810546875,349.3995361328125,2e-05,38.0,0.0,-0.949999988079071,-0.5,-1.0,-0.949999988079071,-0.5,-1.0,0.0,0.0,0.0,0.0,0.0,0.0,236.72500610351562,2000.0,94.0,0.012500000186264515,236.72500610351562,2000.0,94.0,0.012500000186264515,0.0,1194.050048828125,2268.0,1095.0,0.0,3.7887002690695226e-05,7.984379291534424,19.186786651611328,3.241243362426758,0.25,30.293706791999284,0.988083080999786,2.402377211001294,1.572227301003295,0.0018581800031824969,12.66800644199975,47.92881278200366,3.0046998290345073e-05,0.013735801410103747,0.11067434119620267,1.6234034030355025e-05,1.5996254510507595,114462.0,47.92881278200366,597.0417028719844,,,,,,,,,,,,,,
39.0,,26777.0,34107.0,7330.0,29205.0,29291.0,29226.75,0.022370874881744385,0.0006847647812901414,0.01,-0.0003485463187098502,0.0,0.0,0.0,0.029285795986652374,0.12280142026334176,88.43683576583862,90.810546875,342.754150390625,2e-05,39.0,0.0,-0.8006249666213989,0.75,-1.0,-0.8006249666213989,0.75,-1.0,0.003410596400499344,1.423269271850586,-0.9209389686584473,0.003410596400499344,1.423269271850586,-0.9209389686584473,254.9875030517578,629.0,114.0,0.0,254.9875030517578,629.0,114.0,0.0,0.0,1206.3499755859375,2180.0,1095.0,0.0,3.359899710630998e-05,4.839311599731445,6.654478073120117,3.491460084915161,0.25,17.456419016001746,1.0735824029979995,2.4062955179979326,1.5749887480051257,0.0018878119954024442,12.49010106800415,35.00585752299958,2.844700065907091e-05,0.013472150923427389,0.10683792303287358,1.6147980834359312e-05,0.855748762978663,116907.0,35.00585752299958,834.9102712538156,,,,,,,,,,,,,,
40.0,,27158.0,31425.0,4267.0,29412.0,29413.0,29412.75,0.02371997945010662,0.0006319759663077207,0.01,-0.0002868983149528504,0.0,0.0,0.0,0.02338210679590702,0.12472465827168525,88.43683576583862,90.810546875,337.27740478515625,2e-05,40.0,0.0,-0.8631250262260437,0.75,-1.0,-0.8631250262260437,0.75,-1.0,0.007634767796844244,1.499997615814209,-0.49999919533729553,0.007634767796844244,1.499997615814209,-0.49999919533729553,239.03750610351562,600.0,95.0,0.0,239.03750610351562,600.0,95.0,0.0,0.0,1231.5999755859375,2047.0,1100.0,0.0,3.398300032131374e-05,4.502380847930908,6.252193450927734,3.7426977157592773,0.25,17.391852673004905,1.0439668580002035,2.3297068949977984,1.5887394019955536,0.0018531250025262125,12.373817924999457,34.73246674899565,2.6847003027796745e-05,0.013503832538572163,0.10517392903587268,1.5751034861804936e-05,0.9094730258330234,117651.0,34.73246674899565,846.8373471011967,,,,,,,,,,,,,,
41.0,,25535.0,31210.0,5675.0,27763.0,28575.0,27966.5,0.030591102316975594,0.0007423229662526865,0.01,-0.00023308973759412834,0.0,0.0,0.0,0.06541015207767487,0.11544253470186108,88.43683576583862,90.810546875,336.994384765625,2e-05,41.0,0.0,-0.856249988079071,0.75,-1.0,-0.856249988079071,0.75,-1.0,0.008175130933523178,1.499993920326233,-1.499993920326233,0.008175130933523178,1.499993920326233,-1.499993920326233,259.125,2000.0,87.0,0.012500000186264515,259.125,2000.0,87.0,0.012500000186264515,0.0,1139.199951171875,1281.0,1095.0,0.0,3.567900421330705e-05,8.625144004821777,18.98112678527832,2.64947247505188,0.25,30.195091560999572,1.09817037400353,2.394061455001065,1.5807738910007174,0.001915875000122469,12.691278022000915,47.964031762996456,2.729500556597486e-05,0.014130959281646947,0.11345071801978183,1.7126517441603964e-05,1.4565890767486527,111866.0,47.964031762996456,583.0723350820508,,,,,,,,,,,,,,
42.0,-0.552488059280025,26096.0,31927.0,5831.0,29331.0,29920.0,29584.0,0.026183586567640305,0.0005350915233429987,0.01,0.00013368517160415664,0.0,0.0,0.0,0.02587481401860714,0.12360371241814247,88.43683576583862,90.810546875,356.85589599609375,2e-05,42.0,0.0,-0.5756250619888306,1.0,-1.0,-0.5756250619888306,1.0,-1.0,0.004183980170637369,0.49999919533729553,-1.499997615814209,0.004183980170637369,0.49999919533729553,-1.499997615814209,240.5,2000.0,116.0,0.012500000186264515,240.5,2000.0,116.0,0.012500000186264515,0.0,1238.699951171875,2193.0,1101.0,0.0,3.6158999137114733e-05,7.648536205291748,19.047468185424805,3.5089519023895264,0.25,30.040610821000882,1.0619003230021917,2.3725441209971905,1.6558769830007805,0.0018800050020217896,12.580765042999701,47.71619807699608,2.972699439851567e-05,0.013993011281442506,0.10631392850020029,1.588700819718251e-05,1.5613623087838298,118336.0,47.71619807699608,619.9991028678039,395.0685282100021,,,,,,,,,,,,,
43.0,,27707.0,32155.0,4448.0,29893.0,29894.0,29893.5,0.02417866885662079,0.000650249265745515,0.01,0.0,0.0,0.0,0.0,0.0023035737685859203,0.11610249771610728,88.43683576583862,90.810546875,342.16064453125,2e-05,43.0,0.0,-0.949999988079071,-0.5,-1.0,-0.949999988079071,-0.5,-1.0,0.0,0.0,0.0,0.0,0.0,0.0,297.42498779296875,1036.0,111.0,0.0,297.42498779296875,1036.0,111.0,0.0,0.0,1197.25,1796.0,1095.0,0.0,3.513399860821664e-05,7.323692321777344,10.105348587036133,3.5180819034576416,0.25,21.149609688000055,1.5931777250007144,3.1126474630000303,1.660249747998023,0.001941158996487502,13.535410693999438,41.055622287000006,2.8223003027960658e-05,0.01388470527035997,0.1131969382474404,1.6233955512799622e-05,0.8888631456669772,119574.0,41.055622287000006,728.1219558926423,,,,,,,,,,,,,,
44.0,,26902.0,28930.0,2028.0,27813.0,27814.0,27813.5,0.03275716304779053,0.0008720739705313464,0.01,0.00020971078425645833,0.0,0.0,0.0,0.023355558514595032,0.11038835489085783,88.43683576583862,90.810546875,323.90643310546875,2e-05,44.0,0.0,-0.7437499761581421,1.0,-1.0,-0.7437499761581421,1.0,-1.0,0.004189762752503157,1.499993920326233,-0.49999797344207764,0.004189762752503157,1.499993920326233,-0.49999797344207764,211.8249969482422,448.0,116.0,0.0,211.8249969482422,448.0,116.0,0.0,0.0,1178.8499755859375,1879.0,1099.0,0.0,3.564600046956912e-05,4.052780628204346,4.708702087402344,3.4565188884735107,0.25,15.583294231000764,1.2655226639981265,2.3018767180037685,1.4933597630006261,0.002897188998758793,13.178989011998056,33.828482539000106,3.0303002859000117e-05,0.01342297591997255,0.11845856339545595,2.6041211990209726e-05,0.9195854025139126,111254.0,33.828482539000106,822.1917719168879,,,,,,,,,,,,,,
45.0,,27118.0,31857.0,4739.0,29073.0,29952.0,29320.0,0.025895889848470688,0.0007053233354236,0.01,0.0,0.0,0.0,0.0,0.00826994702219963,0.12319432643969795,88.43683576583862,90.810546875,343.7904052734375,2e-05,45.0,0.0,-0.875,-0.5,-1.0,-0.875,-0.5,-1.0,0.0,0.0,0.0,0.0,0.0,0.0,298.04998779296875,1896.0,95.0,0.0,298.04998779296875,1896.0,95.0,0.0,0.0,1167.949951171875,1283.0,1099.0,0.0,3.625499812187627e-05,8.376182556152344,18.184091567993164,3.8034400939941406,0.25,29.445025966000685,0.9823102409936837,2.398936114994285,1.6099089179988368,0.001878918003058061,12.493643699999666,46.93426796900167,2.7006994059775025e-05,0.013727054212131965,0.10652833987039279,1.6020787884192197e-05,1.2349029510988376,117280.0,46.93426796900167,624.70346867591,,,,,,,,,,,,,,
46.0,,26235.0,31098.0,4863.0,29342.0,30043.0,29526.75,0.023643068969249725,0.0006286144007390249,0.01,-0.0008691677637398243,0.0,0.0,0.0,0.04558366537094116,0.11845948640815389,88.43683576583862,90.810546875,344.79132080078125,2e-05,46.0,0.0,-0.7250000238418579,1.0,-1.0,-0.7250000238418579,1.0,-1.0,-0.004579101223498583,0.8660224080085754,-0.8660224080085754,-0.004579101223498583,0.8660224080085754,-0.8660224080085754,283.6875,2000.0,96.0,0.012500000186264515,283.6875,2000.0,96.0,0.012500000186264515,0.0,1192.6500244140625,1903.0,1100.0,0.0,6.921399472048506e-05,8.998355865478516,19.207324981689453,3.476045608520508,0.25,30.329978163994383,0.9171426600005361,3.1497141259969794,1.644355516997166,0.0019349159992998466,13.095230607003032,49.140953062000335,2.8255002689547837e-05,0.013922591522917067,0.11087599047476468,1.6382737681084495e-05,1.336416751002176,118107.0,49.140953062000335,600.8583098245283,,,,,,,,,,,,,,
47.0,,27454.0,31514.0,4060.0,30149.0,30195.0,30161.25,0.021471520885825157,0.000889049287798116,0.01,0.0004293373227119448,0.0,0.0,0.0,0.03484604135155678,0.11592708627044897,88.43683576583862,90.810546875,335.33770751953125,2e-05,47.0,0.0,-0.768750011920929,-0.5,-1.0,-0.768750011920929,-0.5,-1.0,-0.02350570075213909,0.49999797344207764,-1.499993920326233,-0.02350570075213909,0.49999797344207764,-1.499993920326233,298.86248779296875,1137.0,115.0,0.0,298.86248779296875,1137.0,115.0,0.0,0.0,1209.199951171875,1814.0,1095.0,0.0,3.577500319806859e-05,7.573433876037598,11.29432201385498,3.653846025466919,0.25,22.188960172003135,0.8682621089974418,3.139932812002371,1.6181737770020845,0.0018782139959512278,13.679295285997796,41.49899685099808,2.803099778247997e-05,0.013412688275536364,0.11338468470303614,1.5568104736634158e-05,0.9280588971518313,120645.0,41.49899685099808,726.7946767073382,,,,,,,,,,,,,,
48.0,,26506.0,30326.0,3820.0,27792.0,27793.0,27792.5,0.02715631201863289,0.0008066231662814972,0.01,7.609575986862165e-05,0.0,0.0,0.0,0.06106575205922127,0.11688091680549514,88.43683576583862,90.810546875,333.0694274902344,2e-05,48.0,0.0,-0.8496875762939453,-0.20000000298023224,-1.0,-0.8496875762939453,-0.20000000298023224,-1.0,-0.0034970086999237537,0.8660210371017456,-1.499993920326233,-0.0034970086999237537,0.8660210371017456,-1.499993920326233,207.22500610351562,498.0,116.0,0.0,207.22500610351562,498.0,116.0,0.0,0.0,1182.4000244140625,2058.0,1099.0,0.0,3.686299896799028e-05,4.138920307159424,5.045400142669678,3.468233585357666,0.25,15.408804683000199,0.8632945200006361,2.359044928998628,1.5160289100022055,0.0019244840004830621,12.442134641001758,32.593835542000306,2.726299862843007e-05,0.013637032562761586,0.11191989422507653,1.731118107837602e-05,0.9294730777536614,111170.0,32.593835542000306,852.6919136039292,,,,,,,,,,,,,,
49.0,,26688.0,32362.0,5674.0,28716.0,29588.0,28935.0,0.0250928346067667,0.0006520246725995095,0.01,-0.00022038139402866374,0.0,0.0,0.0,0.035164885222911835,0.12163628321778211,88.43683576583862,90.810546875,343.8321533203125,2e-05,49.0,0.0,-0.8031250238418579,0.75,-1.0,-0.8031250238418579,0.75,-1.0,0.002558982465416193,0.49999919533729553,-1.499997615814209,0.002558982465416193,0.49999919533729553,-1.499997615814209,288.20001220703125,2000.0,116.0,0.012500000186264515,288.20001220703125,2000.0,116.0,0.012500000186264515,0.0,1158.550048828125,1281.0,1095.0,0.0,6.002999725751579e-05,8.509567260742188,19.298786163330078,3.543938398361206,0.25,29.565766430998337,1.0016370710000047,2.414710750002996,1.6166286610023235,0.0020067180012119934,12.482808796004974,47.08615866200125,2.8382994059938937e-05,0.013967761024730633,0.10785215825129578,1.7338154494660387e-05,1.2823458722674503,115740.0,47.08615866200125,614.5117975688826,,,,,,,,,,,,,,
50.0,,26553.0,28095.0,1542.0,27297.0,27298.0,27297.25,0.02905857190489769,0.0005723862593004015,0.01,0.0003929671272635459,0.0,0.0,0.0,0.016170769929885864,0.11617989356849862,88.43683576583862,90.810546875,314.0794677734375,2e-05,50.0,0.0,-0.890625,0.75,-1.0,-0.890625,0.75,-1.0,-0.002584387082606554,1.423269271850586,-0.9209389686584473,-0.002584387082606554,1.423269271850586,-0.9209389686584473,218.2624969482422,563.0,96.0,0.0,218.2624969482422,563.0,96.0,0.0,0.0,1146.5999755859375,1249.0,1103.0,0.0,3.5263001336716115e-05,5.050307273864746,5.692103385925293,4.1987199783325195,0.25,17.01213065799675,0.9929231479982263,2.3660327600009623,1.4620898739958648,0.0019619849990704097,12.275035601000127,34.112872595003864,2.748699625954032e-05,0.013390450265098726,0.11242007529146825,1.7968705630332815e-05,0.9742930335030496,109189.0,34.112872595003864,800.2037918084309,,,,,,,,,,,,,,
51.0,,29397.0,32177.0,2780.0,30410.0,30837.0,30517.75,0.019673578441143036,0.0010108489199046745,0.01,0.0,0.0,0.0,0.0,0.009272282011806965,0.12781221139784485,88.43683576583862,90.810546875,354.9287109375,2e-05,51.0,0.0,-0.762499988079071,1.0,-1.0,-0.762499988079071,1.0,-1.0,0.0,0.0,0.0,0.0,0.0,0.0,323.98748779296875,2000.0,109.0,0.012500000186264515,323.98748779296875,2000.0,109.0,0.012500000186264515,0.0,1201.9000244140625,1882.0,1097.0,0.0,3.423900488996878e-05,11.27209758758545,19.09576988220215,6.767168045043945,0.25,30.158860447001643,1.0829882939942763,2.376234559000295,1.717641569004627,0.0019776650005951524,12.578156208997825,47.918403590003436,2.803099778247997e-05,0.014070840486312285,0.10303967534465865,1.6200940441178922e-05,1.1635811739265267,122071.0,47.918403590003436,636.8690881506433,,,,,,,,,,,,,,
52.0,,25852.0,30948.0,5096.0,26521.0,28046.0,27400.5,0.031104540452361107,0.0008129936190380251,0.01,0.0003859259188175205,0.0,0.0,0.0,0.06824204325675964,0.1151725082836591,88.43683576583862,90.810546875,341.251953125,2e-05,52.0,0.0,-0.925000011920929,-0.5,-1.0,-0.925000011920929,-0.5,-1.0,-0.003198623424395919,1.499993920326233,-1.499993920326233,-0.003198623424395919,1.499993920326233,-1.499993920326233,234.47500610351562,2000.0,104.0,0.02500000037252903,234.47500610351562,2000.0,104.0,0.02500000037252903,0.0,1135.550048828125,1282.0,1095.0,0.0,3.500699676806107e-05,7.137673854827881,19.016817092895508,2.722607135772705,0.25,29.489976723998552,0.9228451680028229,2.3399524850028683,1.4824424240068765,0.001870181004051119,12.455457700998522,46.695137912000064,3.049500082852319e-05,0.013525687706491455,0.11364261328259086,1.7063383916818298e-05,1.5721279840067466,109602.0,46.695137912000064,586.7955685587217,,,,,,,,,,,,,,
53.0,,25576.0,30193.0,4617.0,28673.0,28675.0,28673.75,0.026708848774433136,0.0008441718579706503,0.01,0.0,0.0,0.0,0.0,0.002476661466062069,0.1059786871805328,88.43683576583862,90.810546875,329.78187561035156,2e-05,53.0,0.0,-0.7150000333786011,1.0,-1.0,-0.7150000333786011,1.0,-1.0,0.0,0.0,0.0,0.0,0.0,0.0,194.2375030517578,436.0,106.0,0.0,194.2375030517578,436.0,106.0,0.0,0.0,1239.449951171875,2024.0,1093.0,0.0,3.4302996937185526e-05,3.678506851196289,4.6003313064575195,3.2022197246551514,0.25,15.416967520999606,0.7994680650008377,3.133287737997307,1.5323106270006974,0.001893763997941278,14.17938826000318,35.06587903000036,2.81590037047863e-05,0.013359872941285125,0.12362690840928706,1.6511303874983897e-05,0.9921466967629581,114695.0,35.06587903000036,817.710857197345,,,,,,,,,,,,,,
54.0,,26998.0,30560.0,3562.0,29167.0,29245.0,29202.5,0.026392832398414612,0.0006566748682524804,0.01,3.9774924516677856e-05,0.0,0.0,0.0,0.018409691751003265,0.12267647373756053,88.43683576583862,90.810546875,341.28460693359375,2e-05,54.0,0.0,-0.8374999761581421,1.0,-1.0,-0.8374999761581421,1.0,-1.0,-0.0007776929414831102,0.8660224080085754,-0.8660224080085754,-0.0007776929414831102,0.8660224080085754,-0.8660224080085754,264.4750061035156,968.0,121.0,0.0,264.4750061035156,968.0,121.0,0.0,0.0,1195.6500244140625,2016.0,1097.0,0.0,5.891000182600692e-05,6.640560150146484,9.505110740661621,3.374366521835327,0.25,20.06666651499836,0.9248946230000001,2.324905852001393,1.5881463529949542,0.0019120350043522194,12.499109898002644,37.408260888994846,2.915099321398884e-05,0.013595979393844312,0.10700376592759732,1.6368761273454495e-05,0.9484198182719709,116810.0,37.408260888994846,780.6430800580493,,,,,,,,,,,,,,
55.0,,25852.0,29548.0,3696.0,28477.0,28477.0,28477.0,0.029261935502290726,0.0007647909097249794,0.01,0.0,0.0,0.0,0.0,0.006082860287278891,0.11976712447854862,88.43683576583862,90.810546875,330.8278503417969,2e-05,55.0,0.0,-0.8850000500679016,-0.20000000298023224,-1.0,-0.8850000500679016,-0.20000000298023224,-1.0,0.0,0.0,0.0,0.0,0.0,0.0,250.85000610351562,942.0,108.0,0.0,250.85000610351562,942.0,108.0,0.0,0.0,1173.0,1605.0,1105.0,0.0,4.182300472166389e-05,5.826610088348389,9.24998664855957,2.3260130882263184,0.25,20.109994956001174,0.8753301169999759,2.4281667440009187,1.5539902539967443,0.0018328059959458187,12.455299973000365,37.42715358499845,2.726299862843007e-05,0.013642503195532748,0.10934526085086531,1.609023067691311e-05,1.0020926328483741,113908.0,37.42715358499845,760.8647004193808,,,,,,,,,,,,,,
56.0,-0.5515326452055934,25182.0,32072.0,6890.0,28369.0,28802.0,28478.0,0.026690561324357986,0.0006922326487256214,0.01,0.0,0.0,0.0,0.0,0.0018417987739667296,0.1195975967243009,88.43683576583862,90.810546875,346.60162353515625,2e-05,56.0,0.0,-0.8999999761581421,-0.5,-1.0,-0.8999999761581421,-0.5,-1.0,0.0,0.0,0.0,0.0,0.0,0.0,284.20001220703125,2000.0,98.0,0.012500000186264515,284.20001220703125,2000.0,98.0,0.012500000186264515,0.0,1139.699951171875,1286.0,1093.0,0.0,3.3823002013377845e-05,9.88998031616211,19.292516708374023,2.5286154747009277,0.25,30.663050472001487,0.8815627500007395,2.351133778000076,1.5847911589953583,0.0018750119998003356,12.497769929999777,47.98276689199702,3.126299998257309e-05,0.013912416242321778,0.10971425249315064,1.6460179786153658e-05,1.3486563367347593,113912.0,47.98276689199702,593.5047485715087,391.5987072240023,,,,,,,,,,,,,
57.0,,26751.0,30290.0,3539.0,28539.0,28540.0,28539.5,0.019938020035624504,0.0006396374213181843,0.01,0.0,0.0,0.0,0.0,0.0012864001328125596,0.12020568988680651,88.43683576583862,90.810546875,330.7487487792969,2e-05,57.0,0.0,-0.8999999761581421,-0.5,-1.0,-0.8999999761581421,-0.5,-1.0,0.0,0.0,0.0,0.0,0.0,0.0,270.42498779296875,1027.0,110.0,0.0,270.42498779296875,1027.0,110.0,0.0,0.0,1156.550048828125,1274.0,1097.0,0.0,3.740700049092993e-05,7.029301643371582,9.95234203338623,4.758889198303223,0.25,20.747560900999815,1.8332437580029364,2.5438171989953844,1.5311671770032262,0.0019735370005946606,12.442717082005402,39.103040693000366,2.895899524446577e-05,0.013412701492696319,0.10899557702487256,1.7287767835759742e-05,0.9590256494869102,114158.0,39.103040693000366,729.8537273370843,,,,,,,,,,,,,,
58.0,,25261.0,33667.0,8406.0,29881.0,29882.0,29881.5,0.02176159806549549,0.000713633117848076,0.01,3.640763461589848e-05,0.0,0.0,0.0,0.011161097325384617,0.12571215579488618,88.43683576583862,90.810546875,351.5038757324219,2e-05,58.0,0.0,-0.8062499761581421,1.0,-1.0,-0.8062499761581421,1.0,-1.0,-0.041596848517656326,0.49999797344207764,-1.499993920326233,-0.041596848517656326,0.49999797344207764,-1.499993920326233,284.125,1192.0,105.0,0.0,284.125,1192.0,105.0,0.0,0.0,1209.949951171875,2141.0,1097.0,0.0,3.475099947536364e-05,7.773685455322266,11.7770357131958,2.278212070465088,0.25,23.76163866600109,0.8567452139977831,2.416716172003362,1.6470975499978522,0.0018322620016988367,12.498504647002846,41.185209754003154,2.78389998129569e-05,0.013780244883940333,0.10456724601344349,1.5329401148694315e-05,1.0453866549054593,119526.0,41.185209754003154,725.5395851685702,,,,,,,,,,,,,,
59.0,,26058.0,32404.0,6346.0,29389.0,29439.0,29423.75,0.023986835032701492,0.000659591082658153,0.01,0.0003176311030983925,0.0,0.0,0.0,0.05856164172291756,0.12404215446517519,88.43683576583862,90.810546875,347.6444091796875,2e-05,59.0,0.0,-0.8262500762939453,1.0,-1.0,-0.8262500762939453,1.0,-1.0,-0.0016349188517779112,1.4999973773956299,-1.499993920326233,-0.0016349188517779112,1.4999973773956299,-1.499993920326233,282.88751220703125,1098.0,111.0,0.0,282.88751220703125,1098.0,111.0,0.0,0.0,1188.300048828125,1929.0,1095.0,0.0,3.395100065972656e-05,6.762506008148193,10.965036392211914,2.5528156757354736,0.25,22.274224392996985,0.9441195410036016,2.3517996320006205,1.5870144560030894,0.0018739890001597814,12.465582583994546,39.62715637099609,2.7455003873910755e-05,0.013484128093828025,0.10591429189000846,1.592241811597588e-05,0.9842350931464356,117695.0,39.62715637099609,742.5147977949746,,,,,,,,,,,,,,
60.0,,25628.0,36502.0,10874.0,31037.0,31439.0,31201.5,0.020652437582612038,0.0009685930676641873,0.01,-0.0004295548051595686,0.0,0.0,0.0,0.055735278874635696,0.13055257263801906,88.43683576583862,90.810546875,366.5415344238281,2e-05,60.0,0.0,-0.8350000381469727,-0.20000000298023224,-1.0,-0.8350000381469727,-0.20000000298023224,-1.0,-0.0005205690395087004,1.499993920326233,-1.499993920326233,-0.0005205690395087004,1.499993920326233,-1.499993920326233,348.17498779296875,2000.0,108.0,0.012500000186264515,348.17498779296875,2000.0,108.0,0.012500000186264515,0.0,1211.9000244140625,1867.0,1100.0,0.0,3.747099981410429e-05,10.616839408874512,19.26511573791504,2.4128336906433105,0.25,30.1912173669989,0.9742083230012213,2.378506199005642,1.6484188490067027,0.0018783729974529706,12.603512481997313,47.8005376000001,2.905500150518492e-05,0.013207849374282508,0.10098482830951487,1.5050342110579384e-05,1.083909577331762,124806.0,47.8005376000001,652.7437047067842,,,,,,,,,,,,,,
61.0,,26316.0,31150.0,4834.0,27468.0,27774.0,27621.25,0.0339789092540741,0.0007166173937730492,0.01,-0.0009886844083666802,0.0,0.0,0.0,0.17585325241088867,0.11677734815765747,88.43683576583862,90.810546875,346.96466064453125,2e-05,61.0,0.0,-0.8843749761581421,0.75,-1.0,-0.8843749761581421,0.75,-1.0,0.001191296731121838,1.499997615814209,-1.499993920326233,0.001191296731121838,1.499997615814209,-1.499993920326233,199.3625030517578,538.0,111.0,0.0,199.3625030517578,538.0,111.0,0.0,0.0,1181.699951171875,2261.0,1103.0,0.0,3.545499930623919e-05,3.8954668045043945,5.512486934661865,3.196462631225586,0.25,16.32633167500171,1.1297343080004794,2.322664043000259,1.4511421119968873,0.0018861150019802153,12.380138175998582,33.614383902000554,2.758300252025947e-05,0.013134290736270872,0.11205266032491815,1.707123140679925e-05,1.0236586416077316,110485.0,33.614383902000554,821.7092444867367,,,,,,,,,,,,,,
62.0,,26116.0,27886.0,1770.0,27111.0,27117.0,27112.5,0.031641945242881775,0.0007743688073242082,0.01,0.0003458539675921208,0.0,0.0,0.0,0.10051542520523071,0.11460072203736746,88.43683576583862,90.810546875,313.8885498046875,2e-05,62.0,0.0,-0.887499988079071,0.75,-1.0,-0.887499988079071,0.75,-1.0,-0.004938837140798569,0.8660245537757874,-1.499993920326233,-0.004938837140798569,0.8660245537757874,-1.499993920326233,214.9250030517578,499.0,112.0,0.0,214.9250030517578,499.0,112.0,0.0,0.0,1140.699951171875,1215.0,1099.0,0.0,3.478200233075768e-05,3.8090343475341797,5.155823230743408,2.7217273712158203,0.25,15.846372240004712,0.9212723850068869,2.3828890700024203,1.4448635629960336,0.0018869790001190268,12.350177321997762,32.950777419995575,2.6494999474380165e-05,0.013322854430576613,0.11387899789762805,1.739952973830361e-05,0.9216222077471625,108450.0,32.950777419995575,822.8182192614149,,,,,,,,,,,,,,
63.0,,26230.0,31744.0,5514.0,28934.0,28935.0,28934.75,0.025610899552702904,0.0007067798663047142,0.01,0.0,0.0,0.0,0.0,0.0023612489458173513,0.12175817831625654,88.43683576583862,90.810546875,335.4471740722656,2e-05,63.0,0.0,-0.8100000619888306,-0.20000000298023224,-1.0,-0.8100000619888306,-0.20000000298023224,-1.0,0.0,0.0,0.0,0.0,0.0,0.0,223.1374969482422,519.0,106.0,0.0,223.1374969482422,519.0,106.0,0.0,0.0,1223.5999755859375,1934.0,1099.0,0.0,3.5615004890132695e-05,3.9889845848083496,5.394463062286377,3.314357280731201,0.25,16.20905209799821,0.8273234270018293,2.347042601002613,1.5520444590001716,0.0019315850004204549,12.459657245002745,33.399793950004096,2.8031005058437586e-05,0.013409865810143267,0.1076530576988115,1.6689145408379672e-05,0.9080192761188847,115739.0,33.399793950004096,866.3152246780987,,,,,,,,,,,,,,
64.0,,26717.0,30360.0,3643.0,28499.0,29478.0,28774.25,0.03012428805232048,0.0011049838598046337,0.01,0.0005059419665485619,0.0,0.0,0.0,0.12695570290088654,0.12135523228047636,88.43683576583862,90.810546875,345.10009765625,2e-05,64.0,0.0,-0.7300000190734863,0.75,-1.0,-0.7300000190734863,0.75,-1.0,-0.0051123914308846,1.4999982118606567,-1.1239017248153687,-0.0051123914308846,1.4999982118606567,-1.1239017248153687,255.7624969482422,2000.0,121.0,0.012500000186264515,255.7624969482422,2000.0,121.0,0.012500000186264515,0.0,1182.949951171875,1864.0,1093.0,0.0,3.625499812187627e-05,8.261713027954102,19.07540512084961,4.3465495109558105,0.25,30.399331916996744,1.1784314770047786,2.374844320998818,1.6615817650017561,0.0019275529994047247,12.437922860997787,48.05660019499919,2.8830996598117054e-05,0.014436360330866626,0.10806470073935713,1.674720452665773e-05,1.4857207329552193,115097.0,48.05660019499919,598.7575043436858,,,,,,,,,,,,,,
65.0,,25074.0,30105.0,5031.0,27291.0,27382.0,27314.25,0.025847092270851135,0.0007666583484387958,0.01,-0.0009454941377043726,0.0,0.0,0.0,0.034558091312646866,0.10045459253224476,88.43683576583862,90.810546875,325.73394775390625,2e-05,65.0,0.0,-0.8031250238418579,0.75,-1.0,-0.8031250238418579,0.75,-1.0,0.015125242061913013,0.49999943375587463,-1.4999982118606567,0.015125242061913013,0.49999943375587463,-1.4999982118606567,223.96249389648438,960.0,110.0,0.0,223.96249389648438,960.0,110.0,0.0,0.0,1141.75,1270.0,1093.0,0.0,3.196699981344864e-05,5.044323921203613,9.491981506347656,2.2418129444122314,0.25,20.741128112000297,1.0294079130035243,2.339792471997498,1.4939795839964063,0.0019120350043522194,14.20879048200004,39.817797226998664,2.838300133589655e-05,0.013673994197135253,0.13004924610780125,1.7500343267270923e-05,1.1576228225707594,109257.0,39.817797226998664,685.9809407407256,,,,,,,,,,,,,,
66.0,,24779.0,31826.0,7047.0,28925.0,28926.0,28925.5,0.02294166386127472,0.0006664082316638087,0.01,-1.3860687613486897e-05,0.0,0.0,0.0,0.053246937692165375,0.1191502251027255,88.43683576583862,90.810546875,344.7613525390625,2e-05,66.0,0.0,-0.893750011920929,0.75,-1.0,-0.893750011920929,0.75,-1.0,0.006422854494303465,0.8660245537757874,-1.499993920326233,0.006422854494303465,0.8660245537757874,-1.499993920326233,259.7250061035156,967.0,96.0,0.0,259.7250061035156,967.0,96.0,0.0,0.0,1186.550048828125,1901.0,1099.0,0.0,3.5903001844417304e-05,6.627815246582031,9.465472221374512,1.7988457679748535,0.25,20.222225722005533,0.9795506980008213,3.152300309004204,1.577534543001093,0.001868996005214285,12.738178557003266,38.67427531800058,2.8190996090415865e-05,0.013634462178709901,0.11009471363505614,1.6153532395414815e-05,0.9732517914142619,115702.0,38.67427531800058,747.9261023550943,,,,,,,,,,,,,,
67.0,,27848.0,32029.0,4181.0,29735.0,29736.0,29735.25,0.020617607980966568,0.0006877423439436826,0.01,-0.0007871224358677861,0.0,0.0,0.0,0.01720397360622883,0.1254988146106265,88.43683576583862,90.810546875,352.21392822265625,2e-05,67.0,0.0,-0.8531249761581421,0.75,-1.0,-0.8531249761581421,0.75,-1.0,7.779424777254462e-05,1.499993920326233,-1.4999982118606567,7.779424777254462e-05,1.499993920326233,-1.4999982118606567,321.36248779296875,952.0,96.0,0.0,321.36248779296875,952.0,96.0,0.0,0.0,1165.4000244140625,1286.0,1093.0,0.0,3.7214995245449245e-05,7.361481189727783,9.599529266357422,4.975291728973389,0.25,20.972002998998505,1.020251924994227,2.371413954999298,1.6270996790044592,0.001876643997093197,12.451154062000569,38.44658922200324,2.7166999643668532e-05,0.013679889012236816,0.10468344861738652,1.5777940298914562e-05,0.8157455754404491,118941.0,38.44658922200324,773.4171119393425,,,,,,,,,,,,,,
68.0,,26247.0,30228.0,3981.0,27556.0,27684.0,27612.25,0.03369338810443878,0.000992907465042663,0.01,0.00020019419491291052,0.0,0.0,0.0,0.044082384556531906,0.11722682367161924,88.43683576583862,90.810546875,322.48333740234375,2e-05,68.0,0.0,-0.862500011920929,0.75,-1.0,-0.862500011920929,0.75,-1.0,-0.007174020167440176,0.8660245537757874,-1.499993920326233,-0.007174020167440176,0.8660245537757874,-1.499993920326233,240.66250610351562,962.0,107.0,0.0,240.66250610351562,962.0,107.0,0.0,0.0,1139.949951171875,1265.0,1099.0,0.0,3.507100336719304e-05,5.144952297210693,9.512301445007324,3.013047933578491,0.25,20.42485453500558,0.8796572270002798,2.2878406400050153,1.476172252005199,0.0019026600057259202,12.313428824003495,37.386356665003404,2.803099778247997e-05,0.013365193455850202,0.11148519972116991,1.722659332113392e-05,1.0608660746380085,110449.0,37.386356665003404,738.564879360049,,,,,,,,,,,,,,
69.0,,27452.0,31917.0,4465.0,28914.0,29688.0,29115.0,0.022917544469237328,0.001290546422387706,0.01,0.00013094905763864488,0.0,0.0,0.0,0.037587039172649384,0.12333649521273986,88.43683576583862,90.810546875,340.3035583496094,2e-05,69.0,0.0,-0.800000011920929,0.75,-1.0,-0.800000011920929,0.75,-1.0,-0.006081592291593552,1.423269271850586,-1.4999982118606567,-0.006081592291593552,1.423269271850586,-1.4999982118606567,287.0,2000.0,116.0,0.012500000186264515,287.0,2000.0,116.0,0.012500000186264515,0.0,1168.75,1286.0,1104.0,0.0,3.599900082917884e-05,8.903451919555664,19.27910041809082,4.666884422302246,0.25,30.4031174299962,1.0208990769970114,2.3260598400011077,1.6022813690069597,0.0018819239994627424,12.390180973001407,47.7471979969996,2.8126996767241508e-05,0.013758211995594708,0.10639001350679553,1.615940236529918e-05,1.3241775884144686,116460.0,47.7471979969996,609.7740018551364,,,,,,,,,,,,,,
70.0,-0.5489848744669917,25311.0,28626.0,3315.0,26687.0,26688.0,26687.25,0.028755761682987213,0.0009679694610531441,0.01,-0.0002946089953184126,0.0,0.0,0.0,0.028675436973571777,0.11333343923481728,88.43683576583862,90.810546875,310.20050048828125,2e-05,70.0,0.0,-0.8999999761581421,0.75,-1.0,-0.8999999761581421,0.75,-1.0,-0.001069912570528686,0.8429262638092041,-1.1239017248153687,-0.001069912570528686,0.8429262638092041,-1.1239017248153687,196.96249389648438,403.0,95.0,0.0,196.96249389648438,403.0,95.0,0.0,0.0,1137.4000244140625,1195.0,1095.0,0.0,3.4814998798538e-05,3.2387938499450684,4.289522647857666,2.5022785663604736,0.25,15.113793172997248,1.017913667994435,2.347939913001028,1.407257903003483,0.002574381993326824,12.286246932002541,32.1783274240006,3.103900235146284e-05,0.013182867314948927,0.11509472624570292,2.4116216482841284e-05,0.9591796136953258,106749.0,32.1783274240006,829.3547905195031,395.42110553300154,,,,,,,,,,,,,
71.0,,27038.0,32137.0,5099.0,28879.0,29877.0,29128.75,0.0227980837225914,0.0008618307173310314,0.01,0.00022211618721485125,0.0,0.0,0.0,0.04442005231976509,0.12227378378767102,88.43683576583862,90.810546875,336.9889221191406,2e-05,71.0,0.0,-0.574999988079071,1.0,-1.0,-0.574999988079071,1.0,-1.0,0.001935305423103273,0.8660241961479187,-1.4999982118606567,0.001935305423103273,0.8660241961479187,-1.4999982118606567,267.2875061035156,2000.0,126.0,0.012500000186264515,267.2875061035156,2000.0,126.0,0.012500000186264515,0.0,1189.1500244140625,1771.0,1103.0,0.0,3.283100522821769e-05,7.6092634201049805,19.185705184936523,3.52654767036438,0.25,30.377479732997017,1.7111447310016956,2.4511727900026017,1.552740127001016,0.0019280039996374398,12.501715717997286,48.59877420599514,2.8606998967006803e-05,0.013326525571823507,0.10729704946141944,1.6547260006329143e-05,1.4206369421034006,116515.0,48.59877420599514,599.3721133074727,,,,,,,,,,,,,,
72.0,,25993.0,33653.0,7660.0,29188.0,29189.0,29188.75,0.024983113631606102,0.0010282835922748746,0.01,-0.0013648379314690833,0.0,0.0,0.0,0.038019292056560516,0.12309967212977989,88.43683576583862,90.810546875,345.4479064941406,2e-05,72.0,0.0,-0.8656250238418579,0.75,-1.0,-0.8656250238418579,0.75,-1.0,-0.00574699928984046,1.499993920326233,-0.6809840798377991,-0.00574699928984046,1.499993920326233,-0.6809840798377991,299.5874938964844,1112.0,96.0,0.0,299.5874938964844,1112.0,96.0,0.0,0.0,1159.8499755859375,1286.0,1095.0,0.0,3.7311001506168395e-05,7.859338760375977,11.218114852905273,2.2494847774505615,0.25,21.744086765000247,1.0120624530027271,2.34969997999724,1.6676989900006447,0.0018416700040688738,12.447654818002775,39.2256699379941,2.8510999982245266e-05,0.014283747933712858,0.10661346253267762,1.5773799872115746e-05,0.9072510854508385,116755.0,39.2256699379941,744.1236834486208,,,,,,,,,,,,,,
73.0,,26597.0,40682.0,14085.0,31573.0,31660.0,31595.5,0.021744901314377785,0.0007998351203241328,0.01,0.0,0.0,0.0,0.0,0.002580686705186963,0.13279335083996818,89.94270181655884,92.35546875,368.2891845703125,2e-05,73.0,0.0,-0.7924999594688416,0.75,-1.0,-0.7924999594688416,0.75,-1.0,0.0,0.0,0.0,0.0,0.0,0.0,377.42498779296875,2000.0,95.0,0.03750000149011612,377.42498779296875,2000.0,95.0,0.03750000149011612,0.0,1202.3499755859375,2024.0,1101.0,0.0,3.7502002669498324e-05,9.261454582214355,20.208999633789062,2.860992908477783,0.25,31.47317311599909,0.9316038230026606,2.3774298950011143,1.7501868039980764,0.001909924998471979,12.584977821999928,49.12182242400013,2.7775000489782542e-05,0.013848386668972451,0.09957887849535478,1.5112318197781163e-05,1.0423651426110847,126382.0,49.12182242400013,643.2069992696962,,,,,,,,,,,,,,
74.0,,25260.0,33536.0,8276.0,30199.0,30201.0,30200.0,0.02593040093779564,0.0010096683884944471,0.01,0.00042874813079833983,0.0,0.0,0.0,0.059542711824178696,0.1277177769548561,89.94270181655884,92.35546875,340.7255859375,2e-05,74.0,0.0,-0.6449999809265137,1.0,-1.0,-0.6449999809265137,1.0,-1.0,-7.904563244665042e-05,0.8660229444503784,-0.8660229444503784,-7.904563244665042e-05,0.8660229444503784,-0.8660229444503784,273.8999938964844,1113.0,123.0,0.0,273.8999938964844,1113.0,123.0,0.0,0.0,1236.0999755859375,1852.0,1102.0,0.0,3.750299947569147e-05,6.240062236785889,10.969582557678223,2.400867462158203,0.25,22.076568919001147,0.8592390569974668,2.333684509001614,1.6320716960035497,0.0019149469953845255,12.42658604299504,39.332690494993585,2.662299812072888e-05,0.013510527284797597,0.10286908975989272,1.5852210226693092e-05,1.0075104471979348,120800.0,39.332690494993585,767.8091587414792,,,,,,,,,,,,,,
75.0,,26043.0,33878.0,7835.0,29911.0,30454.0,30047.25,0.025732532143592834,0.000796578754670918,0.01,7.84670934081081e-06,0.0,0.0,0.0,0.015862397849559784,0.12675553432567302,89.94270181655884,92.35546875,366.563232421875,2e-05,75.0,0.0,-0.8399999737739563,0.75,-1.0,-0.8399999737739563,0.75,-1.0,1.3348969707394076e-09,1.4999949932098389,-0.4999983012676239,1.3348969707394076e-09,1.4999949932098389,-0.4999983012676239,299.1625061035156,2000.0,108.0,0.012500000186264515,299.1625061035156,2000.0,108.0,0.012500000186264515,0.0,1203.199951171875,1995.0,1103.0,0.0,3.6062003346160054e-05,9.652382850646973,19.13563346862793,3.4400269985198975,0.25,30.365236264995474,0.9627584429981653,2.354596834993572,1.667927761998726,0.0018656039974302985,12.476539497001795,47.83142979999684,2.780700015136972e-05,0.013877540889754687,0.1038076654020068,1.5522252431006983e-05,1.2687601330796587,120189.0,47.83142979999684,628.1905041442434,,,,,,,,,,,,,,
76.0,,26519.0,28734.0,2215.0,27582.0,27583.0,27582.75,0.03491266816854477,0.0014867330184642924,0.01,-2.5440081954002104e-05,0.0,0.0,0.0,0.07312680035829544,0.11590090076230938,89.94270181655884,92.35546875,328.0836181640625,2e-05,76.0,0.0,-0.784375011920929,0.75,-1.0,-0.784375011920929,0.75,-1.0,0.0041999174281954765,1.499997615814209,-1.4999948740005493,0.0041999174281954765,1.499997615814209,-1.4999948740005493,210.4875030517578,586.0,115.0,0.0,210.4875030517578,586.0,115.0,0.0,0.0,1168.6500244140625,1640.0,1097.0,0.0,3.4207005228381604e-05,4.286823749542236,5.978677749633789,2.626389980316162,0.25,17.20117146099801,1.008528321995982,2.341962995000358,1.5016771540031186,0.0019319069979246706,12.443431040999712,34.50128458999825,2.8927002858836204e-05,0.013610654793332053,0.11278272689452386,1.7510101403274426e-05,1.0215078960150847,110331.0,34.50128458999825,799.4702321314755,,,,,,,,,,,,,,
77.0,,26957.0,31979.0,5022.0,29695.0,29696.0,29695.75,0.0221681147813797,0.0011409947285210367,0.01,0.00012498391792178167,0.0,0.0,0.0,0.05190566927194595,0.12635902740493926,89.94270181655884,92.35546875,342.00360107421875,2e-05,77.0,0.0,-0.8687499761581421,0.75,-1.0,-0.8687499761581421,0.75,-1.0,-0.0016499548219144344,0.8660241961479187,-0.8660241961479187,-0.0016499548219144344,0.8660241961479187,-0.8660241961479187,321.48748779296875,1531.0,120.0,0.0,321.48748779296875,1531.0,120.0,0.0,0.0,1163.300048828125,1286.0,1104.0,0.0,3.414299862924963e-05,10.342403411865234,14.85463809967041,3.9727954864501953,0.25,25.706801833002828,1.0779288140038261,2.3772458550010924,1.6990868080029031,0.001890563995402772,12.355894113999966,43.221453088001,2.7904003218282014e-05,0.014304124394929436,0.10402072783142341,1.5916115903814285e-05,0.9995257137914705,118783.0,43.221453088001,687.0604266714031,,,,,,,,,,,,,,
78.0,,25750.0,31470.0,5720.0,28221.0,28341.0,28251.0,0.03612573444843292,0.0014467494945711223,0.01,0.001061347424983978,0.0,0.0,0.0,0.06743194162845612,0.11952496847518589,89.94270181655884,92.35546875,335.5970764160156,2e-05,78.0,0.0,-0.6766071915626526,1.0,-1.0,-0.6766071915626526,1.0,-1.0,-0.012078060768544674,1.4999300241470337,-1.4999982118606567,-0.012078060768544674,1.4999300241470337,-1.4999982118606567,232.85000610351562,919.0,108.0,0.0,232.85000610351562,919.0,108.0,0.0,0.0,1179.699951171875,1997.0,1103.0,0.0,3.292699693702161e-05,5.328961372375488,8.990839004516602,2.4476633071899414,0.25,20.147677961998852,1.1095644070010167,2.366083045002597,1.5476101320018643,0.001911523002490867,12.383786330996372,37.55926170000021,2.7902999136131257e-05,0.013695180099835972,0.10958715028668341,1.6915533985441815e-05,1.0815803071719374,113004.0,37.55926170000021,752.1713346138496,,,,,,,,,,,,,,
79.0,,26626.0,28966.0,2340.0,27540.0,27541.0,27540.25,0.041239842772483826,0.0014494044268940343,0.01,0.0012704384699463848,0.0,0.0,0.0,0.04584771394729614,0.11700256079749616,89.94270181655884,92.35546875,320.83123779296875,2e-05,79.0,0.0,-0.737500011920929,0.75,-1.0,-0.737500011920929,0.75,-1.0,-0.013483542948961258,1.4999982118606567,-1.4999982118606567,-0.013483542948961258,1.4999982118606567,-1.4999982118606567,236.8625030517578,506.0,95.0,0.0,236.8625030517578,506.0,95.0,0.0,0.0,1140.1500244140625,1258.0,1103.0,0.0,3.4687000152189285e-05,4.454045295715332,5.27675199508667,4.065162181854248,0.25,16.507873420996475,1.1180314559969702,2.30211686900293,1.4823386870048125,0.0019110110006295145,12.300225245999172,33.71518914800254,2.8479000320658088e-05,0.013456111391552478,0.11165680454969701,1.7347436938930423e-05,0.8711738572482176,110161.0,33.71518914800254,816.8499331000083,,,,,,,,,,,,,,
80.0,,25484.0,28759.0,3275.0,27078.0,27173.0,27102.0,0.03944758325815201,0.0007747761117934716,0.01,0.0,0.0,0.0,0.0,0.0024180361069738865,0.11159216717740578,89.94270181655884,92.35546875,329.2788391113281,2e-05,80.0,0.0,-0.7274999618530273,0.75,-1.0,-0.7274999618530273,0.75,-1.0,0.0,0.0,0.0,0.0,0.0,0.0,156.60000610351562,358.0,108.0,0.0,156.60000610351562,358.0,108.0,0.0,0.0,1198.5,2000.0,1095.0,0.0,3.38220052071847e-05,2.6221399307250977,3.7137093544006348,2.0466182231903076,0.25,14.710356174997287,0.9128733559991815,2.9916684060008265,1.4524213920012699,0.0018946269992738962,12.69727072599926,32.769102680002106,2.9119000828359276e-05,0.013397732565874012,0.1171248498819207,1.747681904724648e-05,1.1741982898305625,108408.0,32.769102680002106,827.0595708603107,,,,,,,,,,,,,,
81.0,,26533.0,36862.0,10329.0,30806.0,30807.0,30806.75,0.024442343041300774,0.00118480034978802,0.01,-0.000391102880239487,0.0,0.0,0.0,0.08490384370088577,0.130372983628286,89.94270181655884,92.35546875,349.85205078125,2e-05,81.0,0.0,-0.8662500381469727,0.75,-1.0,-0.8662500381469727,0.75,-1.0,-0.00018632902356330305,0.8660245537757874,-0.8660245537757874,-0.00018632902356330305,0.8660245537757874,-0.8660245537757874,290.48748779296875,1037.0,115.0,0.0,290.48748779296875,1037.0,115.0,0.0,0.0,1249.8499755859375,2247.0,1095.0,0.0,3.785499575315043e-05,6.764655113220215,10.428072929382324,3.9216630458831787,0.25,21.37169842399453,1.01649181600078,2.3957514479989186,1.7001938549947226,0.0019224019997636788,12.448752532000071,38.93744475899439,2.9599999834317714e-05,0.013797251048834449,0.10102292948785632,1.56004933964446e-05,0.9196479376907152,123227.0,38.93744475899439,791.1857131529868,,,,,,,,,,,,,,
82.0,,25917.0,29785.0,3868.0,28084.0,28085.0,28084.25,0.035810016095638275,0.001142822845704359,0.01,-0.0005395490862429141,0.0,0.0,0.0,0.08639528602361679,0.11955085315792902,89.94270181655884,92.35546875,329.10699462890625,2e-05,82.0,0.0,-0.5618749856948853,0.75,-1.0,-0.5618749856948853,0.75,-1.0,0.017246467992663383,1.499993920326233,-1.4999982118606567,0.017246467992663383,1.499993920326233,-1.4999982118606567,205.8125,549.0,110.0,0.0,205.8125,549.0,110.0,0.0,0.0,1198.4000244140625,1914.0,1103.0,0.0,3.548600216163322e-05,3.7737135887145996,5.747891426086426,2.544665813446045,0.25,16.900274661995354,1.0727537970014964,2.2970781629992416,1.5167575870000292,0.0019218270026613027,12.29660205500113,34.08800128800067,2.8222995752003044e-05,0.013501852346066115,0.10946172725817079,1.7107693837838848e-05,1.0264363596717494,112337.0,34.08800128800067,823.8749395343971,,,,,,,,,,,,,,
83.0,,25578.0,28295.0,2717.0,26889.0,26890.0,26889.25,0.03409196063876152,0.0011059951677452773,0.01,0.0007650699466466903,0.0,0.0,0.0,0.034186605364084244,0.11377533111661603,89.94270181655884,92.35546875,321.7649841308594,2e-05,83.0,0.0,-0.90625,-0.5,-1.0,-0.90625,-0.5,-1.0,0.00036467512836679816,0.49999797344207764,-1.499993920326233,0.00036467512836679816,0.49999797344207764,-1.499993920326233,205.66250610351562,733.0,118.0,0.0,205.66250610351562,733.0,118.0,0.0,0.0,1138.800048828125,1277.0,1097.0,0.0,3.4399003197904676e-05,4.428138732910156,7.177167892456055,2.6183314323425293,0.25,18.222606044000713,0.9642194909974933,2.3261892040027305,1.4792480609976337,0.001965217998076696,12.340549968001142,35.3373985740036,2.9438997444231063e-05,0.013753154708644102,0.114734977435231,1.8271409560295432e-05,1.107555220567721,107557.0,35.3373985740036,760.9289615275023,,,,,,,,,,,,,,
84.0,-0.5464371037995739,26866.0,34784.0,7918.0,30034.0,30515.0,30154.75,0.02838555909693241,0.0014291901799151675,0.01,0.0007877191435545685,0.0,0.0,0.0,0.027446750551462173,0.1278997716662484,89.94270181655884,92.35546875,344.1086730957031,2e-05,84.0,0.0,-0.9106249809265137,0.75,-1.0,-0.9106249809265137,0.75,-1.0,-0.0031230857130140066,1.4999982118606567,-0.49999943375587463,-0.0031230857130140066,1.4999982118606567,-0.49999943375587463,306.1875,2000.0,104.0,0.012500000186264515,306.1875,2000.0,104.0,0.012500000186264515,0.0,1201.550048828125,2046.0,1103.0,0.0,3.622299846028909e-05,10.694770812988281,19.171958923339844,4.463623523712158,0.25,30.03369651099638,0.9827260679958272,2.4536294620047556,1.7325946179989842,0.0019003549969056621,12.412877841001318,47.62003894899681,3.139099862892181e-05,0.014364193186802944,0.10290980559448609,1.5755021985803746e-05,1.2261153913450247,120619.0,47.62003894899681,633.2365673261437,398.19343861700327,,,,,,,,,,,,,
85.0,,25927.0,29202.0,3275.0,27741.0,27741.0,27741.0,0.0342797227203846,0.0011296481389581458,0.01,-0.0002157186716794969,0.0,0.0,0.0,0.044544022530317307,0.11522296144651696,89.94270181655884,92.35546875,335.13128662109375,2e-05,85.0,0.0,-0.840624988079071,0.75,-1.0,-0.840624988079071,0.75,-1.0,0.002674743765965104,1.4999982118606567,-0.49999943375587463,0.002674743765965104,1.4999982118606567,-0.49999943375587463,245.35000610351562,942.0,120.0,0.0,245.35000610351562,942.0,120.0,0.0,0.0,1141.699951171875,1282.0,1095.0,0.0,3.673400351544842e-05,6.369869232177734,9.27282428741455,2.5563700199127197,0.25,19.59419445000094,1.7971247769964975,2.39406087599491,1.5057485069992254,0.0019266610033810139,12.594814351003151,37.890598560996295,3.0367002182174474e-05,0.013569702849565853,0.11350360793593554,1.7362937559758244e-05,0.998277687487311,110964.0,37.890598560996295,732.1341191098508,,,,,,,,,,,,,,
86.0,,26427.0,28179.0,1752.0,27359.0,27360.0,27359.5,0.03295043483376503,0.0014120964735047893,0.01,-3.734938800334948e-05,0.0,0.0,0.0,0.022848406806588173,0.10312129411977987,89.94270181655884,92.35546875,323.18511962890625,2e-05,86.0,0.0,-0.793749988079071,0.75,-1.0,-0.793749988079071,0.75,-1.0,-0.002997815376147628,0.8660245537757874,-0.8660245537757874,-0.002997815376147628,0.8660245537757874,-0.8660245537757874,220.27499389648438,481.0,96.0,0.0,220.27499389648438,481.0,96.0,0.0,0.0,1147.699951171875,1279.0,1103.0,0.0,3.475099947536364e-05,4.191128253936768,4.9440507888793945,3.0063812732696533,0.25,16.961992110998835,1.1333577900004457,2.4133390320057515,1.462706033998984,0.002041312000073958,13.860612298994965,35.83669979299884,2.7934998797718436e-05,0.013365613717346661,0.1266526462380066,1.865268005696338e-05,0.9625463688002971,109438.0,35.83669979299884,763.4492059267418,,,,,,,,,,,,,,
87.0,,25201.0,27829.0,2628.0,26752.0,26753.0,26752.5,0.03845939412713051,0.0013068141500116326,0.01,0.0010668253526091576,0.0,0.0,0.0,0.04231809824705124,0.11045698315127603,89.94270181655884,92.35546875,317.80059814453125,2e-05,87.0,0.0,-0.762499988079071,0.75,-1.0,-0.762499988079071,0.75,-1.0,-0.00840706005692482,1.499993920326233,-0.8660245537757874,-0.00840706005692482,1.499993920326233,-0.8660245537757874,199.4250030517578,585.0,97.0,0.0,199.4250030517578,585.0,97.0,0.0,0.0,1138.199951171875,1265.0,1095.0,0.0,3.670200385386124e-05,3.9403560161590576,5.896763324737549,2.408201217651367,0.25,17.0028476679945,0.9948765309964074,2.356497369000863,1.445593454001937,0.0019298589977552183,12.640209111996228,34.444476090000535,2.78389998129569e-05,0.013508956676964182,0.11812175602276635,1.8034379943511993e-05,1.0657419874636143,107010.0,34.444476090000535,776.6847702980865,,,,,,,,,,,,,,
88.0,,25613.0,31780.0,6167.0,28693.0,28694.0,28693.5,0.022610288113355637,0.0009341006106842542,0.01,0.0,0.0,0.0,0.0,0.0014540603151544929,0.11927233076766225,89.94270181655884,92.35546875,341.5732421875,2e-05,88.0,0.0,-0.862500011920929,0.75,-1.0,-0.862500011920929,0.75,-1.0,0.0,0.0,0.0,0.0,0.0,0.0,275.375,1102.0,96.0,0.0,275.375,1102.0,96.0,0.0,0.0,1159.300048828125,1281.0,1097.0,0.0,3.363100404385477e-05,6.913748741149902,10.792914390563965,3.4146642684936523,0.25,21.84699289400305,1.0969871029956266,2.5257818550016964,1.5729970850006794,0.001958465996722225,12.61469924999983,39.6620783929975,2.7520000003278255e-05,0.013705169158526142,0.1099090320978604,1.7063672928731464e-05,0.9916928231503882,114774.0,39.6620783929975,723.4492281439783,,,,,,,,,,,,,,
89.0,,26432.0,30524.0,4092.0,27876.0,27877.0,27876.75,0.027293991297483444,0.0015282114909336997,0.01,-0.0006789132207632063,0.0,0.0,0.0,0.046224310994148254,0.11588475103434895,89.94270181655884,92.35546875,328.1324462890625,2e-05,89.0,0.0,-0.7268750071525574,0.75,-1.0,-0.7268750071525574,0.75,-1.0,0.002844444941729307,1.4999982118606567,-0.8660245537757874,0.002844444941729307,1.4999982118606567,-0.8660245537757874,212.3874969482422,449.0,95.0,0.0,212.3874969482422,449.0,95.0,0.0,0.0,1181.449951171875,1885.0,1100.0,0.0,3.51350026903674e-05,4.129958629608154,4.57981014251709,3.6305320262908936,0.25,15.640416310001456,6.408418529994378,2.3750601499996264,1.4957137710007373,0.00195891300245421,12.583493190002628,38.50770631699561,2.7870999474544078e-05,0.01341363117114385,0.11284935645298168,1.7567623579274934e-05,0.9205118186099379,111507.0,38.50770631699561,723.926524486254,,,,,,,,,,,,,,
90.0,,27109.0,31857.0,4748.0,28426.0,28427.0,28426.5,0.02831360697746277,0.0016727666629594753,0.01,0.0005635977536439893,0.0,0.0,0.0,0.035566214472055435,0.11731265402337625,89.94270181655884,92.35546875,333.0895690917969,2e-05,90.0,0.0,-0.9312499761581421,-0.5,-1.0,-0.9312499761581421,-0.5,-1.0,0.0011712359264492989,0.49999797344207764,-1.499993920326233,0.0011712359264492989,0.49999797344207764,-1.499993920326233,261.4750061035156,943.0,116.0,0.0,261.4750061035156,943.0,116.0,0.0,0.0,1159.8499755859375,1281.0,1101.0,0.0,3.414299862924963e-05,5.7734785079956055,9.489158630371094,3.88051700592041,0.25,20.77606142199511,0.9623677320050774,2.3512264110031538,1.50332643299771,0.0019973119997303,12.6893920529983,38.286961486999644,2.7166999643668532e-05,0.01322117067698899,0.1115982626510325,1.7565581409338997e-05,0.9932145244284879,113706.0,38.286961486999644,742.4590224965287,,,,,,,,,,,,,,
91.0,,27007.0,31896.0,4889.0,30002.0,30578.0,30390.25,0.022385703399777412,0.0016741594294353492,0.01,5.5222511291504185e-05,0.0,0.0,0.0,0.02930690534412861,0.12425214289945678,89.94270181655884,92.35546875,368.23931884765625,2e-05,91.0,0.0,-0.734375,1.0,-1.0,-0.734375,1.0,-1.0,-2.057369601971004e-05,0.49999943375587463,-1.4999982118606567,-2.057369601971004e-05,0.49999943375587463,-1.4999982118606567,303.76251220703125,2000.0,108.0,0.02500000037252903,303.76251220703125,2000.0,108.0,0.02500000037252903,0.0,1215.75,2107.0,1095.0,0.0,3.839800046989694e-05,8.613346099853516,19.065383911132812,3.789785623550415,0.25,30.086925479998172,0.981495209998684,2.370792210000218,1.7088196609984152,0.0019052499992540106,12.889671190001536,48.04224869099562,2.6175002858508378e-05,0.014057301774404745,0.10603459324949233,1.5673201102771534e-05,1.2380941311056406,121561.0,48.04224869099562,632.5734291803858,,,,,,,,,,,,,,
92.0,,27670.0,33089.0,5419.0,29517.0,29987.0,29869.0,0.026142368093132973,0.0017431094151106664,0.01,-0.0001773448288440704,0.0,0.0,0.0,0.02986982651054859,0.11250500264064468,89.94270181655884,92.35546875,372.8155212402344,2e-05,92.0,0.0,-0.8687499761581421,0.75,-1.0,-0.8687499761581421,0.75,-1.0,0.0018317743670195341,0.49999797344207764,-1.499993920326233,0.0018317743670195341,0.49999797344207764,-1.499993920326233,327.54998779296875,2000.0,104.0,0.03750000149011612,327.54998779296875,2000.0,104.0,0.03750000149011612,0.0,1165.9000244140625,1282.0,1101.0,0.0,3.471899981377646e-05,9.845129013061523,19.362274169921875,4.386886119842529,0.25,30.35310455099534,1.0194514890026767,3.0730502830047044,1.638618231001601,0.0019303700028103776,13.982501352998952,50.07122330000129,2.9151000489946455e-05,0.013715040937105369,0.11703188383440148,1.6156968787123588e-05,1.1583385952906176,119476.0,50.07122330000129,596.5302629224805,,,,,,,,,,,,,,
93.0,,27239.0,30315.0,3076.0,28725.0,28797.0,28743.75,0.022128727287054062,0.001373082619320485,0.01,0.0,0.0,0.0,0.0,0.0014616177650168538,0.11961079253791178,89.94270181655884,92.35546875,334.2898864746094,2e-05,93.0,0.0,-0.8125,0.75,-1.0,-0.8125,0.75,-1.0,0.0,0.0,0.0,0.0,0.0,0.0,274.98748779296875,998.0,113.0,0.0,274.98748779296875,998.0,113.0,0.0,0.0,1162.199951171875,1282.0,1093.0,0.0,4.319899744587019e-05,6.40593147277832,9.890355110168457,3.6193737983703613,0.25,21.34139753800264,1.1275693560019135,2.4369274569980917,1.544245511002373,0.00182535000203643,12.59865691899904,39.05329283000174,2.726299862843007e-05,0.013431141648205027,0.10957735959120714,1.5876060030758252e-05,0.9701076202555861,114975.0,39.05329283000174,736.0134809917569,,,,,,,,,,,,,,
94.0,,26660.0,29301.0,2641.0,27663.0,28038.0,27944.0,0.029186056926846504,0.001845732522706385,0.01,0.0001768679916858678,0.0,0.0,0.0,0.07186146825551987,0.10851381664990556,89.94270181655884,92.35546875,337.7662353515625,2e-05,94.0,0.0,-0.784375011920929,0.75,-1.0,-0.784375011920929,0.75,-1.0,0.011520699597895145,1.4999982118606567,-0.8660245537757874,0.011520699597895145,1.4999982118606567,-0.8660245537757874,247.5,1220.0,115.0,0.0,247.5,1220.0,115.0,0.0,0.0,1149.699951171875,1277.0,1093.0,0.0,3.622299846028909e-05,6.324444770812988,11.810467720031738,3.830777406692505,0.25,23.070275885002047,1.1683239310004865,3.1141633259976516,1.534829970994906,0.0019453139975667,13.482235131996276,42.374301960000594,2.7166999643668532e-05,0.013731301630000232,0.1206183360649538,1.7403682342960027e-05,1.1651654487374772,111776.0,42.374301960000594,659.4562908995613,,,,,,,,,,,,,,
95.0,,26629.0,33483.0,6854.0,29733.0,30334.0,29883.5,0.02538180537521839,0.001074454125482589,0.01,0.0,0.0,0.0,0.0,0.0017642227467149496,0.12240856846401457,89.94270181655884,92.35546875,354.8345947265625,2e-05,95.0,0.0,-0.875,-0.5,-1.0,-0.875,-0.5,-1.0,0.0,0.0,0.0,0.0,0.0,0.0,325.625,2000.0,119.0,0.012500000186264515,325.625,2000.0,119.0,0.012500000186264515,0.0,1168.550048828125,1280.0,1105.0,0.0,3.478299913695082e-05,9.882701873779297,19.141054153442383,2.9385645389556885,0.25,30.612225119999493,1.0040227770005004,2.3997706530062715,1.6790421770056128,0.0018713319950620644,12.836328017998312,48.53587314699689,2.806299744406715e-05,0.014046565638275409,0.10738641740423906,1.5655227759985146e-05,1.1751334019193664,119534.0,48.53587314699689,615.6992356868521,,,,,,,,,,,,,,
96.0,,26160.0,30541.0,4381.0,27355.0,27355.0,27355.0,0.041067127138376236,0.0011188658513128758,0.01,0.0,0.0,0.0,0.0,0.0017366416286677122,0.11298624607744971,89.94270181655884,92.35546875,332.4969787597656,2e-05,96.0,0.0,-0.6625000238418579,1.0,-1.0,-0.6625000238418579,1.0,-1.0,0.0,0.0,0.0,0.0,0.0,0.0,199.4499969482422,496.0,114.0,0.0,199.4499969482422,496.0,114.0,0.0,0.0,1168.300048828125,1938.0,1100.0,0.0,3.567899693734944e-05,3.983227014541626,5.072604179382324,3.531892776489258,0.25,16.44245255300484,0.8990683680021903,2.4167424379993463,1.485771501000272,0.0020113600039621815,12.655450935999397,33.90400520499679,2.8798996936529875e-05,0.013578609952479182,0.1156593944068671,1.8382014293202172e-05,1.0304871241542266,109420.0,33.90400520499679,806.8368275252743,,,,,,,,,,,,,,
97.0,,26398.0,33683.0,7285.0,29217.0,29218.0,29217.5,0.03147537633776665,0.001395891917672998,0.01,0.0,0.0,0.0,0.0,0.007944593206048012,0.121062494916101,89.94270181655884,92.35546875,344.348876953125,2e-05,97.0,0.0,-0.6924999952316284,1.0,-1.0,-0.6924999952316284,1.0,-1.0,0.0,0.0,0.0,0.0,0.0,0.0,195.97500610351562,428.0,117.0,0.0,195.97500610351562,428.0,117.0,0.0,0.0,1264.9000244140625,2144.0,1097.0,0.0,3.596700116759166e-05,4.145040035247803,4.397157192230225,3.7283055782318115,0.25,15.620500513003208,0.8855146219939343,2.4497520769946277,1.5628732420009328,0.0019469780017971061,12.666228834001231,33.18939263100037,2.9022994567640126e-05,0.013372749567903934,0.1083787869769935,1.6659348008874015e-05,0.996332473083506,116870.0,33.18939263100037,880.3264441998119,,,,,,,,,,,,,,
98.0,-0.5461186323860648,25424.0,32261.0,6837.0,29549.0,29922.0,29642.5,0.02372337505221367,0.0012613512640427872,0.01,-0.00026785653084516537,0.0,0.0,0.0,0.04609929397702217,0.12179970990285034,89.94270181655884,92.35546875,359.0757141113281,2e-05,98.0,0.0,-0.753125011920929,0.75,-1.0,-0.753125011920929,0.75,-1.0,-0.008767997846007347,1.4999982118606567,-1.4999982118606567,-0.008767997846007347,1.4999982118606567,-1.4999982118606567,279.42498779296875,2000.0,122.0,0.012500000186264515,279.42498779296875,2000.0,122.0,0.012500000186264515,0.0,1202.699951171875,2228.0,1095.0,0.0,3.183900116709992e-05,9.554031372070312,19.233154296875,3.28525447845459,0.25,30.294065186004445,1.0356744119999348,2.447238943001139,1.7148797810004908,0.0018916519984486513,12.800020756003505,48.29636917600146,2.803099778247997e-05,0.014463015779712329,0.10795328292151055,1.5953883768648488e-05,1.355196617428847,118570.0,48.29636917600146,613.7624940702458,401.8393536450021,,,,,,,,,,,,,
99.0,,25411.0,29727.0,4316.0,27474.0,27475.0,27474.5,0.03191503509879112,0.0012179859684692928,0.01,2.7543455362320086e-05,0.0,0.0,0.0,0.025437720119953156,0.11092387479647035,89.94270181655884,92.35546875,330.361328125,2e-05,99.0,0.0,-0.828125,1.0,-1.0,-0.828125,1.0,-1.0,0.0020617193076759577,1.4999982118606567,-0.49999943375587463,0.0020617193076759577,1.4999982118606567,-0.49999943375587463,200.0749969482422,496.0,98.0,0.0,200.0749969482422,496.0,98.0,0.0,0.0,1173.6500244140625,1893.0,1101.0,0.0,3.4814001992344856e-05,3.669421672821045,5.17665958404541,2.5893123149871826,0.25,15.389714286000526,1.7828265799980727,2.4158773649978684,1.462287809998088,0.00196733000484528,12.950031252999906,34.006779758994526,2.873500488931313e-05,0.013305863709968226,0.11783682371835617,1.7901417722299588e-05,0.9614965816569115,109898.0,34.006779758994526,807.9124278955937,,,,,,,,,,,,,,
100.0,,27205.0,30386.0,3181.0,29175.0,30013.0,29385.0,0.024617385119199753,0.0017097866362746571,0.01,0.0,0.0,0.0,0.0,0.0042642876505851746,0.12155848068147793,89.94270181655884,92.35546875,340.25762939453125,2e-05,100.0,0.0,-0.6675000190734863,1.0,-1.0,-0.6675000190734863,1.0,-1.0,0.0,0.0,0.0,0.0,0.0,0.0,240.0,2000.0,107.0,0.012500000186264515,240.0,2000.0,107.0,0.012500000186264515,0.0,1229.25,2003.0,1099.0,0.0,3.219099744455889e-05,7.812144756317139,18.934070587158203,3.757046937942505,0.25,30.119113202003064,1.126404882998031,2.4149085320023005,1.6090579089941457,0.0019374750045244582,12.707037562999176,47.98097013900406,2.892699558287859e-05,0.013689449625609543,0.10810819774544135,1.6483537557635342e-05,1.5687038126043262,117540.0,47.98097013900406,612.4303013229975,,,,,,,,,,,,,,
101.0,,25805.0,30710.0,4905.0,28940.0,28941.0,28940.5,0.0326971709728241,0.0011055281729204583,0.01,0.0007405131310224529,0.0,0.0,0.0,0.04782233014702797,0.12018429938112574,89.94270181655884,92.35546875,344.0094909667969,2e-05,101.0,0.0,-0.8068750500679016,0.75,-1.0,-0.8068750500679016,0.75,-1.0,0.007687825243920088,1.499993920326233,-1.4999982118606567,0.007687825243920088,1.499993920326233,-1.4999982118606567,243.125,970.0,119.0,0.0,243.125,970.0,119.0,0.0,0.0,1203.9000244140625,2248.0,1097.0,0.0,3.455799742368981e-05,6.247175693511963,9.52665901184082,2.304044008255005,0.25,20.816050125999027,1.1524509119990398,2.3665497609981685,1.594239115001983,0.002506737000658177,12.651516796002397,38.586204746003204,3.599900082917884e-05,0.01377169636842818,0.10928903090826349,2.1654230236676776e-05,1.0702339396400529,115762.0,38.586204746003204,750.0219363501326,,,,,,,,,,,,,,
102.0,,26433.0,29337.0,2904.0,27968.0,27970.0,27969.25,0.030664412304759026,0.0014808042475488038,0.01,0.0,0.0,0.0,0.0,0.002015808830037713,0.11435942654408235,89.94270181655884,92.35546875,327.9273986816406,2e-05,102.0,0.0,-0.637499988079071,1.0,-1.0,-0.637499988079071,1.0,-1.0,0.0,0.0,0.0,0.0,0.0,0.0,197.46249389648438,460.0,96.0,0.0,197.46249389648438,460.0,96.0,0.0,0.0,1201.0,1775.0,1095.0,0.0,6.937399302842095e-05,3.9570183753967285,4.7377848625183105,3.2072601318359375,0.25,16.09581320599682,0.9892754320026143,2.3853751810020185,1.498077675998502,0.0019024360008188523,12.796299011002702,33.769352492003236,2.8830996598117054e-05,0.01339039906324358,0.11437828160392845,1.700471053763376e-05,1.0189158198390087,111877.0,33.769352492003236,828.2435977007042,,,,,,,,,,,,,,
103.0,,26249.0,31368.0,5119.0,28740.0,28957.0,28836.25,0.024502761662006378,0.001222601668268908,0.01,0.0008535907045006755,0.0,0.0,0.0,0.019479550421237946,0.11112685350602416,89.94270181655884,92.35546875,346.6785583496094,2e-05,103.0,0.0,-0.8500000238418579,0.75,-1.0,-0.8500000238418579,0.75,-1.0,-0.056538160890340805,0.8660224080085754,-0.8660224080085754,-0.056538160890340805,0.8660224080085754,-0.8660224080085754,285.86248779296875,1596.0,96.0,0.0,285.86248779296875,1596.0,96.0,0.0,0.0,1155.949951171875,1282.0,1095.0,0.0,3.427100455155596e-05,8.838656425476074,15.28127670288086,3.552006721496582,0.25,26.549704070996086,1.1402437439974165,3.086674858001061,1.5708838339996873,0.0019044200016651303,13.608348921996367,45.960282649000874,2.7647001843433827e-05,0.013619002418827755,0.11797953029603682,1.6510642001518316e-05,1.1609473116881406,115345.0,45.960282649000874,627.4167245711416,,,,,,,,,,,,,,
104.0,,27543.0,30142.0,2599.0,29029.0,29030.0,29029.75,0.02223925106227398,0.0013096213256358169,0.01,0.0004959087073802954,0.0,0.0,0.0,0.033551301807165146,0.11911402456426118,89.94270181655884,92.35546875,339.4765930175781,2e-05,104.0,0.0,-0.6018750071525574,0.75,-1.0,-0.6018750071525574,0.75,-1.0,-0.0027939663268625736,1.4999982118606567,-0.49999943375587463,-0.0027939663268625736,1.4999982118606567,-0.49999943375587463,259.48748779296875,1007.0,114.0,0.0,259.48748779296875,1007.0,114.0,0.0,0.0,1192.0,1857.0,1100.0,0.0,3.5742996260523796e-05,5.873618125915527,9.975407600402832,3.7861435413360596,0.25,22.087304112006677,1.1951901759966859,2.3714076799951727,1.5898784329983755,0.0027058970008511096,12.789954850995855,40.03923654699611,3.8430996937677264e-05,0.013691802659326858,0.11014523765271708,2.330279283193198e-05,1.0639869026449578,116119.0,40.03923654699611,725.0325556514118,,,,,,,,,,,,,,
105.0,,26139.0,30783.0,4644.0,28173.0,28211.0,28183.5,0.030054228380322456,0.00158033718704246,0.01,-0.0001583771407604219,0.0,0.0,0.0,0.03121282532811165,0.11661975302542639,89.94270181655884,92.35546875,335.514404296875,2e-05,105.0,0.0,-0.778124988079071,0.75,-1.0,-0.778124988079071,0.75,-1.0,-0.00997227057814598,0.49999943375587463,-1.4999982118606567,-0.00997227057814598,0.49999943375587463,-1.4999982118606567,252.5749969482422,1172.0,124.0,0.0,252.5749969482422,1172.0,124.0,0.0,0.0,1156.5999755859375,1282.0,1097.0,0.0,7.193399505922571e-05,5.904964447021484,11.4910306930542,3.0369746685028076,0.25,22.787534289003816,1.1676857139973436,2.895761630999914,1.5385857119981665,0.001861347998783458,12.653293684998062,41.04728488899855,2.841500099748373e-05,0.01364792974611179,0.11224026189967588,1.651097272148117e-05,1.1277607784323378,112734.0,41.04728488899855,686.6105779277428,,,,,,,,,,,,,,
106.0,,26269.0,33354.0,7085.0,29682.0,29683.0,29682.75,0.030805787071585655,0.001649699650281509,0.01,0.00045455958694219574,0.0,0.0,0.0,0.05674152076244354,0.12264700533479293,89.94270181655884,92.35546875,339.3815002441406,2e-05,106.0,0.0,-0.5237499475479126,1.0,-1.0,-0.5237499475479126,1.0,-1.0,0.007096168585121632,0.8660245537757874,-1.4999982118606567,0.007096168585121632,0.8660245537757874,-1.4999982118606567,256.63751220703125,911.0,107.0,0.0,256.63751220703125,911.0,107.0,0.0,0.0,1227.5,1866.0,1095.0,0.0,3.871899389196187e-05,5.593267440795898,9.124958038330078,3.9784276485443115,0.25,21.198023516997637,0.9132663959971978,2.3584878140027286,1.6061944979956024,0.0019881279949913733,12.705832277002628,38.78637891499966,2.790300641208887e-05,0.013528012886235292,0.10701360450937521,1.674480965368247e-05,1.032488603428846,118731.0,38.78637891499966,765.2879910509238,,,,,,,,,,,,,,
107.0,,27511.0,30825.0,3314.0,28945.0,29451.0,29071.5,0.024454670026898384,0.0017171114432858307,0.01,-0.0009228551387786867,0.0,0.0,0.0,0.04589158296585083,0.1201102592386874,89.94270181655884,92.35546875,358.5353088378906,2e-05,107.0,0.0,-0.8812500238418579,0.75,-1.0,-0.8812500238418579,0.75,-1.0,-0.02545876055955887,1.4999982118606567,-1.4999982118606567,-0.02545876055955887,1.4999982118606567,-1.4999982118606567,295.57501220703125,2000.0,113.0,0.012500000186264515,295.57501220703125,2000.0,113.0,0.012500000186264515,0.0,1158.0,1282.0,1100.0,0.0,3.372700302861631e-05,10.674986839294434,19.19913673400879,3.8613874912261963,0.25,30.554101815003378,1.0974162820057245,2.39551907099667,1.620633493999776,0.0018390769982943311,12.71195477299625,48.384018158998515,2.8446993383113295e-05,0.013936617425999484,0.10931629579653829,1.5815119604202837e-05,1.2921467400407416,116286.0,48.384018158998515,600.8492288603618,,,,,,,,,,,,,,
108.0,,25445.0,30083.0,4638.0,27673.0,27675.0,27674.0,0.0377335250377655,0.0013863226552166452,0.01,-0.00041373766958713526,0.0,0.0,0.0,0.04437839984893799,0.11482428880279458,89.94270181655884,92.35546875,334.59320068359375,2e-05,108.0,0.0,-0.762499988079071,1.0,-1.0,-0.762499988079071,1.0,-1.0,0.0006057670107111335,1.4999982118606567,-1.4999982118606567,0.0006057670107111335,1.4999982118606567,-1.4999982118606567,206.35000610351562,496.0,117.0,0.0,206.35000610351562,496.0,117.0,0.0,0.0,1177.3499755859375,2027.0,1095.0,0.0,3.487899812171236e-05,3.779703378677368,5.1352338790893555,2.4961133003234863,0.25,16.62817520799581,1.1008350209958735,2.389993040000263,1.496999210001377,0.001921826995385345,12.607456716999877,34.22793588499917,2.758300252025947e-05,0.013523516748585106,0.11389261325612378,1.7361304793175408e-05,1.0072798163312218,110696.0,34.22793588499917,808.5208553907712,,,,,,,,,,,,,,
109.0,,26049.0,32054.0,6005.0,28910.0,29604.0,29084.25,0.02745991200208664,0.0015260685330213165,0.01,0.0006074821203947067,0.0,0.0,0.0,0.011988029815256596,0.11945854958294612,89.94270181655884,92.35546875,348.052734375,2e-05,109.0,0.0,-0.581250011920929,1.0,-1.0,-0.581250011920929,1.0,-1.0,-0.00021501193987205625,1.499993920326233,-0.49999797344207764,-0.00021501193987205625,1.499993920326233,-0.49999797344207764,261.61248779296875,2000.0,108.0,0.012500000186264515,261.61248779296875,2000.0,108.0,0.012500000186264515,0.0,1192.5999755859375,1897.0,1093.0,0.0,3.427099727559835e-05,8.036941528320312,19.217615127563477,2.770263433456421,0.25,30.43263314700016,1.088606498997251,2.3453434340044623,1.6041105410040473,0.0018998430023202673,12.78150427100627,48.25674635400355,2.8190996090415865e-05,0.01378848123128538,0.10986620138912186,1.633051395790047e-05,1.4540892133881294,116337.0,48.25674635400355,602.6981136822347,,,,,,,,,,,,,,
110.0,,27393.0,30679.0,3286.0,28955.0,28956.0,28955.5,0.028504062443971634,0.001452449430798879,0.01,-2.0536500960588457e-05,0.0,0.0,0.0,0.035642463713884354,0.11945673674363254,89.94270181655884,92.35546875,341.1905517578125,2e-05,110.0,0.0,-0.8649999499320984,1.0,-1.0,-0.8649999499320984,1.0,-1.0,0.0003821446734946221,0.9428079128265381,-1.4142118692398071,0.0003821446734946221,0.9428079128265381,-1.4142118692398071,254.4250030517578,1003.0,113.0,0.0,254.4250030517578,1003.0,113.0,0.0,0.0,1193.3499755859375,2071.0,1097.0,0.0,3.782199928537011e-05,5.660902976989746,9.768310546875,2.9636495113372803,0.25,20.684002195004723,1.1636990760016488,2.338026516001264,1.596551223003189,0.001913347005029209,12.71831841400126,38.505123424001795,2.9662995075341314e-05,0.013784524727626781,0.1098091762704949,1.651971995846393e-05,1.0162131372214172,115822.0,38.505123424001795,751.9908371972876,,,,,,,,,,,,,,
111.0,,27222.0,30884.0,3662.0,28862.0,28863.0,28862.75,0.02898736111819744,0.0015862708791246406,0.01,0.0,0.0,0.0,0.0,0.0019030665280297399,0.11950156670413838,89.94270181655884,92.35546875,338.0749816894531,2e-05,111.0,0.0,-0.7250000238418579,0.75,-1.0,-0.7250000238418579,0.75,-1.0,0.0,0.0,0.0,0.0,0.0,0.0,277.73748779296875,975.0,97.0,0.0,277.73748779296875,975.0,97.0,0.0,0.0,1165.4000244140625,1265.0,1103.0,0.0,3.27989982906729e-05,6.625063896179199,9.673267364501953,3.624117136001587,0.25,21.05477863399574,1.053103434998775,2.3748137279981165,1.5789297680021264,0.001899171002150979,12.664365126998746,38.730620495996845,2.863899862859398e-05,0.013676189621589474,0.10969472007170787,1.6450017775081886e-05,0.9476024408837364,115451.0,38.730620495996845,745.2178568371561,,,,,,,,,,,,,,
112.0,-0.547710989002779,25872.0,34408.0,8536.0,29834.0,30404.0,30115.75,0.02046670950949192,0.001132471335004084,0.01,-0.00041259184479713434,0.0,0.0,0.0,0.016257697716355324,0.12274315163321803,89.94270181655884,92.35546875,362.78973388671875,2e-05,112.0,0.0,-0.793749988079071,0.75,-1.0,-0.793749988079071,0.75,-1.0,0.0057492791675031185,0.8660245537757874,-0.8660245537757874,0.0057492791675031185,0.8660245537757874,-0.8660245537757874,342.6875,2000.0,110.0,0.02500000037252903,342.6875,2000.0,110.0,0.02500000037252903,0.0,1163.0999755859375,1281.0,1103.0,0.0,3.471899981377646e-05,9.160792350769043,19.257413864135742,3.120265007019043,0.25,30.182413287999225,1.0254255439940607,2.478398767001636,1.6080815249952138,0.0019319700004416518,12.922884359999443,48.221685836993856,4.0799000998958945e-05,0.013349173812666244,0.10727679337223416,1.6037870553129607e-05,1.100945222980092,120463.0,48.221685836993856,624.5271080277399,396.3046855480061,,,,,,,,,,,,,
113.0,,25462.0,31585.0,6123.0,28866.0,29422.0,29005.0,0.03283574804663658,0.0010701852789497938,0.01,0.0,0.0,0.0,0.0,0.0016747735207900405,0.11934294776223199,89.94270181655884,92.35546875,353.02728271484375,2e-05,113.0,0.0,-0.925000011920929,-0.5,-1.0,-0.925000011920929,-0.5,-1.0,0.0,0.0,0.0,0.0,0.0,0.0,295.95001220703125,2000.0,113.0,0.012500000186264515,295.95001220703125,2000.0,113.0,0.012500000186264515,0.0,1154.300048828125,1282.0,1105.0,0.0,5.951800267212093e-05,8.85478401184082,19.29853630065918,2.2485694885253906,0.25,29.860695928000496,1.5721797609949135,2.3708058199990774,1.5772039599978598,0.0019346289991517551,12.759076000998903,48.14447861300141,2.902300184359774e-05,0.013594242027218236,0.10997307361660837,1.667496120627267e-05,1.26122216286537,116020.0,48.14447861300141,602.4574538058702,,,,,,,,,,,,,,
114.0,,27588.0,30654.0,3066.0,29616.0,29977.0,29706.5,0.019883893430233,0.0016253311512991787,0.01,-0.0006068458408117295,0.0,0.0,0.0,0.020579593256115913,0.12231246710280412,89.94270181655884,92.35546875,350.9085693359375,2e-05,114.0,0.0,-0.7406250238418579,0.75,-1.0,-0.7406250238418579,0.75,-1.0,0.008111721836030483,1.4999982118606567,-0.49999943375587463,0.008111721836030483,1.4999982118606567,-0.49999943375587463,307.42498779296875,2000.0,96.0,0.012500000186264515,307.42498779296875,2000.0,96.0,0.012500000186264515,0.0,1177.9000244140625,1278.0,1101.0,0.0,3.38870013365522e-05,10.890867233276367,18.949373245239258,5.064117908477783,0.25,29.974694520999037,0.97472515499976,2.432794966000074,1.6232130290009081,0.0018635890010045841,12.766008041005989,47.77594936300011,2.8830996598117054e-05,0.013660419680885565,0.10743446754923998,1.5683343721109726e-05,1.2187807807188353,118826.0,47.77594936300011,621.7877487748277,,,,,,,,,,,,,,
115.0,,26592.0,31813.0,5221.0,28233.0,28277.0,28255.0,0.04464774578809738,0.0011323750279825617,0.01,-0.00030408024787902804,0.0,0.0,0.0,0.02195839025080204,0.11647738629006567,89.94270181655884,92.35546875,349.2108154296875,2e-05,115.0,0.0,-0.653124988079071,1.0,-1.0,-0.653124988079071,1.0,-1.0,0.007471668533980846,1.4999982118606567,-0.49999943375587463,0.007471668533980846,1.4999982118606567,-0.49999943375587463,207.4499969482422,608.0,108.0,0.0,207.4499969482422,608.0,108.0,0.0,0.0,1205.300048828125,2027.0,1095.0,0.0,3.44949949067086e-05,5.260661602020264,6.094005107879639,4.1308770179748535,0.25,17.309364726999775,1.0462932390000788,2.427365761999681,1.550273629000003,0.0019472029962344095,12.71199508599966,35.04985732199566,2.82869950751774e-05,0.013716807901256442,0.11247562454432543,1.7228835570999908e-05,1.042984136358145,113020.0,35.04985732199566,806.1373756939226,,,,,,,,,,,,,,
116.0,,27241.0,37153.0,9912.0,30046.0,30047.0,30046.5,0.024320026859641075,0.0013514676932754812,0.01,-0.0005025908979587257,0.0,0.0,0.0,0.020348353311419487,0.12283099495331115,89.94270181655884,92.35546875,350.0691833496094,2e-05,116.0,0.0,-0.6612499952316284,1.0,-1.0,-0.6612499952316284,1.0,-1.0,0.00019698480900842696,0.8660245537757874,-0.8660245537757874,0.00019698480900842696,0.8660245537757874,-0.8660245537757874,274.7749938964844,1001.0,124.0,0.0,274.7749938964844,1001.0,124.0,0.0,0.0,1227.550048828125,1855.0,1095.0,0.0,3.452700184425339e-05,5.946810722351074,10.082350730895996,3.92460036277771,0.25,20.953961882994918,1.0840693870050018,2.3973847320012283,1.6232864269986749,0.0018373820057604462,12.856970799999544,38.920223038003314,2.8126996767241508e-05,0.013506451891224226,0.10697561113606863,1.528782059275162e-05,0.9532327305520388,120186.0,38.920223038003314,772.0022562733352,,,,,,,,,,,,,,
117.0,,26137.0,29164.0,3027.0,27093.0,27303.0,27170.75,0.033306755125522614,0.0010538513981737199,0.01,0.0,0.0,0.0,0.0,0.0030297792982310057,0.1129731545532062,89.94270181655884,92.35546875,329.2164306640625,2e-05,117.0,0.0,-0.875,-0.5,-1.0,-0.875,-0.5,-1.0,0.0,0.0,0.0,0.0,0.0,0.0,217.1374969482422,949.0,116.0,0.0,217.1374969482422,949.0,116.0,0.0,0.0,1141.4000244140625,1265.0,1101.0,0.0,3.5871002182830125e-05,4.992690086364746,9.275752067565918,2.9653913974761963,0.25,21.27992266700312,0.9652395820012316,2.394949640998675,1.4780775830004131,0.0018887089972849935,12.564971344996593,38.68761677399743,2.8254995413590223e-05,0.013599896791590342,0.11561119351689403,1.737814559116875e-05,1.2250257709402521,108683.0,38.68761677399743,702.3112888737539,,,,,,,,,,,,,,
118.0,,26325.0,32565.0,6240.0,29903.0,30094.0,29951.25,0.0224244836717844,0.0018139304747455756,0.01,-0.00016268678009510057,0.0,0.0,0.0,0.09012216329574585,0.12389718944116075,89.94270181655884,92.35546875,339.03424072265625,2e-05,118.0,0.0,-0.4581250250339508,1.0,-1.0,-0.4581250250339508,1.0,-1.0,-0.043851956725120544,1.4999982118606567,-1.499993920326233,-0.043851956725120544,1.4999982118606567,-1.499993920326233,259.0625,1173.0,95.0,0.0,259.0625,1173.0,95.0,0.0,0.0,1238.5,1762.0,1097.0,0.0,3.5550998291000724e-05,6.147661209106445,11.466954231262207,3.734837055206299,0.25,22.347405954998976,5.626623616997676,2.430730804997438,1.6064196079969406,0.001903363001474645,12.699186632002238,44.714996902002895,2.780700015136972e-05,0.013408619072634203,0.10599880332208371,1.5887175005005176e-05,1.0782825551266093,119805.0,44.714996902002895,669.8256082996264,,,,,,,,,,,,,,
119.0,,26059.0,31951.0,5892.0,28235.0,28951.0,28663.25,0.02677161805331707,0.0012270071770763024,0.01,-0.00080599058419466,0.0,0.0,0.0,0.04138919338583946,0.11008914627459748,89.94270181655884,92.35546875,360.88897705078125,2e-05,119.0,0.0,-0.846875011920929,0.75,-1.0,-0.846875011920929,0.75,-1.0,0.00560758775100112,1.4999982118606567,-0.49999943375587463,0.00560758775100112,1.4999982118606567,-0.49999943375587463,284.2124938964844,2000.0,117.0,0.02500000037252903,284.2124938964844,2000.0,117.0,0.02500000037252903,0.0,1148.949951171875,1281.0,1097.0,0.0,4.556700150715187e-05,11.72463607788086,19.152990341186523,3.863943576812744,0.25,30.238023208003142,1.061976129996765,2.996060466997733,1.6782993169981637,0.0018753949989331886,13.665160970995203,49.644100648998574,2.6814996090251952e-05,0.014638075907286888,0.11918712088645916,1.6357138486853274e-05,1.329903822316187,114653.0,49.644100648998574,577.3747459473454,,,,,,,,,,,,,,
120.0,,25246.0,27160.0,1914.0,26086.0,26088.0,26087.0,0.030564386397600174,0.001169303973947535,0.01,0.0,0.0,0.0,0.0,0.00248044659383595,0.10892538257470816,89.94270181655884,92.35546875,317.9249267578125,2e-05,120.0,0.0,-0.8374999761581421,0.75,-1.0,-0.8374999761581421,0.75,-1.0,0.0,0.0,0.0,0.0,0.0,0.0,180.85000610351562,377.0,92.0,0.0,180.85000610351562,377.0,92.0,0.0,0.0,1123.5,1201.0,1095.0,0.0,3.5998993553221226e-05,3.1110241413116455,4.002578258514404,2.346808433532715,0.25,15.304257750998659,1.0910063550036284,2.377503333002096,1.4138702409982216,0.0019045469962293282,12.48219343600067,32.67346309500135,2.643199695739895e-05,0.013549567226954246,0.11962082106030467,1.8251878294067237e-05,1.0578005080867197,104348.0,32.67346309500135,798.415519167633,,,,,,,,,,,,,,
121.0,,26244.0,29640.0,3396.0,27559.0,27560.0,27559.25,0.02747359499335289,0.0008090258095762692,0.01,2.0668581128120352e-05,0.0,0.0,0.0,0.06980776786804199,0.11252605555978984,89.94270181655884,92.35546875,329.852783203125,2e-05,121.0,0.0,-0.828125,0.75,-1.0,-0.828125,0.75,-1.0,0.0032871782314032316,1.499993920326233,-1.4999982118606567,0.0032871782314032316,1.499993920326233,-1.4999982118606567,233.8625030517578,878.0,115.0,0.0,233.8625030517578,878.0,115.0,0.0,0.0,1144.0999755859375,1257.0,1093.0,0.0,3.1710995244793594e-05,5.164492607116699,8.760411262512207,3.211909770965576,0.25,19.910775747004664,0.9843718949996401,2.361684668001544,1.5032740480019129,0.0018814120048773475,12.804117756000778,37.56869776399981,2.7550995582714677e-05,0.013636746718451272,0.11615081829150628,1.706697392778602e-05,1.0642351674063106,110237.0,37.56869776399981,733.5694777903279,,,,,,,,,,,,,,
122.0,,27013.0,30935.0,3922.0,28707.0,28708.0,28707.75,0.027961114421486855,0.001951133904294693,0.01,3.233972936868678e-05,0.0,0.0,0.0,0.04795318469405174,0.11886990437866479,89.94270181655884,92.35546875,337.420654296875,2e-05,122.0,0.0,-0.6800000071525574,0.75,-1.0,-0.6800000071525574,0.75,-1.0,-0.0028394171968102455,1.499993920326233,-0.8660245537757874,-0.0028394171968102455,1.499993920326233,-0.8660245537757874,228.4875030517578,821.0,96.0,0.0,228.4875030517578,821.0,96.0,0.0,0.0,1206.9000244140625,2151.0,1099.0,0.0,3.487900539766997e-05,5.122045993804932,8.048815727233887,3.2007265090942383,0.25,18.98314735999884,1.2543562360006035,2.4041240549995564,1.535383032001846,0.0018631729981279932,12.664852790003351,36.84641363200353,2.9152004572097212e-05,0.013370806071547283,0.11029123485821209,1.622534853940132e-05,1.0385222036215789,114831.0,36.84641363200353,779.119245816245,,,,,,,,,,,,,,
123.0,,27940.0,29512.0,1572.0,28905.0,28906.0,28905.75,0.029103215783834457,0.0013718334888108076,0.01,0.00035748180001974087,0.0,0.0,0.0,0.08610323816537857,0.11838232597435489,89.94270181655884,92.35546875,342.46246337890625,2e-05,123.0,0.0,-0.7237499952316284,1.0,-1.0,-0.7237499952316284,1.0,-1.0,-0.003688629250973463,1.499993920326233,-0.49999797344207764,-0.003688629250973463,1.499993920326233,-0.49999797344207764,215.1875,917.0,96.0,0.0,215.1875,917.0,96.0,0.0,0.0,1230.0999755859375,2152.0,1097.0,0.0,3.667100099846721e-05,5.652399063110352,8.876640319824219,2.2706387042999268,0.25,20.55826816499757,1.0528841699997429,2.4220361309999134,1.5922645000027842,0.0018630129998200573,12.813845696000499,38.44369880999875,2.9374998121056706e-05,0.013771174420338378,0.11082436622471739,1.611282357160822e-05,1.1942066898052612,115623.0,38.44369880999875,751.8982536738104,,,,,,,,,,,,,,
124.0,,28176.0,30897.0,2721.0,29389.0,29390.0,29389.25,0.024570390582084656,0.0009156861929659499,0.01,-0.0006292738392949103,0.0,0.0,0.0,0.04256666079163551,0.1222201154900698,89.94270181655884,92.35546875,342.93365478515625,2e-05,124.0,0.0,-0.699999988079071,1.0,-1.0,-0.699999988079071,1.0,-1.0,0.005215320736169815,0.8660245537757874,-1.499993920326233,0.005215320736169815,0.8660245537757874,-1.499993920326233,203.3125,664.0,104.0,0.0,203.3125,664.0,104.0,0.0,0.0,1266.1500244140625,2265.0,1097.0,0.0,3.4046999644488096e-05,4.293731212615967,6.594785690307617,2.398669958114624,0.25,17.797499885004072,0.9523850189943914,2.3460558440056047,1.5815565890006837,0.0019486099990899675,12.633463300997391,35.31545995199849,2.6752000849228352e-05,0.013453529683478514,0.10746670382025222,1.6575873823676747e-05,1.0942207122658514,117557.0,35.31545995199849,832.1921911804768,,,,,,,,,,,,,,
125.0,,25905.0,30202.0,4297.0,28005.0,28222.0,28087.25,0.030373282730579376,0.0018513223738409583,0.01,0.00014308080077171328,0.0,0.0,0.0,0.020530426874756813,0.11593012716999405,89.94270181655884,92.35546875,339.5308837890625,2e-05,125.0,0.0,-0.8812500238418579,0.75,-1.0,-0.8812500238418579,0.75,-1.0,0.001326832571066916,0.8660245537757874,-0.8660245537757874,0.001326832571066916,0.8660245537757874,-0.8660245537757874,244.7624969482422,1206.0,101.0,0.0,244.7624969482422,1206.0,101.0,0.0,0.0,1159.5999755859375,1281.0,1093.0,0.0,3.6126999475527555e-05,6.744260787963867,11.621572494506836,2.937215805053711,0.25,22.63104386899795,1.0200087979974342,2.3589800109984935,1.5589639289974002,0.0019170270024915226,12.683525331995043,40.25698762200045,2.719899930525571e-05,0.013876081932170293,0.11289397619912098,1.7063142551260115e-05,1.1557654802613733,112349.0,40.25698762200045,697.6987514249654,,,,,,,,,,,,,,
126.0,-0.5454816897963263,28726.0,30617.0,1891.0,29416.0,29439.0,29422.0,0.0327288880944252,0.0015313768978376175,0.01,0.00043218687176704417,0.0,0.0,0.0,0.054191239178180695,0.12238825240499471,89.94270181655884,92.35546875,345.3172302246094,2e-05,126.0,0.0,-0.5306249856948853,1.0,-1.0,-0.5306249856948853,1.0,-1.0,-0.010320804081857204,1.4999982118606567,-0.8660241961479187,-0.010320804081857204,1.4999982118606567,-0.8660241961479187,220.0500030517578,647.0,116.0,0.0,220.0500030517578,647.0,116.0,0.0,0.0,1251.050048828125,2127.0,1095.0,0.0,3.459100116742775e-05,5.051596164703369,6.556021213531494,2.808103322982788,0.25,17.38899730599951,7.775000203000673,2.383450200999505,1.6627601090003736,0.001930594997247681,12.626607275000424,41.84137043800001,3.103900235146284e-05,0.014128544193123968,0.10728882532629005,1.6404348763235682e-05,0.9877867135877931,117688.0,41.84137043800001,703.1796447393407,392.0052123880014,,,,,,,,,,,,,
127.0,,26445.0,29152.0,2707.0,28118.0,28132.0,28122.25,0.0295378677546978,0.0021735978221113328,0.01,0.001443854570388794,0.0,0.0,0.0,0.09776447713375092,0.11669235759436221,89.94270181655884,92.35546875,337.6709289550781,2e-05,127.0,0.0,-0.5831249952316284,1.0,-1.0,-0.5831249952316284,1.0,-1.0,-0.011144399642944336,1.4999982118606567,-0.49999943375587463,-0.011144399642944336,1.4999982118606567,-0.49999943375587463,200.21249389648438,682.0,96.0,0.0,200.21249389648438,682.0,96.0,0.0,0.0,1205.9000244140625,1765.0,1099.0,0.0,3.2670999644324183e-05,4.542811393737793,6.829057693481445,3.4982845783233643,0.25,16.842731352000555,1.7375421510005253,2.350757786000031,1.5438440189973335,0.0019203240008209832,12.614448369997262,35.095136967000144,2.7166999643668532e-05,0.013724399887965344,0.11213939469634597,1.7071215859515002e-05,1.0515534339764347,112489.0,35.095136967000144,801.3147242150179,,,,,,,,,,,,,,
128.0,,28372.0,32729.0,4357.0,30154.0,30154.0,30154.0,0.021948520094156265,0.0016110312306545894,0.01,0.0010826046764850618,0.0,0.0,0.0,0.06763443350791931,0.12435074458078312,89.94270181655884,92.35546875,354.9166259765625,2e-05,128.0,0.0,-0.7331249713897705,1.0,-1.0,-0.7331249713897705,1.0,-1.0,-0.009600252844393253,1.4999982118606567,-0.8660224080085754,-0.009600252844393253,1.4999982118606567,-0.8660224080085754,262.20001220703125,914.0,96.0,0.0,262.20001220703125,914.0,96.0,0.0,0.0,1245.5,2026.0,1097.0,0.0,3.782199928537011e-05,6.543207168579102,8.902641296386719,5.42342472076416,0.25,19.755984644005366,1.0857074989980902,2.3708168669982115,1.6427289939965704,0.0019062439969275147,12.754255895000824,37.61422193999897,3.0559000151697546e-05,0.013619494876273217,0.10574265350368793,1.580423821820915e-05,0.9418375593061292,120616.0,37.61422193999897,801.6648609161906,,,,,,,,,,,,,,
129.0,,27353.0,30667.0,3314.0,29021.0,29816.0,29220.0,0.02857464924454689,0.0022337161115865457,0.01,-0.0005251361057162285,0.0,0.0,0.0,0.04243261739611626,0.12051399414199987,89.94270181655884,92.35546875,345.8382568359375,2e-05,129.0,0.0,-0.6318749785423279,0.75,-1.0,-0.6318749785423279,0.75,-1.0,0.0015907170018181205,0.8660224080085754,-1.4999982118606567,0.0015907170018181205,0.8660224080085754,-1.4999982118606567,241.5500030517578,2000.0,108.0,0.012500000186264515,241.5500030517578,2000.0,108.0,0.012500000186264515,0.0,1219.449951171875,1844.0,1095.0,0.0,3.38870013365522e-05,8.875791549682617,19.00267219543457,2.4502875804901123,0.25,30.421415327997238,0.8473657669965178,2.401103680000233,1.600011563001317,0.0019113960006507114,12.730779167999572,48.005282721002004,2.7487003535497934e-05,0.01368935286619881,0.10892179301847683,1.635349076532094e-05,1.5742814804386895,116880.0,48.005282721002004,608.6830103641164,,,,,,,,,,,,,,
130.0,,25556.0,28799.0,3243.0,27305.0,27536.0,27477.75,0.03057177923619747,0.001969199018494692,0.01,-0.001221067011356354,0.0,0.0,0.0,0.055937379598617554,0.11426799445216909,89.94270181655884,92.35546875,335.26959228515625,2e-05,130.0,0.0,-0.7562500238418579,0.75,-1.0,-0.7562500238418579,0.75,-1.0,0.016267715021967888,0.8660245537757874,-0.8660245537757874,0.016267715021967888,0.8660245537757874,-0.8660245537757874,234.2375030517578,999.0,105.0,0.0,234.2375030517578,999.0,105.0,0.0,0.0,1139.6500244140625,1269.0,1105.0,0.0,3.484700573608279e-05,5.352087020874023,9.731263160705566,2.849367380142212,0.25,21.167391081005917,1.0368382779997773,2.3750054280026234,1.4892369950030115,0.001891204999992624,12.573660975001985,38.64664675899985,2.9439004720188677e-05,0.013549480898208656,0.11439856770479738,1.720669450730704e-05,1.1295902172477676,109911.0,38.64664675899985,710.9995899864484,,,,,,,,,,,,,,
131.0,,25509.0,30652.0,5143.0,28260.0,28261.0,28260.75,0.031141089275479317,0.0025817451754119253,0.01,0.0003148629516363144,0.0,0.0,0.0,0.0239108894020319,0.11669728201912144,89.94270181655884,92.35546875,344.3360290527344,2e-05,131.0,0.0,-0.6187499761581421,1.0,-1.0,-0.6187499761581421,1.0,-1.0,0.00041758385486900806,1.499993920326233,-0.49999797344207764,0.00041758385486900806,1.499993920326233,-0.49999797344207764,209.53750610351562,467.0,119.0,0.0,209.53750610351562,467.0,119.0,0.0,0.0,1203.5,2101.0,1095.0,0.0,3.5965997085440904e-05,3.86495041847229,4.9439473152160645,2.1178619861602783,0.25,15.917444729995623,1.077497675003542,2.5433705039977212,1.4932423339996603,0.001877317001344636,12.683264496001357,33.71936660400388,2.889499592129141e-05,0.01320950730252789,0.11219858368940454,1.660710527272486e-05,0.9495582371887862,113043.0,33.71936660400388,838.1162769719489,,,,,,,,,,,,,,
132.0,,24808.0,28552.0,3744.0,27078.0,27079.0,27078.75,0.029971014708280563,0.0019897024251986297,0.01,-0.00022804006934166004,0.0,0.0,0.0,0.0776347890496254,0.11217329524775127,89.94270181655884,92.35546875,326.7696838378906,2e-05,132.0,0.0,-0.7562500238418579,0.75,-1.0,-0.7562500238418579,0.75,-1.0,-0.0017704716883599758,1.499993920326233,-1.499993920326233,-0.0017704716883599758,1.499993920326233,-1.499993920326233,215.33749389648438,735.0,104.0,0.0,215.33749389648438,735.0,104.0,0.0,0.0,1138.5999755859375,1265.0,1099.0,0.0,3.4910997783299536e-05,4.726617813110352,7.33101224899292,2.097628355026245,0.25,18.32128981900314,1.0069110080003156,2.3720570220029913,1.4567325390016777,0.0019467540041659959,12.608768112004327,35.770298740004364,2.780700015136972e-05,0.01344903788950448,0.11640832859718715,1.797307855944233e-05,1.0635217866722668,108315.0,35.770298740004364,757.0177201152638,,,,,,,,,,,,,,
133.0,,28100.0,30340.0,2240.0,29069.0,29070.0,29069.75,0.018778273835778236,0.0019876859987925854,0.01,8.068006485700604e-05,0.0,0.0,0.0,0.02291792817413807,0.12036912841710672,89.94270181655884,92.35546875,348.504150390625,2e-05,133.0,0.0,-0.8362500071525574,0.75,-1.0,-0.8362500071525574,0.75,-1.0,0.011961282230913639,0.8660245537757874,-0.8660245537757874,0.011961282230913639,0.8660245537757874,-0.8660245537757874,231.6875,685.0,102.0,0.0,231.6875,685.0,102.0,0.0,0.0,1221.800048828125,2287.0,1097.0,0.0,3.519900201354176e-05,4.723761558532715,6.851065158843994,2.189605951309204,0.25,17.72296316199936,7.724523965000117,2.3782577609963482,1.616717085998971,0.0019001300024683587,12.67401957900438,42.120905698997376,2.6431000151205808e-05,0.01390377528185632,0.10899663377741793,1.634112782590458e-05,0.9561890025357086,116279.0,42.120905698997376,690.1501645699884,,,,,,,,,,,,,,
134.0,,26228.0,29542.0,3314.0,28083.0,28084.0,28083.25,0.029788915067911148,0.002716851876029978,0.01,-0.0008121948409825563,0.0,0.0,0.0,0.13945293426513672,0.11629301645669157,89.94270181655884,92.35546875,335.0084228515625,2e-05,134.0,0.0,-0.6825000047683716,1.0,-1.0,-0.6825000047683716,1.0,-1.0,-0.0038776472210884094,1.4999982118606567,-1.4999949932098389,-0.0038776472210884094,1.4999982118606567,-1.4999949932098389,211.46249389648438,596.0,108.0,0.0,211.46249389648438,596.0,108.0,0.0,0.0,1192.699951171875,2053.0,1103.0,0.0,3.391899372218177e-05,3.7322773933410645,6.144118785858154,2.3004918098449707,0.25,17.397396125998057,1.14167378199636,2.4304334739936166,1.525061762004043,0.0018814440045389347,12.641188102999877,35.140173521002,2.863899862859398e-05,0.013576257751542671,0.1125331657037547,1.674880938405397e-05,1.0283972410000626,112333.0,35.140173521002,799.1778977191352,,,,,,,,,,,,,,
135.0,,26349.0,31500.0,5151.0,29184.0,29218.0,29192.75,0.028628338128328323,0.002441577342688106,0.01,-0.0006142329378053547,0.0,0.0,0.0,0.06867939978837967,0.11466342234070051,89.94270181655884,92.35546875,345.1772766113281,2e-05,135.0,0.0,-0.5900000333786011,0.75,-1.0,-0.5900000333786011,0.75,-1.0,0.016935987398028374,0.8660224080085754,-1.499993920326233,0.016935987398028374,0.8660224080085754,-1.499993920326233,213.9875030517578,634.0,117.0,0.0,213.9875030517578,634.0,117.0,0.0,0.0,1245.6500244140625,2152.0,1095.0,0.0,3.4493998100515455e-05,4.386918067932129,6.443971157073975,3.392047166824341,0.25,17.361204460001318,1.1693511379999109,3.0239622329972917,1.5838898079964565,0.001860421005403623,13.359520585996506,36.50230312599888,2.8927002858836204e-05,0.013564068201834844,0.11440786313379611,1.5932217805821846e-05,1.0141482831941888,116771.0,36.50230312599888,799.7509061067266,,,,,,,,,,,,,,
136.0,,27739.0,28705.0,966.0,28042.0,28043.0,28042.75,0.024020377546548843,0.003155263420776464,0.01,0.0008892821520566939,0.0,0.0,0.0,0.059681545943021774,0.1164636316805274,89.94270181655884,92.35546875,324.076171875,2e-05,136.0,0.0,-0.746874988079071,0.75,-1.0,-0.746874988079071,0.75,-1.0,-0.002845789771527052,0.8660224080085754,-1.4999982118606567,-0.002845789771527052,0.8660224080085754,-1.4999982118606567,229.28750610351562,671.0,108.0,0.0,229.28750610351562,671.0,108.0,0.0,0.0,1172.8499755859375,1282.0,1105.0,0.0,3.3758995414245874e-05,5.018589973449707,6.649121284484863,3.8096323013305664,0.25,17.575234893003653,1.0873110760003328,2.3925742499995977,1.506256617998588,0.0019209630045224912,12.595212370004447,35.16103527199448,2.6814996090251952e-05,0.013428217792464968,0.11228581692241708,1.712530872081457e-05,0.9581439727963612,112171.0,35.16103527199448,797.5518861452824,,,,,,,,,,,,,,
137.0,,26267.0,31636.0,5369.0,28780.0,28846.0,28796.5,0.028469404205679893,0.0030393920119968242,0.01,-0.0003062992542982104,0.0,0.0,0.0,0.0713871642947197,0.1184429813702707,89.94270181655884,92.35546875,346.28277587890625,2e-05,137.0,0.0,-0.737500011920929,0.75,-1.0,-0.737500011920929,0.75,-1.0,-0.008331497199833393,1.499993920326233,-0.8660245537757874,-0.008331497199833393,1.499993920326233,-0.8660245537757874,225.4250030517578,703.0,121.0,0.0,225.4250030517578,703.0,121.0,0.0,0.0,1214.4000244140625,2403.0,1093.0,0.0,3.494200063869357e-05,4.6545023918151855,7.099687099456787,3.714219093322754,0.25,18.221783075998246,1.0823698569947737,2.3750234519975493,1.542463523997867,0.0018380530018475838,12.755163779998838,35.98121186699427,2.806299744406715e-05,0.013391067699181037,0.11073536523534838,1.5957260446995154e-05,1.0104127246311547,115186.0,35.98121186699427,800.320459089794,,,,,,,,,,,,,,
138.0,,26985.0,28248.0,1263.0,27390.0,27391.0,27390.25,0.032923441380262375,0.003321823506048532,0.01,-0.0009018490463495253,0.0,0.0,0.0,0.039964284747838974,0.11078515765011342,89.94270181655884,92.35546875,321.46820068359375,2e-05,138.0,0.0,-0.815625011920929,0.75,-1.0,-0.815625011920929,0.75,-1.0,-0.00611499696969986,0.49999943375587463,-1.4999982118606567,-0.00611499696969986,0.49999943375587463,-1.4999982118606567,222.8125,436.0,115.0,0.0,222.8125,436.0,115.0,0.0,0.0,1146.699951171875,1281.0,1097.0,0.0,3.4110998967662454e-05,3.779543161392212,4.568962574005127,3.3065712451934814,0.25,15.983731620006438,1.261026200998458,2.3969692210012,1.467244490995654,0.001848612999310717,12.915077828001813,34.02844838800229,2.7743000828195363e-05,0.013392032666693933,0.11788024778891953,1.687291097480597e-05,0.8967030361854944,109561.0,34.02844838800229,804.9220959971017,,,,,,,,,,,,,,
139.0,,26386.0,27965.0,1579.0,27413.0,27413.0,27413.0,0.03715651109814644,0.0038517030543880537,0.01,-0.0001127661392092711,0.0,0.0,0.0,0.059686508029699326,0.1111302628657526,89.94270181655884,92.35546875,325.7700958251953,2e-05,139.0,0.0,-0.653124988079071,0.75,-1.0,-0.653124988079071,0.75,-1.0,0.01643366925418377,0.8660245537757874,-1.4999982118606567,0.01643366925418377,0.8660245537757874,-1.4999982118606567,212.1999969482422,572.0,121.0,0.0,212.1999969482422,572.0,121.0,0.0,0.0,1158.449951171875,1270.0,1101.0,0.0,3.289500455139205e-05,4.350290775299072,5.778604030609131,2.879563093185425,0.25,17.210729913997056,1.162918449001154,2.4004308380026487,1.487936951998563,0.001868675994046498,12.888877334000426,35.15524294699571,2.889499592129141e-05,0.013569628935163636,0.11754347694524885,1.704187788682831e-05,1.0138271627001094,109652.0,35.15524294699571,779.7698921134223,,,,,,,,,,,,,,
140.0,-0.5372014349195987,28490.0,31189.0,2699.0,29728.0,29845.0,29758.25,0.025644000619649887,0.0036816014361102135,0.01,0.0012450446560978885,0.0,0.0,0.0,0.10804831981658936,0.1227026245259091,89.94270181655884,92.35546875,342.76593017578125,2e-05,140.0,0.0,-0.59375,0.75,-1.0,-0.59375,0.75,-1.0,-0.03748214617371559,1.499993920326233,-1.4999982118606567,-0.03748214617371559,1.499993920326233,-1.4999982118606567,298.3125,952.0,116.0,0.0,298.3125,952.0,116.0,0.0,0.0,1189.5999755859375,1285.0,1097.0,0.0,3.571100387489423e-05,6.670864582061768,9.460892677307129,4.048717498779297,0.25,20.377400145000138,1.1347332229997846,2.4371570120056276,1.6053217949956888,0.001948162003827747,12.73108309500094,38.29022226199595,3.014299727510661e-05,0.0134863592028739,0.10695423197769476,1.636657064702853e-05,0.8538613092394778,119033.0,38.29022226199595,777.1762147626874,392.1714092389957,,,,,,,,,,,,,
141.0,,27223.0,30608.0,3385.0,28614.0,28616.0,28615.0,0.03284192830324173,0.0038950256409589204,0.01,0.0006785763800144201,0.0,0.0,0.0,0.12991774082183838,0.11838058372946025,89.94270181655884,92.35546875,336.65704345703125,2e-05,141.0,0.0,-0.453125,1.0,-1.0,-0.453125,1.0,-1.0,-0.0034448239021003246,1.499993920326233,-0.9209389686584473,-0.0034448239021003246,1.499993920326233,-0.9209389686584473,210.4499969482422,541.0,97.0,0.0,210.4499969482422,541.0,97.0,0.0,0.0,1220.300048828125,1765.0,1101.0,0.0,3.5069999285042286e-05,4.59913444519043,5.532530307769775,3.259258508682251,0.25,21.388106320002407,6.384617914001865,2.3484580160002224,1.5079462339999736,0.0018677500047488138,12.662816505995579,44.2964260009976,2.796700573526323e-05,0.013174438528743436,0.11063093225577127,1.6317927701806864e-05,1.270379325255548,114460.0,44.2964260009976,645.9889111450111,,,,,,,,,,,,,,
142.0,,25779.0,32576.0,6797.0,28914.0,28916.0,28914.5,0.025679919868707657,0.003947812319383957,0.01,0.0,0.0,0.0,0.0,0.0033266195096075535,0.11978646515941015,89.94270181655884,92.35546875,340.99755859375,2e-05,142.0,0.0,-0.6675000190734863,0.75,-1.0,-0.6675000190734863,0.75,-1.0,0.0,0.0,0.0,0.0,0.0,0.0,219.875,686.0,124.0,0.0,219.875,686.0,124.0,0.0,0.0,1225.8499755859375,2079.0,1104.0,0.0,3.452700184425339e-05,4.76351261138916,6.868758201599121,3.518235445022583,0.25,17.996561195999675,0.9453635050012963,2.3842313589993864,1.529251166000904,0.0019388840009924024,12.656757721000758,35.516796451003756,2.8927002858836204e-05,0.013222182347964724,0.10943261789933043,1.676394197541374e-05,1.0231132004547854,115658.0,35.516796451003756,814.107771231232,,,,,,,,,,,,,,
143.0,,27130.0,33153.0,6023.0,30296.0,30297.0,30296.5,0.02876361273229122,0.00461715649056714,0.01,-0.0006783676892518998,0.0,0.0,0.0,0.036151036620140076,0.1244715655331855,89.94270181655884,92.35546875,351.4579315185547,2e-05,143.0,0.0,-0.6437499523162842,0.75,-1.0,-0.6437499523162842,0.75,-1.0,0.006265977397561073,0.8660241961479187,-0.8660241961479187,0.006265977397561073,0.8660241961479187,-0.8660241961479187,229.77499389648438,457.0,108.0,0.0,229.77499389648438,457.0,108.0,0.0,0.0,1285.050048828125,2146.0,1095.0,0.0,3.603100049076602e-05,4.283444881439209,4.905604839324951,3.21012544631958,0.25,16.707143425999675,0.9260418320045574,2.370756487005565,1.6302992139972048,0.001956674997927621,12.80738701899827,34.44615164499555,2.671900438144803e-05,0.013452867608446559,0.1056837177479104,1.614604820629133e-05,0.9088860529865996,121186.0,34.44615164499555,879.5322134164027,,,,,,,,,,,,,,
144.0,,28559.0,35769.0,7210.0,31613.0,32286.0,31781.75,0.03257611021399498,0.005444497641874478,0.01,-0.0009074163157492866,0.0,0.0,0.0,0.0663800835609436,0.13174809512154778,89.94270181655884,92.35546875,366.13555908203125,2e-05,144.0,0.0,-0.5337499380111694,1.0,-1.0,-0.5337499380111694,1.0,-1.0,-0.015792492777109146,1.4999982118606567,-1.4999982118606567,-0.015792492777109146,1.4999982118606567,-1.4999982118606567,292.1875,2000.0,108.0,0.012500000186264515,292.1875,2000.0,108.0,0.012500000186264515,0.0,1296.9000244140625,2038.0,1095.0,0.0,3.6511002690531313e-05,9.594897270202637,19.266477584838867,4.4712443351745605,0.25,30.208032832000754,0.888235694001196,2.468755077003152,1.7827671249979176,0.0019054119984502904,12.724453319999157,48.07670454699837,2.8064001526217908e-05,0.014023512904402036,0.10009245337339162,1.4988255826459292e-05,1.2923222601925457,127127.0,48.07670454699837,661.0634048124305,,,,,,,,,,,,,,
145.0,,28293.0,29283.0,990.0,28630.0,28846.0,28685.0,0.03529905155301094,0.00475721579947276,0.01,-0.00024105947464704534,0.0,0.0,0.0,0.05599345266819,0.11807179452853898,89.94270181655884,92.35546875,342.5770263671875,2e-05,145.0,0.0,-0.5687500238418579,1.0,-1.0,-0.5687500238418579,1.0,-1.0,0.02398393675684929,1.499993920326233,-1.499993920326233,0.02398393675684929,1.499993920326233,-1.499993920326233,247.3000030517578,1409.0,124.0,0.0,247.3000030517578,1409.0,124.0,0.0,0.0,1186.949951171875,1932.0,1097.0,0.0,3.385499439900741e-05,6.995850086212158,13.437287330627441,2.975363254547119,0.25,24.54568642799859,0.9162154490040848,2.337108267995063,1.5946536550036399,0.001921218994539231,12.736518148005416,42.134649455001636,2.745499659795314e-05,0.01389797503053547,0.11100329569466111,1.674410837144179e-05,1.2406837054184487,114740.0,42.134649455001636,680.7936074236146,,,,,,,,,,,,,,
146.0,,25591.0,29207.0,3616.0,27285.0,27367.0,27306.25,0.031482044607400894,0.005318015366792679,0.01,-0.0008009473234415053,0.0,0.0,0.0,0.03394511714577675,0.11250491746334526,89.94270181655884,92.35546875,329.4579162597656,2e-05,146.0,0.0,-0.6812499761581421,0.75,-1.0,-0.6812499761581421,0.75,-1.0,0.00625245738774538,1.4999982118606567,-1.4999982118606567,0.00625245738774538,1.4999982118606567,-1.4999982118606567,221.91250610351562,643.0,96.0,0.0,221.91250610351562,643.0,96.0,0.0,0.0,1143.4000244140625,1282.0,1102.0,0.0,3.519900201354176e-05,4.562318801879883,6.534128665924072,3.3620762825012207,0.25,17.663124745995447,1.220202586002415,2.334585241995228,1.4821006849961122,0.0018799730023602024,12.681449292002071,35.38595815299777,2.844700065907091e-05,0.013569244083278666,0.11610390745710296,1.7211929524927466e-05,0.9949374610485803,109225.0,35.38595815299777,771.6690864194308,,,,,,,,,,,,,,
147.0,,26766.0,31821.0,5055.0,29140.0,29249.0,29193.25,0.02406812272965908,0.0057270631985738875,0.01,0.0004943298175930978,0.0,0.0,0.0,0.04951963573694229,0.12015348309972138,89.94270181655884,92.35546875,344.60992431640625,2e-05,147.0,0.0,-0.5362499952316284,0.75,-1.0,-0.5362499952316284,0.75,-1.0,-0.013314657844603062,1.4999982118606567,-1.4999982118606567,-0.013314657844603062,1.4999982118606567,-1.4999982118606567,270.01251220703125,1153.0,117.0,0.0,270.01251220703125,1153.0,117.0,0.0,0.0,1189.6500244140625,1752.0,1105.0,0.0,3.718300285981968e-05,6.857158184051514,11.18808364868164,3.8655803203582764,0.25,22.066816573002143,1.2470149159998982,2.3589817140018567,1.575340387003962,0.0019171530002495274,12.743038969005283,39.995593697000004,2.8255002689547837e-05,0.013490621864677296,0.10912658721626817,1.641777637167434e-05,1.021564583723075,116773.0,39.995593697000004,729.9116552979118,,,,,,,,,,,,,,
148.0,,26917.0,30124.0,3207.0,28041.0,28096.0,28068.25,0.032919395714998245,0.006022738445317374,0.01,0.0018081906810402874,0.0,0.0,0.0,0.06694405525922775,0.10815505266741449,89.94270181655884,92.35546875,329.7982177734375,2e-05,148.0,0.0,-0.606249988079071,0.75,-1.0,-0.606249988079071,0.75,-1.0,-0.012867567129433155,0.8660245537757874,-1.499993920326233,-0.012867567129433155,0.8660245537757874,-1.499993920326233,243.41250610351562,696.0,98.0,0.0,243.41250610351562,696.0,98.0,0.0,0.0,1160.0,1272.0,1102.0,0.0,3.44949949067086e-05,4.698077201843262,7.040884494781494,3.5595085620880127,0.25,18.218197178997798,1.0887510020038462,2.926552625001932,1.5085577959980583,0.0018991699980688281,13.57542769700376,37.32188660400425,2.697500167414546e-05,0.013436514531526354,0.12091444690178191,1.6915643102694575e-05,0.9355619154212396,112273.0,37.32188660400425,752.058712835502,,,,,,,,,,,,,,
149.0,,26777.0,37196.0,10419.0,31893.0,31894.0,31893.25,0.018891889601945877,0.005197518317727372,0.01,0.0013733319193124764,0.0,0.0,0.0,0.11210937052965164,0.13148334347068638,89.94270181655884,92.35546875,370.3155822753906,2e-05,149.0,0.0,-0.4787500500679016,1.0,-1.0,-0.4787500500679016,1.0,-1.0,-0.154005229473114,1.499993920326233,-1.499993920326233,-0.154005229473114,1.499993920326233,-1.499993920326233,315.4624938964844,2000.0,102.0,0.05000000074505806,315.4624938964844,2000.0,102.0,0.05000000074505806,0.0,1279.199951171875,2000.0,1093.0,0.0,3.2638999982737005e-05,11.787928581237793,19.47235107421875,4.132380962371826,0.25,30.603217650997976,0.8950997479987564,2.5010001090049627,1.8306761230051052,0.0018744359986158088,12.825194606004516,48.65973711600236,2.732700522756204e-05,0.014350028007533766,0.10053220200202641,1.4693046323405491e-05,1.2126329457145453,127573.0,48.65973711600236,655.4340793902791,,,,,,,,,,,,,,
150.0,,26760.0,28294.0,1534.0,27591.0,27592.0,27591.75,0.0409100316464901,0.006695447163656354,0.01,0.0011733791232109068,0.0,0.0,0.0,0.04219438135623932,0.11443286524018313,89.94270181655884,92.35546875,324.9844970703125,2e-05,150.0,0.0,-0.6499999761581421,0.75,-1.0,-0.6499999761581421,0.75,-1.0,-0.006798283662647009,1.4999982118606567,-1.4999982118606567,-0.006798283662647009,1.4999982118606567,-1.4999982118606567,234.1875,535.0,103.0,0.0,234.1875,535.0,103.0,0.0,0.0,1145.4000244140625,1281.0,1093.0,0.0,3.337499947519973e-05,4.7486724853515625,5.331260681152344,4.223911285400391,0.25,16.492921240002033,1.1750516339961905,2.348908041996765,1.4735039529987262,0.001904739001474809,12.602444734002347,34.09724680499494,4.3487001676112413e-05,0.013350946868164635,0.11418671100965277,1.7258229375400336e-05,0.8803267275154542,110367.0,34.09724680499494,809.2075632322918,,14.263474211998982,,,,,,,,,,,,
151.0,,25982.0,29604.0,3622.0,28189.0,28191.0,28190.25,0.03051585890352726,0.0066234980733634085,0.01,-0.0003257198631763462,0.0,0.0,0.0,0.06714852154254913,0.11052244451568868,89.94270181655884,92.35546875,338.2311706542969,2e-05,151.0,0.0,-0.3062500059604645,1.0,-1.0,-0.3062500059604645,1.0,-1.0,0.002736692549660802,1.4376330375671387,-1.499997615814209,0.002736692549660802,1.4376330375671387,-1.499997615814209,231.5625,672.0,109.0,0.0,231.5625,672.0,109.0,0.0,0.0,1177.949951171875,1760.0,1097.0,0.0,3.11030016746372e-05,5.21585750579834,6.838606834411621,3.1384012699127197,0.25,17.87415238599351,1.1450634830034687,2.957164867002575,1.5342540369965718,0.0019122910016449168,13.350318866003363,36.86539794499549,2.6687004719860852e-05,0.013606247168760226,0.11839482503705503,1.6958797825887647e-05,0.9648665255597038,112761.0,36.86539794499549,764.6804746841706,,,,,,,,,,,,,,
152.0,,25349.0,31279.0,5930.0,28412.0,28412.0,28412.0,0.03309997543692589,0.007555810521007516,0.01,0.000635312721133232,0.0,0.0,0.0,0.015841735526919365,0.1169817063927336,89.94270181655884,92.35546875,340.2725830078125,2e-05,152.0,0.0,-0.5393750071525574,0.75,-1.0,-0.5393750071525574,0.75,-1.0,-0.007170210592448711,0.49999943375587463,-1.4999982118606567,-0.007170210592448711,0.49999943375587463,-1.4999982118606567,241.4499969482422,768.0,105.0,0.0,241.4499969482422,768.0,105.0,0.0,0.0,1179.1500244140625,1776.0,1103.0,0.0,3.398300032131374e-05,5.721388816833496,7.636213779449463,3.123217821121216,0.25,18.93923454000469,5.4443628739973065,2.3761635629998636,1.5357501149992459,0.0020035839988850057,12.720166079001501,41.0203638699968,2.963100268971175e-05,0.013513217258546088,0.11192600027278528,1.7629733905436135e-05,0.9804946438188388,113648.0,41.0203638699968,692.6315936651446,,,,,,,,,,,,,,
153.0,,28460.0,31468.0,3008.0,29986.0,29987.0,29986.5,0.03883616253733635,0.00695656750816852,0.01,0.0012710479646921165,0.0,0.0,0.0,0.06912083923816681,0.12240849927851596,89.94270181655884,92.35546875,346.70916748046875,2e-05,153.0,0.0,-0.4312500059604645,0.75,-1.0,-0.4312500059604645,0.75,-1.0,-0.0002746989775914699,1.4999982118606567,-1.499993920326233,-0.0002746989775914699,1.4999982118606567,-1.499993920326233,253.27499389648438,703.0,101.0,0.0,253.27499389648438,703.0,101.0,0.0,0.0,1246.050048828125,2089.0,1103.0,0.0,3.4590004361234605e-05,5.3286285400390625,7.08790397644043,4.444039344787598,0.25,18.183399679001013,1.193840061998344,2.3616793519977364,1.5952088269987144,0.0018736679994617589,12.873437439004192,36.212062272003095,2.9695002012886107e-05,0.013299391617884002,0.10732694244913704,1.5620929413750845e-05,0.8974138623532234,119946.0,36.212062272003095,828.0804273106447,,,,,,,,,,,,,,
154.0,-0.5298765941410307,27156.0,30094.0,2938.0,28918.0,30118.0,29281.25,0.03503642976284027,0.007547282960731536,0.01,-8.949697017669682e-05,0.0,0.0,0.0,0.02731049805879593,0.12033457258753846,89.94270181655884,92.35546875,349.1695556640625,2e-05,154.0,0.0,-0.6656249761581421,0.75,-1.0,-0.6656249761581421,0.75,-1.0,-0.0011136723915114999,0.49999943375587463,-1.4999982118606567,-0.0011136723915114999,0.49999943375587463,-1.4999982118606567,286.2124938964844,2000.0,111.0,0.012500000186264515,286.2124938964844,2000.0,111.0,0.012500000186264515,0.0,1177.8499755859375,1280.0,1101.0,0.0,3.459100116742775e-05,9.348495483398438,19.05722427368164,4.704896926879883,0.25,30.088726203000988,1.2434497209978872,2.3845420649959124,1.601779140997678,0.0019327380068716593,12.770290295004088,48.09330625599978,3.763099812204018e-05,0.013675809101367582,0.10903129387410107,1.6501498457815662e-05,1.3140903263746775,117125.0,48.09330625599978,608.8425246568919,389.40126086000237,,,,,,,,,,,,,
155.0,,26465.0,32292.0,5827.0,28638.0,29480.0,28862.5,0.036073580384254456,0.008187273342227856,0.01,0.0014434141293168065,0.0,0.0,0.0,0.0675472840666771,0.11294109988216977,89.94270181655884,92.35546875,354.7867736816406,2e-05,155.0,0.0,-0.3737500011920929,0.75,-1.0,-0.3737500011920929,0.75,-1.0,-0.10801240801811218,0.49999943375587463,-1.4999982118606567,-0.10801240801811218,0.49999943375587463,-1.4999982118606567,260.67498779296875,2000.0,105.0,0.012500000186264515,260.67498779296875,2000.0,105.0,0.012500000186264515,0.0,1182.449951171875,1900.0,1101.0,0.0,6.239799404283985e-05,8.633232116699219,19.062185287475586,4.109409809112549,0.25,29.82761787900381,9.48614938800165,3.1065988279951853,1.6570799879991682,0.002038431994151324,13.406382805005705,57.488502053995035,2.7934998797718436e-05,0.014353226401032206,0.1161228480294994,1.7656405319630352e-05,1.430306793852681,115450.0,57.488502053995035,502.05691518786523,,,,,,,,,,,,,,
156.0,,26642.0,34159.0,7517.0,30629.0,31265.0,30820.0,0.02576545812189579,0.006641064176219516,0.01,0.0002317166328430176,0.0,0.0,0.0,0.0387239009141922,0.12489452429830239,89.94270181655884,92.35546875,375.61883544921875,2e-05,156.0,0.0,-0.5912500023841858,1.0,-1.0,-0.5912500023841858,1.0,-1.0,0.006713370326906443,0.8660245537757874,-0.8660245537757874,0.006713370326906443,0.8660245537757874,-0.8660245537757874,219.3000030517578,2000.0,100.0,0.012500000186264515,219.3000030517578,2000.0,100.0,0.012500000186264515,0.0,1321.699951171875,2101.0,1097.0,0.0,3.443099558353424e-05,8.186603546142578,18.980039596557617,3.3827850818634033,0.25,30.461345113995776,1.029786191000312,3.032977788003336,1.7163679489967762,0.0018519090008339845,13.008616749000794,49.25342706099764,2.7807996957562864e-05,0.013922517431836277,0.10552090159799477,1.5021974374058926e-05,1.7362827812355093,123280.0,49.25342706099764,625.7432596889378,,,,,,,,,,,,,,
157.0,,25793.0,31034.0,5241.0,28405.0,29473.0,28672.75,0.03326119855046272,0.006816017914097756,0.01,-0.0005875538289546965,0.0,0.0,0.0,0.15652471780776978,0.11811285128084834,89.94270181655884,92.35546875,342.6685791015625,2e-05,157.0,0.0,-0.7112500071525574,0.75,-1.0,-0.7112500071525574,0.75,-1.0,-0.003248381894081831,1.499993920326233,-0.8660245537757874,-0.003248381894081831,1.499993920326233,-0.8660245537757874,253.78750610351562,2000.0,87.0,0.012500000186264515,253.78750610351562,2000.0,87.0,0.012500000186264515,0.0,1179.8499755859375,1615.0,1095.0,0.0,3.4687000152189285e-05,7.83466911315918,19.230995178222656,2.386948347091675,0.25,30.77988496099715,1.1718376349963364,2.4259185689952574,1.584886547003407,0.0018676209947443567,12.726205022998329,48.69322414400085,2.905500150518492e-05,0.013818752535102206,0.11096079921701205,1.6283936793160375e-05,1.5160264473721692,114691.0,48.69322414400085,588.8447623678779,,,,,,,,,,,,,,
158.0,,26636.0,31037.0,4401.0,28158.0,28738.0,28447.75,0.03171894699335098,0.008166871890425682,0.01,0.0013544590771198274,0.0,0.0,0.0,0.08938110619783401,0.11706705240460691,89.94270181655884,92.35546875,349.82684326171875,2e-05,158.0,0.0,-0.606249988079071,0.75,-1.0,-0.606249988079071,0.75,-1.0,-0.1408296823501587,0.8660241961479187,-1.499993920326233,-0.1408296823501587,0.8660241961479187,-1.499993920326233,229.58749389648438,2000.0,128.0,0.012500000186264515,229.58749389648438,2000.0,128.0,0.012500000186264515,0.0,1192.800048828125,2233.0,1099.0,0.0,3.542299964465201e-05,7.797161102294922,18.87192153930664,3.894346237182617,0.25,30.319545484002447,1.036131380002189,2.435000489000231,1.5758877279949957,0.0019104669991065748,12.742255785997258,48.11340142600238,3.0014998628757894e-05,0.013848966332970057,0.11197946925501365,1.6789262763369465e-05,1.6507619907444029,113791.0,48.11340142600238,591.264578201817,,,,,,,,,,,,,,
159.0,,27386.0,30269.0,2883.0,29040.0,29161.0,29070.75,0.033470749855041504,0.006803014208562672,0.01,0.0005889176577329631,0.0,0.0,0.0,0.04136304184794426,0.11938239574482232,89.94270181655884,92.35546875,341.955810546875,2e-05,159.0,0.0,-0.574999988079071,1.0,-1.0,-0.574999988079071,1.0,-1.0,-0.00360471592284739,1.499993920326233,-0.8660245537757874,-0.00360471592284739,1.499993920326233,-0.8660245537757874,249.83749389648438,898.0,100.0,0.0,249.83749389648438,898.0,100.0,0.0,0.0,1203.699951171875,2021.0,1093.0,0.0,3.6158999137114733e-05,6.062539100646973,8.953655242919922,4.545693397521973,0.25,20.040279945002112,1.1912054100030218,2.354314379997959,1.59083032199851,0.0018637799948919564,12.771518481000385,37.95256218900613,2.927899913629517e-05,0.013680678362258543,0.10983134663708698,1.60279662108129e-05,1.0026657299745891,116283.0,37.95256218900613,765.9759532235491,,,,,,,,,,,,,,
160.0,,27897.0,30566.0,2669.0,28993.0,28996.0,28995.0,0.03404136747121811,0.008500608075410128,0.01,0.00034219644963741325,0.0,0.0,0.0,0.04125197231769562,0.11977159066068306,89.94270181655884,92.35546875,333.63128662109375,2e-05,160.0,0.0,-0.5800000429153442,0.75,-1.0,-0.5800000429153442,0.75,-1.0,0.0009358546230942011,0.8660245537757874,-1.499993920326233,0.0009358546230942011,0.8660245537757874,-1.499993920326233,250.5500030517578,651.0,114.0,0.0,250.5500030517578,651.0,114.0,0.0,0.0,1199.199951171875,1868.0,1095.0,0.0,3.6350997106637806e-05,5.311079978942871,6.560550212860107,4.121896743774414,0.25,17.96453855200525,1.1352715890025138,2.387345702998573,1.5260006259995862,0.0018377009982941672,12.698347122000996,35.716047093999805,2.7966998459305614e-05,0.01315744633557153,0.10948738680807894,1.584498187872191e-05,0.8962551662345466,115980.0,35.716047093999805,811.8199621500409,,,,,,,,,,,,,,
161.0,,26360.0,29495.0,3135.0,27355.0,27355.0,27355.0,0.031682152301073074,0.008419408639892937,0.01,-0.0008712453022599223,0.0,0.0,0.0,0.08186134696006775,0.0978518171563405,89.94270181655884,92.35546875,338.06884765625,2e-05,161.0,0.0,-0.753125011920929,0.75,-1.0,-0.753125011920929,0.75,-1.0,-0.0006422827136702836,1.4999982118606567,-1.4999982118606567,-0.0006422827136702836,1.4999982118606567,-1.4999982118606567,225.4499969482422,852.0,109.0,0.0,225.4499969482422,852.0,109.0,0.0,0.0,1142.300048828125,1280.0,1099.0,0.0,3.484699846012518e-05,5.769533157348633,8.478874206542969,3.8541619777679443,0.25,20.00191813299898,1.1362724260034156,2.5066110030020354,1.4795993100051419,0.001864739999291487,14.604305208995356,39.73308373299369,2.9119000828359276e-05,0.013522201699919046,0.13347016275813706,1.7042039839988002e-05,1.1089996747060868,109420.0,39.73308373299369,688.4690899862087,,,,,,,,,,,,,,
162.0,,27256.0,33988.0,6732.0,30238.0,30240.0,30239.5,0.03143675625324249,0.006157169882208109,0.01,0.000265426300466061,0.0,0.0,0.0,0.056830547749996185,0.10841866695895114,89.94270181655884,92.35546875,345.5206298828125,2e-05,162.0,0.0,-0.5881250500679016,1.0,-1.0,-0.5881250500679016,1.0,-1.0,0.009808539412915707,1.499997615814209,-1.499993920326233,0.009808539412915707,1.499997615814209,-1.499993920326233,265.07501220703125,686.0,101.0,0.0,265.07501220703125,686.0,101.0,0.0,0.0,1246.9000244140625,2021.0,1093.0,0.0,3.699100489029661e-05,5.442432403564453,7.0852861404418945,4.0657758712768555,0.25,18.257368487997155,0.9845157730014762,2.3995892250022735,1.6163098120014183,0.0018649319972610101,14.65840224999556,37.92065743699641,2.8127004043199122e-05,0.013362570578228958,0.12118588476988344,1.541801284132517e-05,0.8609529608599997,120958.0,37.92065743699641,797.4413431581894,,,,,,,,,,,,,,
163.0,,25884.0,30562.0,4678.0,28038.0,28039.0,28038.75,0.034145697951316833,0.009099183641374112,0.01,-0.002386395558714867,0.0,0.0,0.0,0.0527787059545517,0.11576675642595269,89.94270181655884,92.35546875,327.30572509765625,2e-05,163.0,0.0,-0.5375000238418579,0.75,-1.0,-0.5375000238418579,0.75,-1.0,0.01925935037434101,1.4999982118606567,-1.4999982118606567,0.01925935037434101,1.4999982118606567,-1.4999982118606567,240.8874969482422,494.0,105.0,0.0,240.8874969482422,494.0,105.0,0.0,0.0,1161.050048828125,1272.0,1104.0,0.0,3.5742996260523796e-05,4.642740726470947,5.068337917327881,3.620103359222412,0.25,16.81135989100585,1.393458559003193,2.4005712090001907,1.4913186979974853,0.001868900995759759,12.668601737001154,34.76971932900051,3.049500082852319e-05,0.013296943497815392,0.11295619220722353,1.666355486389157e-05,0.8723657252351124,112155.0,34.76971932900051,806.4128943547041,,,,,,,,,,,,,,
164.0,,26664.0,30540.0,3876.0,28255.0,28635.0,28350.5,0.04312343895435333,0.008495771903544665,0.01,0.00013106897473335252,0.0,0.0,0.0,0.09181931614875793,0.11773482851378571,89.94270181655884,92.35546875,332.3205871582031,2e-05,164.0,0.0,-0.590624988079071,0.75,-1.0,-0.590624988079071,0.75,-1.0,0.0038546789437532425,1.4999982118606567,-1.4999982118606567,0.0038546789437532425,1.4999982118606567,-1.4999982118606567,259.42498779296875,983.0,114.0,0.0,259.42498779296875,983.0,114.0,0.0,0.0,1158.0999755859375,1281.0,1100.0,0.0,3.398300032131374e-05,5.364612579345703,9.72538948059082,3.325040102005005,0.25,20.922908214997733,1.3038190590013983,2.420763875998091,1.5320695499976864,0.001938178000273183,12.604056026000762,38.78814371799672,2.809499710565433e-05,0.013510075219111536,0.1111449183083258,1.7091215324890062e-05,1.008138586055591,113402.0,38.78814371799672,730.9063358669079,,,,,,,,,,,,,,
165.0,,27815.0,30883.0,3068.0,28812.0,29180.0,28904.5,0.028088444843888283,0.007066255249083044,0.01,9.127762867137783e-05,0.0,0.0,0.0,0.012537851929664612,0.11740171466807027,89.94270181655884,92.35546875,336.67425537109375,2e-05,165.0,0.0,-0.78125,0.75,-1.0,-0.78125,0.75,-1.0,-0.004173609893769026,0.8660245537757874,-0.8660245537757874,-0.004173609893769026,0.8660245537757874,-0.8660245537757874,280.125,999.0,112.0,0.0,280.125,999.0,112.0,0.0,0.0,1165.0999755859375,1272.0,1097.0,0.0,3.439800639171153e-05,5.83674430847168,9.757248878479004,4.135626792907715,0.25,21.24680699199962,1.3315002889939933,2.4921117480043904,1.5637481900048442,0.001920834998600185,12.900386461005837,39.538999393997074,3.1807001505512744e-05,0.01352512748884122,0.11157766490516907,1.6613632813231373e-05,0.948094912628274,115618.0,39.538999393997074,731.0377208075823,,,,,,,,,,,,,,
166.0,,28746.0,33487.0,4741.0,29990.0,30801.0,30193.25,0.03911493346095085,0.0075982970790937545,0.01,0.0018658237904310225,0.0,0.0,0.0,0.07463204860687256,0.12351385061798933,89.94270181655884,92.35546875,350.9049072265625,2e-05,166.0,0.0,-0.45625001192092896,1.0,-1.0,-0.45625001192092896,1.0,-1.0,-0.07571903616189957,1.4999982118606567,-0.8660245537757874,-0.07571903616189957,1.4999982118606567,-0.8660245537757874,280.76251220703125,2000.0,123.0,0.012500000186264515,280.76251220703125,2000.0,123.0,0.012500000186264515,0.0,1228.9000244140625,1886.0,1097.0,0.0,3.308700252091512e-05,8.608800888061523,19.14261245727539,4.265230655670166,0.25,30.318190128993592,1.2182776620029472,2.400146882995614,1.639510054999846,0.0019447380036581308,12.85253166899929,48.43315366299794,2.8126996767241508e-05,0.01357513728233832,0.10641891539499135,1.6102423585222944e-05,1.349814795823587,120773.0,48.43315366299794,623.4004543682462,,,,,,,,,,,,,,
167.0,,25967.0,31279.0,5312.0,28621.0,29246.0,28863.0,0.03719091787934303,0.007990218116901815,0.01,-0.000681685842573643,0.0,0.0,0.0,0.029560569673776627,0.1185872251331346,89.94270181655884,92.35546875,347.8448486328125,2e-05,167.0,0.0,-0.7068749666213989,0.75,-1.0,-0.7068749666213989,0.75,-1.0,-0.006376441102474928,1.4999982118606567,-0.8660245537757874,-0.006376441102474928,1.4999982118606567,-0.8660245537757874,251.64999389648438,2000.0,93.0,0.012500000186264515,251.64999389648438,2000.0,93.0,0.012500000186264515,0.0,1191.5,1990.0,1095.0,0.0,3.6158999137114733e-05,8.39866828918457,18.9654598236084,2.8920657634735107,0.25,29.944718451006338,1.2618491270040977,2.425280766998185,1.583051802997943,0.0018623729993123561,12.768130742995709,47.987397566001164,2.694300201255828e-05,0.013711774616272937,0.11059254705848065,1.6131145405123826e-05,1.4874189574312706,115452.0,47.987397566001164,601.4704164838748,,,,,,,,,,,,,,
168.0,-0.5250995241959763,27078.0,32279.0,5201.0,29767.0,29767.0,29767.0,0.03748169168829918,0.007639109573792667,0.01,0.00013237025123089552,0.0,0.0,0.0,0.05223880335688591,0.1233941441487723,89.94270181655884,92.35546875,343.201904296875,2e-05,168.0,0.0,-0.36125001311302185,1.0,-1.0,-0.36125001311302185,1.0,-1.0,-0.004059492610394955,0.8660245537757874,-0.8660245537757874,-0.004059492610394955,0.8660245537757874,-0.8660245537757874,248.0,699.0,128.0,0.0,248.0,699.0,128.0,0.0,0.0,1240.3499755859375,1886.0,1097.0,0.0,3.331100015202537e-05,5.277271747589111,7.084123611450195,3.598151922225952,0.25,18.321319141999993,0.9704645450037788,2.414629105005588,1.6598870609959704,0.001840261000324972,12.668104044998472,36.0388819639993,3.0590999813284725e-05,0.01394066467057455,0.10639385934926657,1.5455546413183828e-05,0.92345358578629,119068.0,36.0388819639993,825.9690195088589,392.84969900800206,,,,,,,,,,,,,
169.0,,28570.0,31220.0,2650.0,29889.0,30195.0,29974.75,0.04417208209633827,0.007640575133264066,0.01,0.00212270300835371,0.0,0.0,0.0,0.06335622817277908,0.12289228848263295,89.94270181655884,92.35546875,366.4417724609375,2e-05,169.0,0.0,-0.6443749666213989,0.75,-1.0,-0.6443749666213989,0.75,-1.0,-0.11065599322319031,0.8660245537757874,-1.4999982118606567,-0.11065599322319031,0.8660245537757874,-1.4999982118606567,289.1875,2000.0,109.0,0.02500000037252903,289.1875,2000.0,109.0,0.02500000037252903,0.0,1209.550048828125,2250.0,1097.0,0.0,3.929399827029556e-05,9.271827697753906,18.967506408691406,3.8399035930633545,0.25,29.928111387998797,6.5551368209999055,2.39876527999877,1.618711194001662,0.0019207410005037673,12.840326841003844,53.345646710004075,2.9855000320822e-05,0.013500622974350595,0.10709286016567147,1.6019658216530305e-05,1.293629193343367,119899.0,53.345646710004075,561.8968341118403,,,,,,,,,,,,,,
170.0,,26643.0,30637.0,3994.0,28870.0,28871.0,28870.5,0.038302045315504074,0.007651050919666886,0.01,-0.0006767191737890243,0.0,0.0,0.0,0.05158912390470505,0.11890835977882064,89.94270181655884,92.35546875,342.846923828125,2e-05,170.0,0.0,-0.5862500071525574,0.75,-1.0,-0.5862500071525574,0.75,-1.0,0.002102494239807129,1.499993920326233,-0.49999797344207764,0.002102494239807129,1.499993920326233,-0.49999797344207764,252.6750030517578,893.0,126.0,0.0,252.6750030517578,893.0,126.0,0.0,0.0,1190.8499755859375,1900.0,1095.0,0.0,3.363099676789716e-05,5.210049629211426,8.93624496459961,3.682342290878296,0.25,20.000977594994765,0.9971891940003843,2.4489075890014647,1.5756874170037918,0.0019711059940163977,12.730799521996232,37.75816082000529,2.7839996619150043e-05,0.013644441705233644,0.11024055283071156,1.706851279001401e-05,0.9894616401996025,115482.0,37.75816082000529,764.6161617253252,,,,,,,,,,,,,,
171.0,,26552.0,29929.0,3377.0,28562.0,28563.0,28562.25,0.037917498499155045,0.008174341730773449,0.01,0.0,0.0,0.0,0.0,0.004778561647981405,0.11808638039642935,89.94270181655884,92.35546875,336.92352294921875,2e-05,171.0,0.0,-0.574999988079071,1.0,-1.0,-0.574999988079071,1.0,-1.0,0.0,0.0,0.0,0.0,0.0,0.0,215.3625030517578,566.0,122.0,0.0,215.3625030517578,566.0,122.0,0.0,0.0,1212.75,1968.0,1097.0,0.0,3.5806995583698153e-05,4.685883522033691,5.759519577026367,3.220305919647217,0.25,16.90080054000282,1.1617787609939114,2.3838313029991696,1.5337687769933837,0.0018837160023394972,12.67616354799975,34.66070554199541,2.8734997613355517e-05,0.01342478951232294,0.11095207439889845,1.648781172998886e-05,0.9809507539615079,114249.0,34.66070554199541,824.0527581123115,,,,,,,,,,,,,,
172.0,,27597.0,28669.0,1072.0,28200.0,28201.0,28200.75,0.03221613168716431,0.008277773894369603,0.01,0.0009763138089329005,0.0,0.0,0.0,0.04363993927836418,0.11623387313181366,89.94270181655884,92.35546875,332.2991943359375,2e-05,172.0,0.0,-0.6468750238418579,0.75,-1.0,-0.6468750238418579,0.75,-1.0,-0.0018486824119463563,0.8660245537757874,-1.4999982118606567,-0.0018486824119463563,0.8660245537757874,-1.4999982118606567,253.1374969482422,640.0,100.0,0.0,253.1374969482422,640.0,100.0,0.0,0.0,1156.9000244140625,1272.0,1097.0,0.0,3.571099659893662e-05,5.181432723999023,6.406685829162598,4.174106597900391,0.25,17.7169672089949,1.2155002939980477,2.371880405997217,1.5218994560054853,0.0020351999992271885,12.699736820002727,35.530523498004186,2.9247006750665605e-05,0.013491657633267602,0.11258332508889592,1.804207334226207e-05,0.8748687575425856,112803.0,35.530523498004186,793.7048831150514,,,,,,,,,,,,,,
173.0,,27635.0,33846.0,6211.0,29854.0,30733.0,30074.25,0.03781659156084061,0.007789444043301047,0.01,0.0012088333815336223,0.0,0.0,0.0,0.0845930427312851,0.12224291725847575,89.94270181655884,92.35546875,354.83135986328125,2e-05,173.0,0.0,-0.27125000953674316,0.75,-1.0,-0.27125000953674316,0.75,-1.0,-0.09191767871379852,0.866024374961853,-1.4999982118606567,-0.09191767871379852,0.866024374961853,-1.4999982118606567,311.2124938964844,2000.0,113.0,0.012500000186264515,311.2124938964844,2000.0,113.0,0.012500000186264515,0.0,1192.5,1803.0,1095.0,0.0,3.369500336702913e-05,9.808065414428711,19.165287017822266,3.8333957195281982,0.25,30.27479500100162,1.138646642997628,2.4179643579991534,1.6884631110006012,0.0019519380002748221,12.933178031998978,48.45755135500076,2.65909984591417e-05,0.014035787351310516,0.10751039537144715,1.622599067536865e-05,1.2160017271559473,120297.0,48.45755135500076,620.6308234536159,,,,,,,,,,,,,,
174.0,,26438.0,28162.0,1724.0,27528.0,27528.0,27528.0,0.0355156734585762,0.008465548739768566,0.01,0.00041915476322174105,0.0,0.0,0.0,0.019566252827644348,0.11406257136750247,89.94270181655884,92.35546875,327.959228515625,2e-05,174.0,0.0,-0.46562498807907104,0.75,-1.0,-0.46562498807907104,0.75,-1.0,0.0060201301239430904,1.4999982118606567,-0.49999943375587463,0.0060201301239430904,1.4999982118606567,-0.49999943375587463,228.39999389648438,470.0,110.0,0.0,228.39999389648438,470.0,110.0,0.0,0.0,1148.0,1271.0,1097.0,0.0,3.254300099797547e-05,4.247429370880127,4.888081073760986,3.4879510402679443,0.25,16.437612540001282,1.2505163859968889,2.424517815001309,1.467270009998174,0.0019482269999571145,12.613422100002936,34.19780162200186,2.7647001843433827e-05,0.013325250744679726,0.1145508400537901,1.7693139711903465e-05,0.8996066407618916,110112.0,34.19780162200186,804.9640238362367,,,,,,,,,,,,,,
175.0,,27202.0,29162.0,1960.0,27794.0,27980.0,27856.0,0.04027891904115677,0.008368545626290143,0.01,-0.0009259422076866033,0.0,0.0,0.0,0.06293369829654694,0.11494732822589926,89.94270181655884,92.35546875,337.1162109375,2e-05,175.0,0.0,-0.784375011920929,0.75,-1.0,-0.784375011920929,0.75,-1.0,0.016020899638533592,1.4999982118606567,-1.4999982118606567,0.016020899638533592,1.4999982118606567,-1.4999982118606567,242.64999389648438,946.0,114.0,0.0,242.64999389648438,946.0,114.0,0.0,0.0,1150.1500244140625,1269.0,1097.0,0.0,3.471899981377646e-05,6.013267517089844,9.141312599182129,3.7337522506713867,0.25,20.372443770000245,1.1107601519979653,2.401986490993295,1.507338401999732,0.001960672001587227,12.676152549996914,38.07309590800287,2.899100218201056e-05,0.013527950908239984,0.11376501067989764,1.7596496280758427e-05,1.049476806614478,111424.0,38.07309590800287,731.6452559389776,,,,,,,,,,,,,,
176.0,,25353.0,32584.0,7231.0,28839.0,28839.0,28839.0,0.03355472534894943,0.00890401389595354,0.01,-0.00047027066349983207,0.0,0.0,0.0,0.060462601482868195,0.10484652941637346,89.94270181655884,92.35546875,348.82237243652344,2e-05,176.0,0.0,-0.421875,1.0,-1.0,-0.421875,1.0,-1.0,0.013338136486709118,1.4999982118606567,-1.4999982118606567,0.013338136486709118,1.4999982118606567,-1.4999982118606567,244.6999969482422,761.0,113.0,0.0,244.6999969482422,761.0,113.0,0.0,0.0,1197.25,1875.0,1097.0,0.0,4.012700082967058e-05,5.007658958435059,7.5903191566467285,2.5334417819976807,0.25,18.689602581995132,1.1897509949994856,2.42408508900553,1.585553393997543,0.0018892200023401529,14.41013731899875,38.303636468997865,2.9151000489946455e-05,0.01374487147610478,0.12491883663614159,1.637730159107591e-05,0.954720197282138,115356.0,38.303636468997865,752.9050152546655,,,,,,,,,,,,,,
177.0,,25070.0,28301.0,3231.0,26852.0,26852.0,26852.0,0.03721221908926964,0.008367114397697151,0.01,0.00025335937738418573,0.0,0.0,0.0,0.06335197389125824,0.11144210961837102,89.94270181655884,92.35546875,324.8957824707031,2e-05,177.0,0.0,-0.78125,0.75,-1.0,-0.78125,0.75,-1.0,-0.0009126364020630717,1.499993920326233,-0.49999797344207764,-0.0009126364020630717,1.499993920326233,-0.49999797344207764,198.60000610351562,500.0,108.0,0.0,198.60000610351562,500.0,108.0,0.0,0.0,1144.0,1279.0,1097.0,0.0,3.6158999137114733e-05,3.4988460540771484,5.160254955291748,2.1192612648010254,0.25,16.708351766996202,1.1457218970026588,2.377148332001525,1.437380363997363,0.0019746580001083203,12.577860799996415,34.250952874004724,2.844700065907091e-05,0.013382433003103707,0.11710357515265543,1.838464546503352e-05,1.0516334193728727,107408.0,34.250952874004724,783.9781888339734,,,,,,,,,,,,,,
178.0,,27009.0,31240.0,4231.0,28933.0,28934.0,28933.25,0.047925256192684174,0.008500670761568473,0.01,0.0007819390669465062,0.0,0.0,0.0,0.06503529101610184,0.11832191601027293,89.94270181655884,92.35546875,344.30743408203125,2e-05,178.0,0.0,-0.3656249940395355,1.0,-1.0,-0.3656249940395355,1.0,-1.0,-0.03673760965466499,1.4999982118606567,-1.4999982118606567,-0.03673760965466499,1.4999982118606567,-1.4999982118606567,255.96249389648438,1072.0,116.0,0.0,255.96249389648438,1072.0,116.0,0.0,0.0,1190.699951171875,1907.0,1101.0,0.0,3.535900032147765e-05,6.735653400421143,10.488913536071777,5.140597820281982,0.25,21.59311009299563,1.1685394029991585,2.4491216739988886,1.578373117998126,0.002007647999562323,12.820449664999614,39.61412523299805,2.7743000828195363e-05,0.013638055852679236,0.11077609381075074,1.7347238899556074e-05,1.054505547345589,115733.0,39.61412523299805,730.3771023548686,,,,,,,,,,,,,,
179.0,,26135.0,30243.0,4108.0,27744.0,27745.0,27744.5,0.048813048750162125,0.007902900162152946,0.01,-0.00045004542917013166,0.0,0.0,0.0,0.052999213337898254,0.10741286683005269,89.94270181655884,92.35546875,342.30218505859375,2e-05,179.0,0.0,-0.4724999964237213,0.75,-1.0,-0.4724999964237213,0.75,-1.0,0.008539482019841671,0.8660224080085754,-1.4999982118606567,0.008539482019841671,0.8660224080085754,-1.4999982118606567,207.5749969482422,451.0,101.0,0.0,207.5749969482422,451.0,101.0,0.0,0.0,1179.6500244140625,2008.0,1093.0,0.0,3.439899592194706e-05,4.312125205993652,4.624826908111572,3.960744619369507,0.25,15.710370755994518,1.1622132999982568,2.9913580249994993,1.4827507510053692,0.001913699001306668,13.510970930998155,34.862125604995526,2.7423004212323576e-05,0.013360762953066097,0.12174458839588166,1.724394926297706e-05,0.9460659253278645,110978.0,34.862125604995526,795.8350077203664,,,,,,,,,,,,,,
180.0,,26348.0,29483.0,3135.0,27983.0,27984.0,27983.5,0.044116225093603134,0.009055613838136198,0.01,0.00015182301402091956,0.0,0.0,0.0,0.06877651065587997,0.11632901574137716,89.94270181655884,92.35546875,335.44342041015625,2e-05,180.0,0.0,-0.6143749952316284,0.75,-1.0,-0.6143749952316284,0.75,-1.0,0.00028588707209564745,1.4999982118606567,-1.4999982118606567,0.00028588707209564745,1.4999982118606567,-1.4999982118606567,218.625,481.0,102.0,0.0,218.625,481.0,102.0,0.0,0.0,1180.550048828125,1913.0,1095.0,0.0,3.5839002521242946e-05,4.074873447418213,5.051659107208252,3.294860363006592,0.25,16.488992671998858,9.351764156999707,2.3668169060038053,1.4930123340018326,0.0019410579989198595,12.589972816000227,42.295093013999576,2.806299744406715e-05,0.013338327353635469,0.11247675251487686,1.734109384923133e-05,0.9427668766151434,111934.0,42.295093013999576,661.6252147911704,,,,,,,,,,,,,,
181.0,,25430.0,29354.0,3924.0,27768.0,28911.0,28064.75,0.03336576744914055,0.010346351992338895,0.01,0.00040358437923714507,0.0,0.0,0.0,0.07490188628435135,0.11629012354955626,89.94270181655884,92.35546875,342.16070556640625,2e-05,181.0,0.0,-0.5718749761581421,0.75,-1.0,-0.5718749761581421,0.75,-1.0,-0.002962712664157152,1.4999982118606567,-0.8660224080085754,-0.002962712664157152,1.4999982118606567,-0.8660224080085754,242.58749389648438,2000.0,110.0,0.012500000186264515,242.58749389648438,2000.0,110.0,0.012500000186264515,0.0,1160.6500244140625,1281.0,1095.0,0.0,3.8751000829506665e-05,8.429985046386719,18.979711532592773,2.3093106746673584,0.25,30.037408715004858,1.167596996994689,2.359314573004667,1.5476620990011725,0.0018644529991433956,12.637541593001515,47.753849631000776,2.9087001166772097e-05,0.0137865302470285,0.11257486342299072,1.660849463422439e-05,1.5477615661877084,112259.0,47.753849631000776,587.6960751197944,,,,,,,,,,,,,,
182.0,-0.5254179956332133,25795.0,32800.0,7005.0,27513.0,28319.0,27786.25,0.04303108528256416,0.009877395504154266,0.01,1.5521571040153642e-05,0.0,0.0,0.0,0.08766819536685944,0.1151736717094279,89.94270181655884,92.35546875,345.99853515625,2e-05,182.0,0.0,-0.6550000309944153,0.75,-1.0,-0.6550000309944153,0.75,-1.0,-0.09512727707624435,1.499993920326233,-1.4999982118606567,-0.09512727707624435,1.499993920326233,-1.4999982118606567,207.8125,2000.0,99.0,0.012500000186264515,207.8125,2000.0,99.0,0.012500000186264515,0.0,1181.5,1991.0,1093.0,0.0,3.619099879870191e-05,7.3236494064331055,19.111663818359375,2.182215690612793,0.25,30.58078396000201,1.1631618100000196,2.38778103000368,1.5048036180014606,0.0019846089999191463,12.632736303996353,48.27375269000186,4.1054998291656375e-05,0.0135391031355568,0.11365996044803053,1.7856034908625185e-05,1.8394456517294442,111145.0,48.27375269000186,575.5974717448247,390.5503075279994,,,,,,,,,,,,,
183.0,,27480.0,29498.0,2018.0,28425.0,29369.0,28732.0,0.02959223836660385,0.009754242560593412,0.01,-4.660021397285153e-05,0.0,0.0,0.0,0.05992317944765091,0.11748158970785529,89.94270181655884,92.35546875,355.0870361328125,2e-05,183.0,0.0,-0.46687498688697815,1.0,-1.0,-0.46687498688697815,1.0,-1.0,-0.052739039063453674,1.4999982118606567,-1.499993920326233,-0.052739039063453674,1.4999982118606567,-1.499993920326233,225.0,2000.0,112.0,0.012500000186264515,225.0,2000.0,112.0,0.012500000186264515,0.0,1211.5999755859375,1873.0,1099.0,0.0,6.569399556610733e-05,7.687669277191162,18.923324584960938,3.5116655826568604,0.25,29.388928321001003,12.003522428996803,2.3926474199979566,1.5769335259974468,0.001889029001176823,12.827084133998142,58.193598439997004,2.863899862859398e-05,0.01372105601765842,0.11160973943684865,1.6436629900257754e-05,1.6327182400556113,114928.0,58.193598439997004,493.7312826534581,,,,,,,,,,,,,,
184.0,,26493.0,32837.0,6344.0,29528.0,29528.0,29528.0,0.027932455763220787,0.008878860240802169,0.01,-0.0008284681290388108,0.0,0.0,0.0,0.050037212669849396,0.12252358808086253,89.94270181655884,92.35546875,346.2540283203125,2e-05,184.0,0.0,-0.4100000262260437,1.0,-1.0,-0.4100000262260437,1.0,-1.0,-0.010252788662910461,0.8660245537757874,-1.4999982118606567,-0.010252788662910461,0.8660245537757874,-1.4999982118606567,212.3000030517578,564.0,111.0,0.0,212.3000030517578,564.0,111.0,0.0,0.0,1264.0999755859375,2021.0,1095.0,0.0,3.510200622258708e-05,4.627115249633789,5.799891471862793,3.6526057720184326,0.25,16.92947036300029,1.0400652149983216,2.3898876539969933,1.6912948620010866,0.0018881349969888106,12.654841026997019,34.710099112002354,2.899100218201056e-05,0.014319415994997009,0.10714272069727901,1.5985970917339566e-05,0.9967893525082602,118112.0,34.710099112002354,850.7034193339297,,,,,,,,,,,,,,
185.0,,27311.0,29129.0,1818.0,27700.0,28993.0,28024.25,0.03229640796780586,0.010324108097702265,0.01,-0.0001521244877949357,0.0,0.0,0.0,0.06550493091344833,0.11634914850705536,89.94270181655884,92.35546875,336.6229248046875,2e-05,185.0,0.0,-0.4906249940395355,0.75,-1.0,-0.4906249940395355,0.75,-1.0,-0.11853522062301636,1.4999982118606567,-1.4999982118606567,-0.11853522062301636,1.4999982118606567,-1.4999982118606567,257.61248779296875,2000.0,97.0,0.012500000186264515,257.61248779296875,2000.0,97.0,0.012500000186264515,0.0,1143.5999755859375,1223.0,1095.0,0.0,3.24789943988435e-05,8.032177925109863,19.017133712768555,3.690234899520874,0.25,30.54698472500604,1.3023204769997392,2.386821207997855,1.5466510699989158,0.0019854099955409765,12.60986937800044,48.397167418996105,2.9119000828359276e-05,0.013797434989329917,0.1124906944699719,1.7711535505329994e-05,1.482215766170413,112097.0,48.397167418996105,579.0473181494576,,,,,,,,,,,,,,
186.0,,27954.0,31056.0,3102.0,28833.0,29524.0,29005.75,0.024784866720438004,0.006667516687302852,0.01,0.0020470522344112393,0.0,0.0,0.0,0.06207883358001709,0.11923963211247292,89.94270181655884,92.35546875,354.9806213378906,2e-05,186.0,0.0,-0.765625,1.0,-1.0,-0.765625,1.0,-1.0,-0.08650384098291397,1.4999982118606567,-1.499993920326233,-0.08650384098291397,1.4999982118606567,-1.499993920326233,276.9375,2000.0,113.0,0.012500000186264515,276.9375,2000.0,113.0,0.012500000186264515,0.0,1173.3499755859375,1599.0,1097.0,0.0,3.4655000490602106e-05,9.227311134338379,19.133298873901367,3.5202627182006836,0.25,30.43001167199691,1.217337227993994,2.4038495369968587,1.6113420609981404,0.0019211230028304271,12.766056656997534,48.432955162003054,2.8798996936529875e-05,0.01388812615600476,0.11003039618866547,1.6558122120876267e-05,1.3735053790113703,116023.0,48.432955162003054,598.8845797861986,,,,,,,,,,,,,,
187.0,,25963.0,32998.0,7035.0,28546.0,29408.0,28769.5,0.03542405739426613,0.008354495437815785,0.01,0.0017027666047215464,0.0,0.0,0.0,0.06058413162827492,0.11647230749182733,89.94270181655884,92.35546875,354.9582824707031,2e-05,187.0,0.0,-0.503125011920929,1.0,-1.0,-0.503125011920929,1.0,-1.0,-0.10920608788728714,1.4999982118606567,-1.4999982118606567,-0.10920608788728714,1.4999982118606567,-1.4999982118606567,256.2250061035156,2000.0,124.0,0.012500000186264515,256.2250061035156,2000.0,124.0,0.012500000186264515,0.0,1182.25,1782.0,1095.0,0.0,3.692699829116464e-05,9.200654029846191,19.180831909179688,3.451287031173706,0.25,31.293991103004373,1.1462274950026767,2.402877411994268,1.5553323909989558,0.0019072360009886324,12.955601055000443,49.358456644993566,2.78389998129569e-05,0.013515462477614799,0.11258104116338868,1.6573419776053045e-05,1.5266850962535063,115078.0,49.358456644993566,582.868710967244,,,,,,,,,,,,,,
188.0,,27274.0,32892.0,5618.0,30001.0,30001.0,30001.0,0.032976604998111725,0.006918995172018186,0.01,0.0009115326404571528,0.0,0.0,0.0,0.09427326917648315,0.12343317304728599,89.94270181655884,92.35546875,357.175048828125,2e-05,188.0,0.0,-0.6812499761581421,1.0,-1.0,-0.6812499761581421,1.0,-1.0,-0.003088492900133133,1.499993920326233,-1.499993920326233,-0.003088492900133133,1.499993920326233,-1.499993920326233,239.35000610351562,553.0,105.0,0.0,239.35000610351562,553.0,105.0,0.0,0.0,1260.699951171875,2301.0,1100.0,0.0,3.487899812171236e-05,4.868122100830078,5.7244062423706055,4.0451555252075195,0.25,17.370468626999354,0.9776738660002593,2.423382880995632,1.6045596260009916,0.001875715002825018,12.781989478004107,35.16240972800006,2.8223003027960658e-05,0.013370884520524245,0.10651302854908258,1.5630437342297073e-05,0.9071688232191014,120004.0,35.16240972800006,853.2122864181862,,,,,,,,,,,,,,
189.0,,26662.0,29373.0,2711.0,28070.0,28071.0,28070.5,0.03336236998438835,0.009149120603688062,0.01,0.0010143321007490165,0.0,0.0,0.0,0.08494249731302261,0.11622254713137381,89.94270181655884,92.35546875,326.749267578125,2e-05,189.0,0.0,-0.534375011920929,0.75,-1.0,-0.534375011920929,0.75,-1.0,0.0022794988472014666,1.4999982118606567,-1.4999982118606567,0.0022794988472014666,1.4999982118606567,-1.4999982118606567,249.875,434.0,113.0,0.0,249.875,434.0,113.0,0.0,0.0,1153.6500244140625,1265.0,1101.0,0.0,3.567899693734944e-05,4.532802581787109,4.64850378036499,4.447962284088135,0.25,16.04718153199792,1.2729255669983104,2.3572455480025383,1.498566974994901,0.0019274270016467199,12.630949342994427,33.81132165600138,2.7039000997319818e-05,0.013346457802629995,0.1124930918846692,1.7165948252139434e-05,0.8027604568283102,112282.0,33.81132165600138,830.2100783161072,,,,,,,,,,,,,,
190.0,,28843.0,32382.0,3539.0,30768.0,30770.0,30769.0,0.030859539285302162,0.007785262698307635,0.01,0.00020208774367347373,0.0,0.0,0.0,0.03250720724463463,0.12720990360724108,89.94270181655884,92.35546875,341.97882080078125,2e-05,190.0,0.0,-0.5,1.0,-1.0,-0.5,1.0,-1.0,-0.005866096355021,1.4999982118606567,-0.6809840798377991,-0.005866096355021,1.4999982118606567,-0.6809840798377991,313.54998779296875,1007.0,114.0,0.0,313.54998779296875,1007.0,114.0,0.0,0.0,1224.9000244140625,2012.0,1099.0,0.0,3.222299710614607e-05,7.299049377441406,10.146567344665527,4.413355827331543,0.25,21.458077467003022,1.1550263399985852,2.4309490860032383,1.648471325999708,0.0025872769983834587,12.72884013300063,39.42681896000431,2.7775000489782542e-05,0.013393929978222464,0.10342260175014326,2.1021783275240167e-05,0.8554487907432237,123076.0,39.42681896000431,780.407874934393,,,,,,,,,,,,,,
191.0,,27591.0,30460.0,2869.0,28644.0,29516.0,28862.5,0.03190740942955017,0.008102582376450302,0.01,0.0019739951193332673,0.0,0.0,0.0,0.026925358921289444,0.11329964939257164,89.94270181655884,92.35546875,343.6319885253906,2e-05,191.0,0.0,-0.606249988079071,0.75,-1.0,-0.606249988079071,0.75,-1.0,-0.08056393265724182,0.8660245537757874,-0.8660245537757874,-0.08056393265724182,0.8660245537757874,-0.8660245537757874,288.625,2000.0,114.0,0.012500000186264515,288.625,2000.0,114.0,0.012500000186264515,0.0,1154.5,1282.0,1101.0,0.0,3.391900099813938e-05,9.768468856811523,19.02143096923828,4.682999134063721,0.25,30.246314403004362,1.2334780179953668,2.8538985589984804,1.6044756859992049,0.001964641000085976,13.360251993995917,49.3029169490037,2.8127004043199122e-05,0.013897580649624989,0.11572327409264545,1.7017245561593554e-05,1.30993132971002,115450.0,49.3029169490037,585.4116102269127,,,,,,,,,,,,,,
192.0,,28584.0,34609.0,6025.0,30465.0,30466.0,30465.75,0.033613573759794235,0.008234841930679979,0.01,0.00015785261988639812,0.0,0.0,0.0,0.06271892040967941,0.12634583875859612,89.94270181655884,92.35546875,345.4683837890625,2e-05,192.0,0.0,-0.3362500071525574,1.0,-1.0,-0.3362500071525574,1.0,-1.0,-0.003434730926528573,1.4999982118606567,-1.4999982118606567,-0.003434730926528573,1.4999982118606567,-1.4999982118606567,267.48748779296875,777.0,105.0,0.0,267.48748779296875,777.0,105.0,0.0,0.0,1255.800048828125,2177.0,1097.0,0.0,3.327900049043819e-05,5.697214603424072,7.815366744995117,4.5712761878967285,0.25,19.50269064099848,1.0715095120031037,2.4094245939995744,1.6665241430018796,0.002493808002327569,12.686586811003508,37.341925937995256,3.7343001167755574e-05,0.013675390750284167,0.10410532163990308,2.046402929788015e-05,0.9113832721621795,121863.0,37.341925937995256,815.8590976423427,,,,,,,,,,,,,,
193.0,,26516.0,31670.0,5154.0,28620.0,28621.0,28620.75,0.03671535104513168,0.009831194118596615,0.01,-0.0005117128044366834,0.0,0.0,0.0,0.025341663509607315,0.11858121835928292,89.94270181655884,92.35546875,340.223388671875,2e-05,193.0,0.0,-0.5218750238418579,1.0,-1.0,-0.5218750238418579,1.0,-1.0,-0.0016762708546593785,1.4999982118606567,-0.8660245537757874,-0.0016762708546593785,1.4999982118606567,-0.8660245537757874,231.1875,553.0,111.0,0.0,231.1875,553.0,111.0,0.0,0.0,1199.8499755859375,2044.0,1097.0,0.0,6.751799810444936e-05,4.541814804077148,5.67451286315918,3.9075522422790527,0.25,16.927177566001774,1.2223612090019742,2.3645653179992223,1.5476845640005195,0.0019747530022868887,12.648449021005945,34.71477062100166,2.8862996259704232e-05,0.013518902928823663,0.11048320729720522,1.7249312144920108e-05,0.9152299305759272,114483.0,34.71477062100166,824.4545329844434,,,,,,,,,,,,,,
194.0,,27447.0,30195.0,2748.0,28270.0,29457.0,28566.75,0.031109878793358803,0.009965276313014328,0.01,0.0019273331435397268,0.0,0.0,0.0,0.04456111416220665,0.11818823742510083,89.94270181655884,92.35546875,341.45550537109375,2e-05,194.0,0.0,-0.71875,0.75,-1.0,-0.71875,0.75,-1.0,-0.10930737107992172,0.8660224080085754,-1.499993920326233,-0.10930737107992172,0.8660224080085754,-1.499993920326233,270.2875061035156,2000.0,93.0,0.012500000186264515,270.2875061035156,2000.0,93.0,0.012500000186264515,0.0,1158.050048828125,1281.0,1093.0,0.0,3.7055004213470966e-05,8.64918041229248,19.02739906311035,5.0378570556640625,0.25,30.610412373003783,1.106426302001637,2.3808903669996653,1.5880545129984966,0.001929635000124108,12.668758359999629,48.35900222299824,2.7390997274778783e-05,0.013897752745748962,0.11086979057820394,1.688707150904555e-05,1.4156413251169488,114267.0,48.35900222299824,590.7224857177558,,,,,,,,,,,,,,
195.0,,28396.0,33573.0,5177.0,29342.0,30097.0,29908.25,0.02999131567776203,0.008644947393331676,0.01,0.001288831084966659,0.0,0.0,0.0,0.04921393468976021,0.12367696330757867,89.94270181655884,92.35546875,362.19744873046875,2e-05,195.0,0.0,-0.581250011920929,0.75,-1.0,-0.581250011920929,0.75,-1.0,-0.17030806839466095,1.4376330375671387,-1.4999982118606567,-0.17030806839466095,1.4376330375671387,-1.4999982118606567,337.51251220703125,2000.0,112.0,0.03750000149011612,337.51251220703125,2000.0,112.0,0.03750000149011612,0.0,1157.9000244140625,1283.0,1093.0,0.0,3.593500150600448e-05,12.20694351196289,19.368635177612305,5.1430864334106445,0.25,29.758775662005064,1.039492745003372,2.479117734997999,1.7131351030038786,0.001972033998754341,12.726548841004842,47.72156293700391,2.934300573542714e-05,0.014319920949937547,0.10637991892709238,1.6484030315668263e-05,1.102136056516613,119633.0,47.72156293700391,626.7240249335748,,,,,,,,,,,,,,
196.0,-0.5209593969593003,26616.0,32787.0,6171.0,29434.0,29434.0,29434.0,0.03252091631293297,0.008408558837254531,0.01,-0.0001354070752859116,0.0,0.0,0.0,0.029748378321528435,0.12157735816367049,89.94270181655884,92.35546875,351.2928466796875,2e-05,196.0,0.0,-0.5162500143051147,1.0,-1.0,-0.5162500143051147,1.0,-1.0,0.0001318545691901818,0.8660245537757874,-0.8660245537757874,0.0001318545691901818,0.8660245537757874,-0.8660245537757874,246.3000030517578,1103.0,111.0,0.0,246.3000030517578,1103.0,111.0,0.0,0.0,1225.4000244140625,2003.0,1095.0,0.0,3.5615004890132695e-05,5.304488182067871,11.046680450439453,3.038858413696289,0.25,22.898389028996462,1.0778981139956159,2.3984036600013496,1.5972699159974582,0.001862340999650769,12.71473374299967,40.690988119000394,4.0767001337371767e-05,0.013566537983263047,0.10799359365869123,1.5817940134290012e-05,1.1621188098353867,117736.0,40.690988119000394,723.3542698427611,389.55801618999976,,,,,,,,,,,,,
197.0,,27656.0,30150.0,2494.0,28852.0,28853.0,28852.5,0.03210750222206116,0.010650506280362607,0.01,-7.730692625045784e-05,0.0,0.0,0.0,0.06220962479710579,0.1192098705302594,89.94270181655884,92.35546875,332.876953125,2e-05,197.0,0.0,-0.596875011920929,0.75,-1.0,-0.596875011920929,0.75,-1.0,-0.0008380344952456653,1.4999982118606567,-1.4999982118606567,-0.0008380344952456653,1.4999982118606567,-1.4999982118606567,261.0249938964844,554.0,100.0,0.0,261.0249938964844,554.0,100.0,0.0,0.0,1181.5999755859375,1277.0,1095.0,0.0,6.54700052109547e-05,4.844258785247803,5.7696309089660645,3.701136827468872,0.25,15.584746911001275,6.975071866996586,2.3647265980034717,1.5409040480008116,0.0018643899966264144,12.67907632800052,39.148934926997754,2.892699558287859e-05,0.01335156440517123,0.10986115872108586,1.6154492649046135e-05,0.746324437841264,115410.0,39.148934926997754,736.9932299257224,,,,,,,,,,,,,,
198.0,,26640.0,30173.0,3533.0,28239.0,29244.0,28513.5,0.03556257113814354,0.009174335347488523,0.01,0.0005374102294445036,0.0,0.0,0.0,0.04575958847999573,0.11786394023533918,89.94270181655884,92.35546875,347.0272216796875,2e-05,198.0,0.0,-0.6781250238418579,0.75,-1.0,-0.6781250238418579,0.75,-1.0,-0.08781735599040985,1.4999982118606567,-1.499993920326233,-0.08781735599040985,1.4999982118606567,-1.499993920326233,263.5249938964844,2000.0,98.0,0.012500000186264515,263.5249938964844,2000.0,98.0,0.012500000186264515,0.0,1162.1500244140625,1282.0,1097.0,0.0,3.2894997275434434e-05,8.379091262817383,18.934833526611328,3.204586982727051,0.25,30.043283104001603,1.2073420010055997,2.374175805998675,1.594697084998188,0.0018642289942363277,12.682520608999766,47.90654978899693,3.0559000151697546e-05,0.01398194789308738,0.11119750827677913,1.6345143477969452e-05,1.4250679776113084,114054.0,47.90654978899693,595.1900131732909,,,,,,,,,,,,,,
199.0,,25619.0,32314.0,6695.0,28602.0,28603.0,28602.75,0.032277822494506836,0.009029544703662396,0.01,-0.0007271604239940646,0.0,0.0,0.0,0.05939474701881409,0.11861898823098965,89.94270181655884,92.35546875,345.5174560546875,2e-05,199.0,0.0,-0.5967499613761902,0.75,-1.0,-0.5967499613761902,0.75,-1.0,0.0010414925636723638,0.49999943375587463,-1.4999982118606567,0.0010414925636723638,0.49999943375587463,-1.4999982118606567,216.03750610351562,515.0,121.0,0.0,216.03750610351562,515.0,121.0,0.0,0.0,1214.0999755859375,1845.0,1095.0,0.0,3.683000250020996e-05,3.898346424102783,5.340394973754883,2.513362169265747,0.25,16.224203031997604,1.113125003001187,2.3417655499943066,1.555414816000848,0.0018458619961165823,12.63591598199855,33.874782452003274,2.9310998797882348e-05,0.013594976147405827,0.11044319149381222,1.613360600044211e-05,0.9387376631370482,114411.0,33.874782452003274,844.3670462098718,,,,,,,,,,,,,,
200.0,,26707.0,33459.0,6752.0,29586.0,29587.0,29586.5,0.03336506709456444,0.008993752764072268,0.01,0.0007842832058668136,0.0,0.0,0.0,0.03114854358136654,0.12203967090049478,89.94270181655884,92.35546875,358.6081237792969,2e-05,200.0,0.0,-0.5349999666213989,0.75,-1.0,-0.5349999666213989,0.75,-1.0,-0.0035790458787232637,1.4999982118606567,-1.4999982118606567,-0.0035790458787232637,1.4999982118606567,-1.4999982118606567,199.0749969482422,528.0,104.0,0.0,199.0749969482422,528.0,104.0,0.0,0.0,1280.25,2265.0,1101.0,0.0,3.3791002351790667e-05,3.973072052001953,5.383554458618164,2.600545883178711,0.25,16.305112362002546,1.1520463310007472,2.4121706820005784,1.589421066993964,0.0019997449999209493,12.744331848000002,34.20770636799716,2.841500099748373e-05,0.013430289718232673,0.10768705193246922,1.6897444779890738e-05,1.0238046189879786,118346.0,34.20770636799716,864.9074475124556,,,,,,,,,,,,,,
201.0,,26202.0,29721.0,3519.0,28000.0,28959.0,28282.0,0.03340720757842064,0.01212747756857425,0.01,0.0009661717340350151,0.0,0.0,0.0,0.03659212216734886,0.11572553122572626,89.94270181655884,92.35546875,347.92266845703125,2e-05,201.0,0.0,-0.37062498927116394,0.75,-1.0,-0.37062498927116394,0.75,-1.0,-0.13147109746932983,0.49999943375587463,-1.4999982118606567,-0.13147109746932983,0.49999943375587463,-1.4999982118606567,229.85000610351562,2000.0,115.0,0.012500000186264515,229.85000610351562,2000.0,115.0,0.012500000186264515,0.0,1184.25,1864.0,1101.0,0.0,3.567899693734944e-05,7.369420051574707,18.974430084228516,2.940260887145996,0.25,30.679319826995197,1.1950179999985266,2.4289763320048223,1.5849418020006851,0.0018946279960800894,12.806163906003349,48.698885549994884,2.892699558287859e-05,0.01401016372605089,0.11320065683122965,1.674764864648972e-05,1.6684424530669566,113128.0,48.698885549994884,580.7525096434773,,,,,,,,,,,,,,
202.0,,27977.0,33248.0,5271.0,29553.0,29554.0,29553.25,0.03687107190489769,0.008092122059315443,0.01,0.00037852961570024465,0.0,0.0,0.0,0.07723013311624527,0.12162851879021666,89.94270181655884,92.35546875,347.55633544921875,2e-05,202.0,0.0,-0.328125,1.0,-1.0,-0.328125,1.0,-1.0,-0.00963522307574749,1.4999982118606567,-1.4999982118606567,-0.00963522307574749,1.4999982118606567,-1.4999982118606567,266.0625,724.0,140.0,0.0,266.0625,724.0,140.0,0.0,0.0,1211.5999755859375,2135.0,1102.0,0.0,3.414299862924963e-05,5.941050052642822,7.206051349639893,4.757785320281982,0.25,18.231432143002166,1.2157191520018387,2.361797440004011,1.589971212000819,0.0019121629957226105,12.756268664001254,36.15962763800053,2.8319002012722194e-05,0.01345005381811492,0.10790918650234115,1.6175572870349374e-05,0.856538977824861,118213.0,36.15962763800053,817.2996219945081,,,,,,,,,,,,,,
203.0,,25622.0,28984.0,3362.0,27040.0,27041.0,27040.75,0.036197762936353683,0.012078486606478691,0.01,0.0004670114628970622,0.0,0.0,0.0,0.05559862032532692,0.11187366544095456,89.94270181655884,92.35546875,330.8094177246094,2e-05,203.0,0.0,-0.40312498807907104,0.75,-1.0,-0.40312498807907104,0.75,-1.0,-0.008235064335167408,1.4999982118606567,-1.499993920326233,-0.008235064335167408,1.4999982118606567,-1.499993920326233,208.1875,594.0,123.0,0.0,208.1875,594.0,123.0,0.0,0.0,1143.8499755859375,1275.0,1095.0,0.0,3.772700438275933e-05,4.09800910949707,6.041304588317871,2.899437189102173,0.25,17.05721145199641,1.0903783609974198,2.4052888600053848,1.4631594599995879,0.0019400029996177182,12.62266199199803,34.64326231599989,3.161499626003206e-05,0.013527356489738523,0.1167003688137166,1.7935920782686484e-05,1.0241495918340684,108163.0,34.64326231599989,780.5486028811815,,,,,,,,,,,,,,
204.0,,27878.0,30873.0,2995.0,29012.0,29078.0,29029.75,0.032961174845695496,0.006616406401153655,0.01,0.0,0.0,0.0,0.0,0.006467596162110567,0.12121393474993372,89.94270181655884,92.35546875,336.6778564453125,2e-05,204.0,0.0,-0.6100000143051147,0.75,-1.0,-0.6100000143051147,0.75,-1.0,0.0,0.0,0.0,0.0,0.0,0.0,249.3874969482422,858.0,125.0,0.0,249.3874969482422,858.0,125.0,0.0,0.0,1202.0999755859375,2005.0,1103.0,0.0,3.4910997783299536e-05,6.038384914398193,8.476186752319336,3.778360366821289,0.25,19.746997488997295,1.0288970969995717,2.410605905999546,1.5504393720038934,0.0019224669958930463,12.558217092999257,37.2997237870004,2.7647001843433827e-05,0.013352159181562823,0.10814954566435517,1.6556007164142355e-05,0.9897748227656405,116119.0,37.2997237870004,778.2832432157948,,,,,,,,,,,,,,
205.0,,27648.0,33035.0,5387.0,30395.0,30396.0,30395.75,0.034289002418518066,0.007607080275902264,0.01,0.0013573492690920831,0.0,0.0,0.0,0.07899249345064163,0.12619436547041513,89.94270181655884,92.35546875,348.5364990234375,2e-05,205.0,0.0,-0.3737500309944153,1.0,-1.0,-0.3737500309944153,1.0,-1.0,-0.006695746444165707,1.4999982118606567,-1.4999982118606567,-0.006695746444165707,1.4999982118606567,-1.4999982118606567,238.03750610351562,621.0,102.0,0.0,238.03750610351562,621.0,102.0,0.0,0.0,1281.75,2291.0,1099.0,0.0,3.7343001167755574e-05,4.874781131744385,6.367785930633545,3.7447385787963867,0.25,17.052435730998695,15.038068344998464,2.400648174996604,1.6008373200020287,0.0019123880047118291,12.675704183006019,48.77217959500558,2.9630995413754135e-05,0.013166621320431546,0.1042555635492299,1.572907400468675e-05,0.8954700273590661,121583.0,48.77217959500558,623.219020605604,,,,,,,,,,,,,,
206.0,,25546.0,28511.0,2965.0,26842.0,26843.0,26842.75,0.031173938885331154,0.00816342318430543,0.01,0.0,0.0,0.0,0.0,0.0059075434692204,0.11110499416743391,89.94270181655884,92.35546875,326.37335205078125,2e-05,206.0,0.0,-0.8999999761581421,-0.5,-1.0,-0.8999999761581421,-0.5,-1.0,0.0,0.0,0.0,0.0,0.0,0.0,208.33749389648438,429.0,93.0,0.0,208.33749389648438,429.0,93.0,0.0,0.0,1133.800048828125,1216.0,1104.0,0.0,3.564699727576226e-05,3.9561538696289062,4.529140949249268,3.265061616897583,0.25,15.738439377004397,1.3303783320006914,2.4058562380014337,1.4404311789985513,0.0018366139993304387,12.609998344996711,33.52951113900053,2.863899862859398e-05,0.013415458354663283,0.11744324207650773,1.7105307758430475e-05,0.9442874768707264,107371.0,33.52951113900053,800.5708728862828,,,,,,,,,,,,,,
207.0,,27014.0,31505.0,4491.0,28144.0,29506.0,28485.0,0.03126652538776398,0.008505760937696324,0.01,0.0015367495268583295,0.0,0.0,0.0,0.08821246773004532,0.11770768687022838,89.94270181655884,92.35546875,345.6243896484375,2e-05,207.0,0.0,-0.48750001192092896,0.75,-1.0,-0.48750001192092896,0.75,-1.0,-0.10193491727113724,1.4999982118606567,-1.4999982118606567,-0.10193491727113724,1.4999982118606567,-1.4999982118606567,274.5,2000.0,105.0,0.012500000186264515,274.5,2000.0,105.0,0.012500000186264515,0.0,1149.75,1282.0,1095.0,0.0,3.414299862924963e-05,7.99796199798584,19.2742977142334,4.014337062835693,0.25,30.515725789999124,1.3424515559963766,2.4183362780022435,1.5707445000007283,0.0019257629974163137,12.682148407002387,48.53388382999401,3.2254996767733246e-05,0.013785716166409763,0.11130549769178855,1.6901553426507932e-05,1.3896049995445867,113940.0,48.53388382999401,586.9095516810099,,,,,,,,,,,,,,
208.0,,25618.0,30730.0,5112.0,27731.0,29093.0,28071.75,0.033161990344524384,0.009319838751107454,0.01,0.00037702081725001364,0.0,0.0,0.0,0.05079491436481476,0.11573801050427404,89.94270181655884,92.35546875,340.06304931640625,2e-05,208.0,0.0,-0.6625000238418579,0.75,-1.0,-0.6625000238418579,0.75,-1.0,-0.051957909017801285,1.4999982118606567,-1.4999982118606567,-0.051957909017801285,1.4999982118606567,-1.4999982118606567,253.53750610351562,2000.0,92.0,0.012500000186264515,253.53750610351562,2000.0,92.0,0.012500000186264515,0.0,1150.050048828125,1279.0,1104.0,0.0,3.507100336719304e-05,7.979421138763428,19.132837295532227,2.45139217376709,0.25,30.28338582700235,1.2814327250016504,2.359969042998273,1.5523969549976755,0.0018043589952867478,12.69946370999969,48.18098457000451,2.8574999305419624e-05,0.013825259869777227,0.11309825456196791,1.6069170921716208e-05,1.4930427366268475,112287.0,48.18098457000451,582.6313067391385,,,,,,,,,,,,,,
209.0,,29310.0,30798.0,1488.0,29608.0,30319.0,29848.25,0.03266352042555809,0.008515271928044967,0.01,3.289893269538876e-05,0.0,0.0,0.0,0.03534918278455734,0.12282207856835295,89.94270181655884,92.35546875,352.43927001953125,2e-05,209.0,0.0,-0.53125,0.75,-1.0,-0.53125,0.75,-1.0,-0.0006815927918069065,0.8660224080085754,-1.499993920326233,-0.0006815927918069065,0.8660224080085754,-1.499993920326233,307.51251220703125,2000.0,123.0,0.012500000186264515,307.51251220703125,2000.0,123.0,0.012500000186264515,0.0,1184.9000244140625,1281.0,1105.0,0.0,3.305499558337033e-05,11.357526779174805,18.99907112121582,4.946857929229736,0.25,30.244503574998816,1.1191558270002133,2.344032298999082,1.6655848610025714,0.0018972199977724813,12.770912711996061,48.148763401994074,2.841500099748373e-05,0.013950439816426184,0.10696533893943583,1.5890546328281234e-05,1.2294013891711237,119393.0,48.148763401994074,619.9172707883882,,,,,,,,,,,,,,
210.0,-0.5165007983091151,26463.0,30195.0,3732.0,27953.0,27954.0,27953.25,0.038989268243312836,0.008626508037559688,0.01,-0.00019365012645721405,0.0,0.0,0.0,0.03500344604253769,0.11356417049713183,89.94270181655884,92.35546875,341.211669921875,2e-05,210.0,0.0,-0.3737500011920929,0.75,-1.0,-0.3737500011920929,0.75,-1.0,-0.0010516114998608828,0.49999943375587463,-1.4999982118606567,-0.0010516114998608828,0.49999943375587463,-1.4999982118606567,208.0124969482422,555.0,96.0,0.0,208.0124969482422,555.0,96.0,0.0,0.0,1189.6500244140625,2139.0,1103.0,0.0,3.6479003028944135e-05,4.3975019454956055,5.607959270477295,3.4027955532073975,0.25,17.073370333004277,7.51613034500042,2.376130140000896,1.4691438020017813,0.0019731540014618076,12.884448110002268,41.323783289997664,4.1375002183485776e-05,0.013139293302225871,0.11523211174015784,1.764691047965628e-05,1.025982232618489,111813.0,41.323783289997664,676.4445985942924,387.4379021630011,,,,,,,,,,,,,
211.0,,26360.0,35720.0,9360.0,29863.0,29873.0,29870.0,0.032635848969221115,0.007599471117428039,0.01,-0.000864904373884201,0.0,0.0,0.0,0.01905817911028862,0.11418187015550013,89.94270181655884,92.35546875,355.78759765625,2e-05,211.0,0.0,-0.5737499594688416,0.75,-1.0,-0.5737499594688416,0.75,-1.0,0.01026555709540844,0.49999943375587463,-1.4999982118606567,0.01026555709540844,0.49999943375587463,-1.4999982118606567,224.0500030517578,855.0,116.0,0.0,224.0500030517578,855.0,116.0,0.0,0.0,1269.449951171875,2124.0,1099.0,0.0,6.508600199595094e-05,5.063221454620361,8.523090362548828,3.225203514099121,0.25,19.59690784599661,6.257249025002238,2.371077386000252,1.5810969390004175,0.0018957480060635135,13.744778312000562,43.55557586500072,2.867099829018116e-05,0.013233151481422978,0.11503831864747709,1.586665555794705e-05,1.0933333991294696,119480.0,43.55557586500072,685.7904965504583,,,,,,,,,,,,,,
212.0,,26817.0,30069.0,3252.0,28324.0,28325.0,28324.25,0.034088827669620514,0.00729003736982122,0.01,-0.00021395973861217457,0.0,0.0,0.0,0.025799628347158432,0.10702235313381855,89.94270181655884,92.35546875,331.68994140625,2e-05,212.0,0.0,-0.4468750059604645,0.75,-1.0,-0.4468750059604645,0.75,-1.0,0.0013493067817762494,0.8660224080085754,-1.4999982118606567,0.0013493067817762494,0.8660224080085754,-1.4999982118606567,253.7624969482422,485.0,99.0,0.0,253.7624969482422,485.0,99.0,0.0,0.0,1162.449951171875,1281.0,1093.0,0.0,3.407900658203289e-05,4.448009490966797,4.996886253356934,3.529785394668579,0.25,16.382508085000154,1.2782275200006552,3.1047929889973602,1.5196610089988098,0.0019088359986199066,13.848261404004006,36.13813527699676,2.8800001018680632e-05,0.01341307368243475,0.1222297272125829,1.6848071869686812e-05,0.806980349982767,113297.0,36.13813527699676,783.7772973867142,,,,,,,,,,,,,,
213.0,,25717.0,33178.0,7461.0,30385.0,30387.0,30386.5,0.04178391769528389,0.007622073742968497,0.01,-0.00032825150992721303,0.0,0.0,0.0,0.08462792634963989,0.12422411960951892,89.94270181655884,92.35546875,360.9151611328125,2e-05,213.0,0.0,-0.3987500071525574,1.0,-1.0,-0.3987500071525574,1.0,-1.0,0.011574222706258297,1.4999982118606567,-1.4999982118606567,0.011574222706258297,1.4999982118606567,-1.4999982118606567,215.3249969482422,435.0,95.0,0.0,215.3249969482422,435.0,95.0,0.0,0.0,1304.0,2021.0,1100.0,0.0,3.823800216196105e-05,4.174623966217041,4.661543369293213,3.4781250953674316,0.25,15.969891951004684,6.885800159994687,2.362078524005483,1.665970763999212,0.0019466910016490147,12.868853886997385,39.75711661400419,2.883200068026781e-05,0.013706504237072483,0.10587640800188723,1.601608445896216e-05,0.9270806891329783,121546.0,39.75711661400419,764.3034150342922,,,,,,,,,,,,,,
214.0,,28648.0,31021.0,2373.0,29720.0,29721.0,29720.75,0.041021715849637985,0.008828265553020173,0.01,0.0003266467805951833,0.0,0.0,0.0,0.06344497948884964,0.12133116529587995,89.94270181655884,92.35546875,345.47344970703125,2e-05,214.0,0.0,-0.3531250059604645,1.0,-1.0,-0.3531250059604645,1.0,-1.0,0.002780097769573331,1.4999982118606567,-1.4999982118606567,0.002780097769573331,1.4999982118606567,-1.4999982118606567,252.33749389648438,656.0,116.0,0.0,252.33749389648438,656.0,116.0,0.0,0.0,1233.699951171875,2321.0,1095.0,0.0,3.4046999644488096e-05,5.030492305755615,6.607264041900635,4.318897724151611,0.25,17.90092756699596,1.1226358220010297,2.398571389996505,1.5699367660054122,0.001939714995387476,12.867457066000497,35.86396843900002,2.7966998459305614e-05,0.01320572971749882,0.10823630852182817,1.6316167958307545e-05,0.8867552170701918,118883.0,35.86396843900002,828.7077892830282,,,,,,,,,,,,,,
215.0,,27047.0,31500.0,4453.0,29770.0,29770.0,29770.0,0.02925974316895008,0.007346129320794717,0.01,0.00018804647028446212,0.0,0.0,0.0,0.06397955119609833,0.12168684443714169,89.94270181655884,92.35546875,351.35589599609375,2e-05,215.0,0.0,-0.75,0.4000000059604645,-1.0,-0.75,0.4000000059604645,-1.0,0.0005188253126107156,0.8660229444503784,-0.8660229444503784,0.0005188253126107156,0.8660229444503784,-0.8660229444503784,208.64999389648438,495.0,96.0,0.0,208.64999389648438,495.0,96.0,0.0,0.0,1279.8499755859375,2228.0,1105.0,0.0,3.379099507583305e-05,4.312906265258789,5.067691802978516,3.876129627227783,0.25,16.828567472999566,7.2152807590027805,2.400095015000261,1.6066849880007794,0.002001631997700315,12.861806896995404,40.916979178000474,3.18710008286871e-05,0.013492483943573896,0.10800979926936012,1.680913669550147e-05,1.0081816123292335,119080.0,40.916979178000474,727.5708177402845,,,,,,,,,,,,,,
216.0,,26837.0,33923.0,7086.0,29337.0,29927.0,29484.75,0.029021115973591805,0.007054071464226581,0.01,0.0011143151298165315,0.0,0.0,0.0,0.030428973957896233,0.10885039458543458,89.94270181655884,92.35546875,367.92584228515625,2e-05,216.0,0.0,-0.6968749761581421,1.0,-1.0,-0.6968749761581421,1.0,-1.0,-0.0797399953007698,1.4999982118606567,-1.499993920326233,-0.0797399953007698,1.4999982118606567,-1.499993920326233,276.2875061035156,2000.0,105.0,0.012500000186264515,276.2875061035156,2000.0,105.0,0.012500000186264515,0.0,1197.949951171875,2057.0,1107.0,0.0,3.487899812171236e-05,8.166998863220215,19.094921112060547,3.7445132732391357,0.25,29.71329083800083,1.3082009130012011,2.3879369299975224,1.6094169899952249,0.0018920989969046786,14.224885948002338,49.248175574000925,2.899100218201056e-05,0.013646181415776162,0.12061223130603395,1.6043030693025028e-05,1.3443103125367972,117939.0,49.248175574000925,598.6973051559208,,,,,,,,,,,,,,
217.0,,27034.0,30414.0,3380.0,28379.0,28380.0,28379.5,0.0358511358499527,0.008681556392984933,0.01,6.347056478262017e-05,0.0,0.0,0.0,0.08648309856653214,0.11678586957665352,89.94270181655884,92.35546875,335.43572998046875,2e-05,217.0,0.0,-0.28837499022483826,1.0,-1.0,-0.28837499022483826,1.0,-1.0,-0.0005958122783340514,0.8660245537757874,-1.4999982118606567,-0.0005958122783340514,0.8660245537757874,-1.4999982118606567,231.47500610351562,677.0,95.0,0.0,231.47500610351562,677.0,95.0,0.0,0.0,1187.5,1751.0,1095.0,0.0,3.433500387473032e-05,5.192781925201416,6.771921634674072,4.115046501159668,0.25,18.10495945299772,1.5841477170033613,2.42148286599695,1.5168730659934226,0.0019374419935047626,12.723222380001971,36.35520642699703,2.988699998240918e-05,0.01336240125789234,0.1120811006184215,1.706726680794907e-05,0.9776951859270827,113518.0,36.35520642699703,780.617215225758,,,,,,,,,,,,,,
218.0,,27350.0,34128.0,6778.0,30079.0,30080.0,30079.75,0.04062430560588837,0.007523063450935297,0.01,0.00031219383701682027,0.0,0.0,0.0,0.07375271618366241,0.1235416905386405,89.94270181655884,92.35546875,346.52716064453125,2e-05,218.0,0.0,-0.3843750059604645,1.0,-1.0,-0.3843750059604645,1.0,-1.0,0.017405999824404716,1.4999982118606567,-1.4999982118606567,0.017405999824404716,1.4999982118606567,-1.4999982118606567,254.6374969482422,985.0,117.0,0.0,254.6374969482422,985.0,117.0,0.0,0.0,1249.3499755859375,2173.0,1093.0,0.0,3.379099507583305e-05,5.572351455688477,9.821581840515137,2.268556594848633,0.25,20.638243954002974,1.2792632100026822,2.45243410099647,1.59590118000051,0.002011807002418209,12.800075797000318,38.77046532699751,2.9406997782643884e-05,0.013263916588406735,0.10638449286480371,1.6720609400162974e-05,1.0131188431595393,120319.0,38.77046532699751,775.841861744543,,,,,,,,,,,,,,
219.0,,26280.0,30250.0,3970.0,28370.0,28505.0,28453.75,0.03927858918905258,0.009594071950559738,0.01,-0.0001887279096990822,0.0,0.0,0.0,0.0826132595539093,0.11581905143445366,89.94270181655884,92.35546875,338.5443115234375,2e-05,219.0,0.0,-0.5962499976158142,1.0,-1.0,-0.5962499976158142,1.0,-1.0,-0.0001303386816289276,1.4999982118606567,-1.4999982118606567,-0.0001303386816289276,1.4999982118606567,-1.4999982118606567,237.4875030517578,893.0,123.0,0.0,237.4875030517578,893.0,123.0,0.0,0.0,1185.199951171875,2036.0,1095.0,0.0,3.420600114623085e-05,4.863903999328613,8.894784927368164,3.245866060256958,0.25,19.922393383996678,1.220410031004576,2.465796003001742,1.530293346993858,0.0020027200007461943,12.871589786002005,38.01496864799992,3.087900404352695e-05,0.013445445213670061,0.11309220916401182,1.7596274662796595e-05,1.048602209800341,113815.0,38.01496864799992,748.488056467121,,,,,,,,,,,,,,
220.0,,26604.0,34765.0,8161.0,29091.0,29092.0,29091.25,0.03144562989473343,0.007256253689993173,0.01,0.0,0.0,0.0,0.0,0.003403850831091404,0.11887665191091355,89.94270181655884,92.35546875,353.2479248046875,2e-05,220.0,0.0,-0.32499998807907104,1.0,-1.0,-0.32499998807907104,1.0,-1.0,0.0,0.0,0.0,0.0,0.0,0.0,229.0124969482422,597.0,102.0,0.0,229.0124969482422,597.0,102.0,0.0,0.0,1225.550048828125,1917.0,1099.0,0.0,3.4302996937185526e-05,4.681693077087402,6.204691410064697,3.1971452236175537,0.25,17.418798195998534,1.0752314839992323,2.4496120550029445,1.607100672001252,0.0018781480030156672,12.834946401002526,35.390082843005075,2.902300184359774e-05,0.013810859554000361,0.1102990280668803,1.614014525858864e-05,0.9507558646361298,116365.0,35.390082843005075,822.0170076756389,,,,,,,,,,,,,,
221.0,,26268.0,27106.0,838.0,26627.0,26627.0,26627.0,0.04801049828529358,0.009570191102102398,0.01,0.0003775793313980102,0.0,0.0,0.0,0.05051802843809128,0.10964251417527376,89.94270181655884,92.35546875,321.3194580078125,2e-05,221.0,0.0,-0.4156250059604645,0.75,-1.0,-0.4156250059604645,0.75,-1.0,0.004068321548402309,0.49999943375587463,-1.4999982118606567,0.004068321548402309,0.49999943375587463,-1.4999982118606567,201.25,487.0,96.0,0.0,201.25,487.0,96.0,0.0,0.0,1130.0999755859375,1205.0,1095.0,0.0,3.657499473774806e-05,4.394044399261475,4.881305694580078,3.965965986251831,0.25,16.215650981997896,1.0838885830016807,2.384463989001233,1.4343408679997083,0.001870564003183972,12.669028484997398,33.791765087000385,2.9151000489946455e-05,0.013466977766925566,0.11894907880156794,1.7562661989559207e-05,1.0071832908073228,106508.0,33.791765087000385,787.9730440669803,,,,,,,,,,,,,,
222.0,,26351.0,29334.0,2983.0,28076.0,28077.0,28076.25,0.03173277527093887,0.005322010201052762,0.01,-0.0008215526118874553,0.0,0.0,0.0,0.021153509616851807,0.1156440225913668,89.94270181655884,92.35546875,330.74383544921875,2e-05,222.0,0.0,-0.590624988079071,0.75,-1.0,-0.590624988079071,0.75,-1.0,0.010202497243881226,1.4999982118606567,-0.49999943375587463,0.010202497243881226,1.4999982118606567,-0.49999943375587463,243.8125,561.0,115.0,0.0,243.8125,561.0,115.0,0.0,0.0,1160.0,1285.0,1099.0,0.0,3.628700505942106e-05,4.812878608703613,5.821101665496826,3.319201707839966,0.25,17.102454248997674,1.1625730410014512,2.379324004999944,1.5210334830044303,0.0018446769972797483,12.700531537993811,34.87031422399741,2.9470997105818242e-05,0.013543773500774056,0.11308963570628032,1.6425599904543416e-05,0.8768241091513803,112305.0,34.87031422399741,805.1619443302349,,,,,,,,,,,,,,
223.0,,26679.0,28980.0,2301.0,27713.0,27714.0,27713.5,0.047592245042324066,0.007688353693229147,0.01,-0.0012763336673378937,0.0,0.0,0.0,0.08739402890205383,0.10893468586837497,89.94270181655884,92.35546875,338.22235107421875,2e-05,223.0,0.0,-0.609375,0.75,-1.0,-0.609375,0.75,-1.0,-0.013887540437281132,1.4999982118606567,-1.4999982118606567,-0.013887540437281132,1.4999982118606567,-1.4999982118606567,239.6750030517578,748.0,128.0,0.0,239.6750030517578,748.0,128.0,0.0,0.0,1146.0,1286.0,1097.0,0.0,3.4942997444886714e-05,5.7441487312316895,7.359854698181152,4.065412521362305,0.25,18.62233025400201,1.229054212999472,2.998485460993834,1.5386452520033345,0.0018835880036931485,13.302658737004094,37.69555188900267,2.982400474138558e-05,0.01387992541544134,0.12000161236404726,1.699161062021351e-05,0.9712282389695426,110854.0,37.69555188900267,735.1928440152419,,,,,,,,,,,,,,
224.0,-0.5075836007002812,26329.0,29920.0,3591.0,28006.0,28007.0,28006.5,0.03949815034866333,0.006519521308946424,0.01,0.0013970492407679562,0.0,0.0,0.0,0.0533718466758728,0.11494349928688426,89.94270181655884,92.35546875,335.5276184082031,2e-05,224.0,0.0,-0.47062501311302185,1.0,-1.0,-0.47062501311302185,1.0,-1.0,-0.008322052657604218,0.49999943375587463,-1.4999982118606567,-0.008322052657604218,0.49999943375587463,-1.4999982118606567,203.52499389648438,389.0,121.0,0.0,203.52499389648438,389.0,121.0,0.0,0.0,1196.800048828125,1890.0,1099.0,0.0,3.3855001674965024e-05,3.5647268295288086,4.16942024230957,2.911318778991699,0.25,15.407734497995989,1.2792437829994014,2.4043062670025392,1.4950651030012523,0.0018499259967938997,12.751353665000352,33.34229421099735,2.9855000320822e-05,0.013345697454173605,0.11382494836020524,1.6513362940691443e-05,0.9463047843014365,112026.0,33.34229421099735,839.9691941642865,397.5110853549995,,,,,,,,,,,,,
225.0,,27176.0,29804.0,2628.0,28500.0,28501.0,28500.5,0.03634184971451759,0.009504081560298801,0.01,0.00014034645631909385,0.0,0.0,0.0,0.18616153299808502,0.10363541899081377,89.94270181655884,92.35546875,337.1174621582031,2e-05,225.0,0.0,-0.5562499761581421,0.75,-1.0,-0.5562499761581421,0.75,-1.0,0.020777927711606026,1.4999982118606567,-1.4999982118606567,0.020777927711606026,1.4999982118606567,-1.4999982118606567,257.2749938964844,564.0,102.0,0.0,257.2749938964844,564.0,102.0,0.0,0.0,1167.75,1281.0,1095.0,0.0,3.4078999306075275e-05,5.024688720703125,5.826473236083984,4.127425670623779,0.25,16.76085685200087,24.612558218999766,3.1710247100054403,1.536467306999839,0.0019929959962610155,14.396312220000254,60.481897630001185,2.9374998121056706e-05,0.013477546946543384,0.12628122506622913,1.7482114316073537e-05,0.814345391701529,114002.0,60.481897630001185,471.2236407387908,,,,,,,,,,,,,,
226.0,,26918.0,32502.0,5584.0,29039.0,29084.0,29051.0,0.034066129475831985,0.008555692113004627,0.01,-0.0007972064614295959,0.0,0.0,0.0,0.1661839783191681,0.12018716778631694,89.94270181655884,92.35546875,349.8707580566406,2e-05,226.0,0.0,-0.5843750238418579,0.75,-1.0,-0.5843750238418579,0.75,-1.0,0.013295209966599941,0.8660245537757874,-1.4999982118606567,0.013295209966599941,0.8660245537757874,-1.4999982118606567,248.4499969482422,666.0,120.0,0.0,248.4499969482422,666.0,120.0,0.0,0.0,1204.0999755859375,2143.0,1102.0,0.0,3.3758995414245874e-05,4.731612205505371,6.714756011962891,3.60786771774292,0.25,18.481981898999948,1.123320667000371,2.419574774998182,1.53744053599803,0.0019497629982652143,12.678101958001207,36.24568655100302,2.9054994229227304e-05,0.013230530239905941,0.10910211316306846,1.6778794174599965e-05,0.929864253320585,116204.0,36.24568655100302,801.502268666396,,,,,,,,,,,,,,
227.0,,25498.0,30928.0,5430.0,27813.0,29106.0,28138.75,0.03766148164868355,0.008230518475174906,0.01,-0.0001708320528268817,0.0,0.0,0.0,0.04918873310089111,0.10653851139676884,89.94270181655884,92.35546875,343.39593505859375,2e-05,227.0,0.0,-0.550000011920929,0.75,-1.0,-0.550000011920929,0.75,-1.0,-0.013619953766465187,0.8660245537757874,-1.4999982118606567,-0.013619953766465187,0.8660245537757874,-1.4999982118606567,254.2375030517578,2000.0,93.0,0.012500000186264515,254.2375030517578,2000.0,93.0,0.012500000186264515,0.0,1152.699951171875,1282.0,1100.0,0.0,3.4110998967662454e-05,7.9785661697387695,19.150156021118164,2.9699196815490723,0.25,30.73536300900014,1.293392309002229,3.163173401997483,1.5453758710063994,0.0018548219959484413,13.82999592100532,50.57153865000146,2.9022994567640126e-05,0.013729961983087374,0.12287322572080601,1.6479250108377605e-05,1.511154088647433,112555.0,50.57153865000146,556.4147493068058,,,,,,,,,,,,,,
228.0,,25950.0,30679.0,4729.0,28294.0,28295.0,28294.75,0.03703664615750313,0.009646066902205349,0.01,-0.0004784650541841982,0.0,0.0,0.0,0.1255946159362793,0.11706062245689926,89.94270181655884,92.35546875,333.57501220703125,2e-05,228.0,0.0,-0.59375,0.75,-1.0,-0.59375,0.75,-1.0,-0.0006126175867393613,1.4999982118606567,-1.4999982118606567,-0.0006126175867393613,1.4999982118606567,-1.4999982118606567,252.6875,691.0,116.0,0.0,252.6875,691.0,116.0,0.0,0.0,1162.050048828125,1275.0,1093.0,0.0,3.6094999813940376e-05,5.163608551025391,7.073200225830078,3.600942611694336,0.25,18.433169219002593,1.176071589005005,2.4495564230019227,1.5051321089995326,0.001923810996231623,12.650775629001146,36.219307929000934,2.908799797296524e-05,0.013298687115096729,0.11177670441514014,1.699795011646704e-05,0.9118560088549391,113179.0,36.219307929000934,781.2062575978789,,,,,,,,,,,,,,
229.0,,26934.0,29888.0,2954.0,28215.0,28216.0,28215.75,0.03657606616616249,0.008714267095783726,0.01,-0.0017364112101495265,0.0,0.0,0.0,0.048449501395225525,0.11614305112257128,89.94270181655884,92.35546875,339.2696533203125,2e-05,229.0,0.0,-0.534375011920929,0.75,-1.0,-0.534375011920929,0.75,-1.0,0.006359604652971029,1.4999982118606567,-1.499993920326233,0.006359604652971029,1.4999982118606567,-1.499993920326233,251.58749389648438,849.0,105.0,0.0,251.58749389648438,849.0,105.0,0.0,0.0,1159.199951171875,1282.0,1095.0,0.0,3.471899981377646e-05,6.315330982208252,8.357414245605469,4.0439677238464355,0.25,19.76189547299873,1.1339135200032615,2.4052354099985678,1.5263725859986152,0.00184822799928952,12.71744612800103,37.549173249994055,2.8863003535661846e-05,0.013524118497635322,0.1126803835446606,1.6375853905084216e-05,0.981859962885613,112863.0,37.549173249994055,751.4346537577753,,,,,,,,,,,,,,
230.0,,25682.0,28822.0,3140.0,27229.0,27230.0,27229.25,0.041899632662534714,0.008887995081604459,0.01,0.0014618319831788545,0.0,0.0,0.0,0.06098989024758339,0.11258595491619276,89.94270181655884,92.35546875,329.671875,2e-05,230.0,0.0,-0.543749988079071,0.75,-1.0,-0.543749988079071,0.75,-1.0,-0.007915141060948372,1.4999982118606567,-1.4999982118606567,-0.007915141060948372,1.4999982118606567,-1.4999982118606567,216.46249389648438,474.0,115.0,0.0,216.46249389648438,474.0,115.0,0.0,0.0,1145.0,1279.0,1101.0,0.0,3.574300353648141e-05,3.7076878547668457,4.907951831817627,2.3815786838531494,0.25,16.16344985899923,1.2068333600036567,2.441392253000231,1.4657373380032368,0.001977440006157849,12.633127908004099,33.91502943599335,2.7870999474544078e-05,0.013457378903231239,0.11598857761418419,1.8155476244827244e-05,0.9333862596869682,108917.0,33.91502943599335,802.8667659389421,,,,,,,,,,,,,,
231.0,,28050.0,29398.0,1348.0,28600.0,28601.0,28600.75,0.03627516329288483,0.008226654824102297,0.01,8.609641343355171e-05,0.0,0.0,0.0,0.06725093722343445,0.11809400590982108,89.94270181655884,92.35546875,343.75201416015625,2e-05,231.0,0.0,-0.5137499570846558,1.0,-1.0,-0.5137499570846558,1.0,-1.0,-0.0005079531692899764,0.49999821186065674,-1.4999949932098389,-0.0005079531692899764,0.49999821186065674,-1.4999949932098389,246.08749389648438,913.0,93.0,0.0,246.08749389648438,913.0,93.0,0.0,0.0,1183.949951171875,1796.0,1099.0,0.0,3.3855001674965024e-05,6.389098167419434,8.985688209533691,3.050830602645874,0.25,20.207829960003437,1.138611428999866,2.44212475400127,1.5485159599993494,0.0018918100031442009,12.692331931997614,38.033931997000764,2.8800001018680632e-05,0.013535623716155604,0.1109440480756415,1.653636708079509e-05,1.0264555269976856,114403.0,38.033931997000764,751.9798374318849,,,,,,,,,,,,,,
232.0,,27991.0,33392.0,5401.0,30162.0,30192.0,30176.75,0.032781198620796204,0.006400762826378923,0.01,0.000550462380051613,0.0,0.0,0.0,0.04309000074863434,0.11485788064026348,89.94270181655884,92.35546875,360.7691955566406,2e-05,232.0,0.0,-0.6431249380111694,0.75,-1.0,-0.6431249380111694,0.75,-1.0,-0.004488660022616386,1.499993920326233,-1.4999982118606567,-0.004488660022616386,1.499993920326233,-1.4999982118606567,231.1374969482422,666.0,108.0,0.0,231.1374969482422,666.0,108.0,0.0,0.0,1277.699951171875,2023.0,1101.0,0.0,3.497500438243151e-05,4.669559478759766,6.78952693939209,3.0254154205322266,0.25,17.889141951003694,6.211132560005353,3.208706893994531,1.6313295349973487,0.0019430419997661375,13.810801783001807,42.75566653099668,2.870299795176834e-05,0.013514788164707504,0.11441591442916986,1.6097177460844337e-05,0.9674512979830022,120707.0,42.75566653099668,705.795335411803,,,,,,,,,,,,,,
233.0,,29042.0,30918.0,1876.0,29653.0,29654.0,29653.75,0.042986370623111725,0.009849382173269989,0.01,0.0003211893513798712,0.0,0.0,0.0,0.055516403168439865,0.12144079451681618,89.94270181655884,92.35546875,341.68988037109375,2e-05,233.0,0.0,-0.5425000190734863,1.0,-1.0,-0.5425000190734863,1.0,-1.0,-0.00013669887266587466,1.4999982118606567,-1.4999982118606567,-0.00013669887266587466,1.4999982118606567,-1.4999982118606567,251.53750610351562,616.0,116.0,0.0,251.53750610351562,616.0,116.0,0.0,0.0,1231.1500244140625,1870.0,1103.0,0.0,3.449500218266621e-05,4.930438995361328,6.264616012573242,4.077527046203613,0.25,17.312499941996066,0.9676541890003136,2.4436121310063754,1.603937316001975,0.0018793009949149564,12.817343204005738,35.14946363499621,2.8127004043199122e-05,0.013522213177102178,0.10805836701939668,1.5843704378998915e-05,0.8603339433482118,118615.0,35.14946363499621,843.6472973793985,,,,,,,,,,,,,,
234.0,,27932.0,29313.0,1381.0,28490.0,29178.0,28705.25,0.03473256528377533,0.008727136212401093,0.01,0.0023406473034992816,0.0,0.0,0.0,0.09087637811899185,0.1164918692509413,89.94270181655884,92.35546875,346.637939453125,2e-05,234.0,0.0,-0.559374988079071,1.0,-1.0,-0.559374988079071,1.0,-1.0,-0.13547685742378235,0.8660245537757874,-1.4999982118606567,-0.13547685742378235,0.8660245537757874,-1.4999982118606567,246.0124969482422,2000.0,110.0,0.012500000186264515,246.0124969482422,2000.0,110.0,0.012500000186264515,0.0,1189.25,1916.0,1097.0,0.0,3.398300032131374e-05,8.277266502380371,18.92245864868164,3.055917263031006,0.25,29.936532453997643,0.9689741800029879,3.033773443996324,1.6306254049995914,0.0024398580062552355,12.92966579199856,48.50482061000366,3.766299778362736e-05,0.014201456223161194,0.1126071519321253,2.124923146685045e-05,1.521087975915738,114821.0,48.50482061000366,591.802003161719,,,,,,,,,,,,,,
235.0,,27409.0,29371.0,1962.0,28066.0,28067.0,28066.5,0.036583613604307175,0.008159896107390523,0.01,0.0009192262589931491,0.0,0.0,0.0,0.03829975426197052,0.11644813699539125,89.94270181655884,92.35546875,339.06585693359375,2e-05,235.0,0.0,-0.534375011920929,1.0,-1.0,-0.534375011920929,1.0,-1.0,-0.0054915351793169975,0.49999943375587463,-1.4999982118606567,-0.0054915351793169975,0.49999943375587463,-1.4999982118606567,232.1750030517578,844.0,112.0,0.0,232.1750030517578,844.0,112.0,0.0,0.0,1171.1500244140625,1770.0,1095.0,0.0,6.34219977655448e-05,6.132953643798828,8.250645637512207,4.251382827758789,0.25,19.520813258997805,1.1208340490047703,2.4185696669956087,1.5017510750039946,0.001882051998109091,12.617360768002982,37.183816226999625,2.8223003027960658e-05,0.013376722026294646,0.11238808515492653,1.6764220673303504e-05,1.0509751943037475,112266.0,37.183816226999625,754.8041822458388,,,,,,,,,,,,,,
236.0,,26348.0,28662.0,2314.0,27412.0,27414.0,27413.0,0.040452927350997925,0.011658056965097785,0.01,-0.0023055521585047247,0.0,0.0,0.0,0.04785655438899994,0.1126971940421746,89.94270181655884,92.35546875,331.99681091308594,2e-05,236.0,0.0,-0.5249999761581421,0.75,-1.0,-0.5249999761581421,0.75,-1.0,0.03052644431591034,1.4999982118606567,-1.4999982118606567,0.03052644431591034,1.4999982118606567,-1.4999982118606567,226.5,692.0,96.0,0.0,226.5,692.0,96.0,0.0,0.0,1144.1500244140625,1267.0,1095.0,0.0,3.5709999792743474e-05,5.146379470825195,6.8640456199646,3.4340291023254395,0.25,18.24666511399846,1.2890201280024485,2.381558605004102,1.4747478819990647,0.0018789159948937595,12.712621653998212,36.10906309800339,3.0175004212651402e-05,0.013449347772945907,0.11593606732205716,1.713526424409732e-05,1.0069903484546612,109652.0,36.10906309800339,759.1722866250653,,,,,,,,,,,,,,
237.0,,28481.0,31520.0,3039.0,30472.0,30473.0,30472.75,0.041472453624010086,0.010112490258179604,0.01,0.002330764085054398,0.0,0.0,0.0,0.050169892609119415,0.12581639479897655,89.94270181655884,92.35546875,349.79791259765625,2e-05,237.0,0.0,-0.33937501907348633,1.0,-1.0,-0.33937501907348633,1.0,-1.0,-0.0031268897000700235,0.8660245537757874,-1.4999982118606567,-0.0031268897000700235,0.8660245537757874,-1.4999982118606567,248.9875030517578,552.0,104.0,0.0,248.9875030517578,552.0,104.0,0.0,0.0,1274.6500244140625,1914.0,1095.0,0.0,3.3823002013377845e-05,4.848111629486084,5.696843147277832,3.9647114276885986,0.25,16.675663752001128,1.247085878996586,2.351415053002711,1.62231892899581,0.0018926109987660311,12.733395560004283,34.634374966000905,2.8959002520423383e-05,0.013309587492069225,0.10446542862068801,1.5527077460731564e-05,0.8371737412521275,121891.0,34.634374966000905,879.8411990952285,,,,,,,,,,,,,,
238.0,-0.4951632185868777,27093.0,29064.0,1971.0,28282.0,28282.0,28282.0,0.04522937163710594,0.008241430877242238,0.01,0.0003765517100691795,0.0,0.0,0.0,0.044770073145627975,0.11617026771996938,89.94270181655884,92.35546875,339.12506103515625,2e-05,238.0,0.0,-0.643750011920929,0.75,-1.0,-0.643750011920929,0.75,-1.0,-0.003344310214743018,0.49999943375587463,-1.4999982118606567,-0.003344310214743018,0.49999943375587463,-1.4999982118606567,257.8999938964844,777.0,114.0,0.0,257.8999938964844,777.0,114.0,0.0,0.0,1156.199951171875,1281.0,1099.0,0.0,3.363100404385477e-05,6.204334259033203,7.70436429977417,3.889411211013794,0.25,18.722165551000217,0.9569327770004747,2.3918721989975893,1.5052802240024903,0.0019273950019851327,12.744896190000873,36.3255868970009,2.8510999982245266e-05,0.013305991655491923,0.11265907812390277,1.70372940561588e-05,0.9074333826580174,113128.0,36.3255868970009,778.5696644129101,408.5914172420016,,,,,,,,,,,,,
239.0,,28672.0,33185.0,4513.0,30826.0,30828.0,30827.0,0.031969182193279266,0.00696045832708478,0.01,-0.0011344692111015305,0.0,0.0,0.0,0.04755247011780739,0.12192995118759606,89.94270181655884,92.35546875,344.5520324707031,2e-05,239.0,0.0,-0.643750011920929,0.75,-1.0,-0.643750011920929,0.75,-1.0,-0.00044168770546093583,1.4999982118606567,-1.4999982118606567,-0.00044168770546093583,1.4999982118606567,-1.4999982118606567,311.25,998.0,123.0,0.0,311.25,998.0,123.0,0.0,0.0,1230.0999755859375,1955.0,1100.0,0.0,3.334299981361255e-05,6.347308158874512,9.967191696166992,4.23265266418457,0.25,21.108002252003644,40.007644216006156,3.069851859996561,1.6336807719999342,0.001998273000936024,13.291024274003576,79.11524222399748,2.9503004043363035e-05,0.013248781684886092,0.10778720175498407,1.6205542227073864e-05,0.8477109338154074,123308.0,79.11524222399748,389.6467878177014,,,,,,,,,,,,,,
240.0,,26529.0,37610.0,11081.0,29212.0,30239.0,29981.5,0.03603385388851166,0.009375026724301279,0.01,0.004043304752558469,0.0,0.0,0.0,0.04281846061348915,0.12247319589750216,89.94270181655884,92.35546875,369.05517578125,2e-05,240.0,0.0,-0.5093749761581421,0.75,-1.0,-0.5093749761581421,0.75,-1.0,-0.2875605523586273,0.8660245537757874,-1.4999982118606567,-0.2875605523586273,0.8660245537757874,-1.4999982118606567,327.92498779296875,2000.0,96.0,0.03750000149011612,327.92498779296875,2000.0,96.0,0.03750000149011612,0.0,1171.1500244140625,1282.0,1101.0,0.0,3.6126999475527555e-05,8.79537296295166,19.76633644104004,4.326719284057617,0.25,30.872436523000943,1.158662984998955,2.379524340001808,1.6655137249981635,0.0019528339980752207,12.886499383006594,48.96716410999943,2.9087001166772097e-05,0.013887845212865964,0.1074537580091606,1.6283658239874763e-05,1.1768101137074385,119926.0,48.96716410999943,612.2776465602502,,,,,,,,,,,,,,
241.0,,26037.0,30322.0,4285.0,28272.0,28273.0,28272.25,0.03828195109963417,0.009047303320840002,0.01,0.001532098986208439,0.0,0.0,0.0,0.08329404890537262,0.11615323214729857,89.94270181655884,92.35546875,333.7357177734375,2e-05,241.0,0.0,-0.5531250238418579,0.75,-1.0,-0.5531250238418579,0.75,-1.0,0.0019305098103359342,1.4999982118606567,-1.4999982118606567,0.0019305098103359342,1.4999982118606567,-1.4999982118606567,255.7624969482422,535.0,105.0,0.0,255.7624969482422,535.0,105.0,0.0,0.0,1157.8499755859375,1286.0,1095.0,0.0,3.359899710630998e-05,4.707673072814941,5.528411865234375,3.1705920696258545,0.25,16.956445834999613,1.1310623669996858,2.4087788320030086,1.5207888360018842,0.0019637779987533577,12.739133174996823,34.76086723499611,2.979099372169003e-05,0.01344771671870725,0.11264696986441496,1.736488958920282e-05,0.8287202890865359,113089.0,34.76086723499611,813.3355767239436,,,,,,,,,,,,,,
242.0,,25725.0,32946.0,7221.0,28595.0,28614.0,28608.25,0.04161933809518814,0.010666257390985267,0.01,-0.0007766662538051608,0.0,0.0,0.0,0.012974647805094719,0.11768860057549041,89.94270181655884,92.35546875,346.0766296386719,2e-05,242.0,0.0,-0.22687499225139618,1.0,-1.0,-0.22687499225139618,1.0,-1.0,-0.0007673654472455382,0.49999943375587463,-1.4999982118606567,-0.0007673654472455382,0.49999943375587463,-1.4999982118606567,211.7624969482422,732.0,118.0,0.0,211.7624969482422,732.0,118.0,0.0,0.0,1218.6500244140625,2133.0,1095.0,0.0,3.503799962345511e-05,4.349947929382324,7.223572254180908,2.3342294692993164,0.25,18.279370493997703,1.4234758070015232,2.3653348890002235,1.5486403739996604,0.001967010000953451,12.739791127998615,36.36104963999969,2.9471004381775856e-05,0.01353316240944186,0.11132969622397923,1.7189184946243224e-05,1.0790018590400627,114433.0,36.36104963999969,786.7828427188451,,,,,,,,,,,,,,
243.0,,26745.0,30772.0,4027.0,28454.0,29247.0,28685.25,0.03910652920603752,0.01026794430334121,0.01,0.0020933466032147406,0.0,0.0,0.0,0.07957697659730911,0.11708304425984115,89.94270181655884,92.35546875,348.6759033203125,2e-05,243.0,0.0,-0.4375,1.0,-1.0,-0.4375,1.0,-1.0,-0.11122957617044449,1.4999982118606567,-1.4999982118606567,-0.11122957617044449,1.4999982118606567,-1.4999982118606567,242.0625,2000.0,113.0,0.012500000186264515,242.0625,2000.0,113.0,0.012500000186264515,0.0,1192.199951171875,1995.0,1093.0,0.0,3.446299524512142e-05,7.587926387786865,19.11313819885254,3.447861433029175,0.25,29.993916584993713,1.1828808720019879,2.3908189670037245,1.5745906629963429,0.0018563570047263056,12.851124107000942,47.99782628400135,2.9470997105818242e-05,0.013722999302745688,0.1120011513495694,1.617867200674829e-05,1.548872532145299,114741.0,47.99782628400135,597.6364394143694,,,,,,,,,,,,,,
244.0,,27074.0,29666.0,2592.0,27981.0,28066.0,28002.25,0.04069323465228081,0.012249973462894559,0.01,-0.0012452959083020688,0.0,0.0,0.0,0.07540727406740189,0.1149275011505022,89.94270181655884,92.35546875,335.27569580078125,2e-05,244.0,0.0,-0.37187498807907104,0.75,-1.0,-0.37187498807907104,0.75,-1.0,0.023384539410471916,1.4999982118606567,-1.4999982118606567,0.023384539410471916,1.4999982118606567,-1.4999982118606567,238.46249389648438,779.0,116.0,0.0,238.46249389648438,779.0,116.0,0.0,0.0,1161.6500244140625,1279.0,1101.0,0.0,3.484699846012518e-05,5.233388900756836,7.785822868347168,4.125247001647949,0.25,18.91727573800017,1.2768512019974878,2.3589780399997835,1.5026826280009118,0.0018690600045374595,12.745134016004158,36.80532381899684,2.7614994905889034e-05,0.013415731128756722,0.1137866958548345,1.6686694859676094e-05,0.9916273909944001,112009.0,36.80532381899684,760.820639364863,,,,,,,,,,,,,,
245.0,,26984.0,28069.0,1085.0,27581.0,27582.0,27581.25,0.03958618640899658,0.00845291070174426,0.01,-7.997870445251471e-05,0.0,0.0,0.0,0.021787241101264954,0.11367391608614807,89.94270181655884,92.35546875,328.8910217285156,2e-05,245.0,0.0,-0.6312500238418579,0.75,-1.0,-0.6312500238418579,0.75,-1.0,-0.0018511548405513167,0.8660245537757874,-0.8660245537757874,-0.0018511548405513167,0.8660245537757874,-0.8660245537757874,239.7624969482422,526.0,129.0,0.0,239.7624969482422,526.0,129.0,0.0,0.0,1139.300048828125,1222.0,1097.0,0.0,3.2607000321149826e-05,4.387372016906738,5.355678558349609,3.7362515926361084,0.25,16.346913951994793,1.0675288760030526,2.3655214780010283,1.4902393489974202,0.0019104020029772073,12.68130976500106,33.95596719600144,2.7902999136131257e-05,0.013507721268954635,0.11494502392930941,1.731612964402635e-05,0.8522451359154785,110325.0,33.95596719600144,812.2651856975493,,,,,,,,,,,,,,
246.0,,26651.0,29501.0,2850.0,28510.0,28510.0,28510.0,0.029796287417411804,0.01026718960609287,0.01,-0.0009736332669854162,0.0,0.0,0.0,0.04097995162010193,0.11803464896353205,89.94270181655884,92.35546875,338.796875,2e-05,246.0,0.0,-0.3499999940395355,1.0,-1.0,-0.3499999940395355,1.0,-1.0,0.007000521756708622,0.8660245537757874,-0.8660245537757874,0.007000521756708622,0.8660245537757874,-0.8660245537757874,233.5,541.0,108.0,0.0,233.5,541.0,108.0,0.0,0.0,1192.0,2020.0,1099.0,0.0,3.4463002521079034e-05,4.1997480392456055,5.659581661224365,3.084171772003174,0.25,16.9348719289992,1.165927597998234,2.441734782005369,1.5366140650003217,0.0018745319976005703,12.652429526999185,34.73599721699429,2.876700455090031e-05,0.013474342906000717,0.1109472950455909,1.6437495594533238e-05,0.9065777263918201,114040.0,34.73599721699429,820.7623872693001,,,,,,,,,,,,,,
247.0,,26335.0,33063.0,6728.0,30031.0,30033.0,30031.75,0.037198830395936966,0.008460861584171652,0.01,-0.0006373973190784456,0.0,0.0,0.0,0.03562524914741516,0.12391544051143655,89.94270181655884,92.35546875,350.41021728515625,2e-05,247.0,0.0,-0.3531250059604645,1.0,-1.0,-0.3531250059604645,1.0,-1.0,0.010272549465298653,0.8660245537757874,-1.4999982118606567,0.010272549465298653,0.8660245537757874,-1.4999982118606567,243.6374969482422,541.0,113.0,0.0,243.6374969482422,541.0,113.0,0.0,0.0,1257.949951171875,2162.0,1097.0,0.0,4.403000639285892e-05,4.513179779052734,5.599653244018555,3.1790051460266113,0.25,16.932160886004567,1.0460001100000227,2.3862859979999484,1.598600016994169,0.002537230000598356,12.746045594001771,34.714488400000846,3.724599810084328e-05,0.013307582949663015,0.10610475242036986,2.112123003653097e-05,0.8687168891285499,120127.0,34.714488400000846,865.1070888315113,,,,,,,,,,,,,,
248.0,,26442.0,30121.0,3679.0,28295.0,28296.0,28295.5,0.045839034020900726,0.012058043805882334,0.01,0.0005257662571966651,0.0,0.0,0.0,0.09954886138439178,0.1171975970223757,89.94270181655884,92.35546875,332.84515380859375,2e-05,248.0,0.0,-0.5062500238418579,0.75,-1.0,-0.5062500238418579,0.75,-1.0,-0.015379535965621471,1.4999982118606567,-1.4999982118606567,-0.015379535965621471,1.4999982118606567,-1.4999982118606567,248.52499389648438,646.0,105.0,0.0,248.52499389648438,646.0,105.0,0.0,0.0,1166.25,1279.0,1099.0,0.0,8.153300586855039e-05,5.122097492218018,6.636979579925537,3.7495408058166504,0.25,17.236564197002735,1.3714912659997935,2.380248396002571,1.525636336999014,0.0018449330018484034,12.636419127004046,35.15482631699706,3.075099812122062e-05,0.013479496183129951,0.11164689727168672,1.630058668205548e-05,0.8669431745801597,113182.0,35.15482631699706,804.8823721913644,,,,,,,,,,,,,,
249.0,,27888.0,32764.0,4876.0,29456.0,29457.0,29456.25,0.030551159754395485,0.007599344043992459,0.01,0.0004708503931760786,0.0,0.0,0.0,0.06476441025733948,0.12176677817400573,89.94270181655884,92.35546875,343.05279541015625,2e-05,249.0,0.0,-0.5737500190734863,1.0,-1.0,-0.5737500190734863,1.0,-1.0,-0.0001268667256226763,0.49999943375587463,-1.4999982118606567,-0.0001268667256226763,0.49999943375587463,-1.4999982118606567,246.3125,965.0,118.0,0.0,246.3125,965.0,118.0,0.0,0.0,1226.5,1911.0,1095.0,0.0,3.657500201370567e-05,5.710193157196045,9.614559173583984,3.6593596935272217,0.25,20.822793517996615,1.1012079759966582,2.3997387510025874,1.6070954690003418,0.0025794379980652593,12.705472681998799,38.641706112000975,3.811100032180548e-05,0.013639681468282129,0.10783341974961849,2.189211116541701e-05,1.0567263901546113,117825.0,38.641706112000975,762.2916523049627,,,,,,,,,,,,,,
250.0,,26160.0,32621.0,6461.0,29019.0,29021.0,29020.0,0.03590747341513634,0.00823422338347882,0.01,-0.0020621430315077307,0.0,0.0,0.0,0.06998258084058762,0.12012459822156943,89.94270181655884,92.35546875,339.27301025390625,2e-05,250.0,0.0,-0.5562499761581421,1.0,-1.0,-0.5562499761581421,1.0,-1.0,0.010891197249293327,0.49999943375587463,-1.4999982118606567,0.010891197249293327,0.49999943375587463,-1.4999982118606567,226.10000610351562,586.0,95.0,0.0,226.10000610351562,586.0,95.0,0.0,0.0,1224.9000244140625,1850.0,1105.0,0.0,5.5997996241785586e-05,4.689208030700684,6.0840654373168945,3.426609992980957,0.25,17.444157008998445,1.145750315998157,2.45008450000023,1.5431509779955377,0.0019241619957028888,12.667703805003839,35.25533542399353,2.7775000489782542e-05,0.01329385749479271,0.10912908171092212,1.657617156877058e-05,0.9644049651149074,116080.0,35.25533542399353,823.1378215806172,,,,,,,,,,,,,,
251.0,,26219.0,30985.0,4766.0,27832.0,27833.0,27832.75,0.04784872755408287,0.011073092625010758,0.01,-0.00031724318861961373,0.0,0.0,0.0,0.019507234916090965,0.11214739129495879,89.94270181655884,92.35546875,338.6182861328125,2e-05,251.0,0.0,-0.20937499403953552,1.0,-1.0,-0.20937499403953552,1.0,-1.0,0.013876336626708508,0.49999943375587463,-1.4999982118606567,0.013876336626708508,0.49999943375587463,-1.4999982118606567,207.6374969482422,490.0,121.0,0.0,207.6374969482422,490.0,121.0,0.0,0.0,1184.0,2022.0,1097.0,0.0,3.398300032131374e-05,3.947380304336548,4.9760332107543945,2.90276837348938,0.25,15.535957968997536,1.2109449399940786,2.450624846998835,1.5057715750008356,0.002444754005409777,12.985096260999853,33.69338564100326,2.844700065907091e-05,0.013525177848046237,0.11663504559376861,2.1959328537512256e-05,0.9352813177411075,111331.0,33.69338564100326,826.0597583321771,,,,,,,,,,,,,,
252.0,-0.4887937917641014,26637.0,29603.0,2966.0,28342.0,28343.0,28342.5,0.03556054085493088,0.008946569836698472,0.01,-0.00033199824392795565,0.0,0.0,0.0,0.054989539086818695,0.11677153214088279,89.94270181655884,92.35546875,337.992431640625,2e-05,252.0,0.0,-0.6181249618530273,0.75,-1.0,-0.6181249618530273,0.75,-1.0,-0.001221757149323821,1.4999982118606567,-0.8660245537757874,-0.001221757149323821,1.4999982118606567,-0.8660245537757874,194.02499389648438,443.0,107.0,0.0,194.02499389648438,443.0,107.0,0.0,0.0,1223.0999755859375,2069.0,1101.0,0.0,3.4238000807818025e-05,3.759511947631836,4.640502452850342,2.9926624298095703,0.25,16.143989186995896,1.1290737050003372,2.411419014002604,1.488973582003382,0.0018468529960955493,12.714151025997126,33.89201367100031,2.863899862859398e-05,0.013133753038752598,0.11214740254032923,1.629049127719458e-05,1.0400714590256344,113370.0,33.89201367100031,836.2589569073391,388.94826218199887,,,,,,,,,,,,,
253.0,,25824.0,28173.0,2349.0,26883.0,26989.0,26962.25,0.04040352627635002,0.01048614356899634,0.01,-0.0002685124054551128,0.0,0.0,0.0,0.04065012186765671,0.10077131386560281,89.94270181655884,92.35546875,331.52197265625,2e-05,253.0,0.0,-0.559374988079071,0.75,-1.0,-0.559374988079071,0.75,-1.0,-0.0018109673401340842,1.499993920326233,-1.4999982118606567,-0.0018109673401340842,1.499993920326233,-1.4999982118606567,211.71249389648438,695.0,110.0,0.0,211.71249389648438,695.0,110.0,0.0,0.0,1136.4000244140625,1278.0,1105.0,0.0,3.747099981410429e-05,4.326004981994629,6.934917449951172,2.4522347450256348,0.25,22.221046165002917,45.95842708500277,2.9306865920007112,1.4581607520012767,0.0019189809972885996,13.964706781000132,86.5374740499974,2.9151000489946455e-05,0.01352039195543099,0.12948387820934948,1.7793220125254752e-05,1.311982415126818,107849.0,86.5374740499974,311.567333065701,,,,,,,,,,,,,,
254.0,,26460.0,30936.0,4476.0,28840.0,28841.0,28840.75,0.03633524850010872,0.009383547971956433,0.01,0.0007939780503511429,0.0,0.0,0.0,0.03979410231113434,0.11844689135397724,89.94270181655884,92.35546875,335.89764404296875,2e-05,254.0,0.0,-0.4781250059604645,0.75,-1.0,-0.4781250059604645,0.75,-1.0,-0.0068131098523736,0.8660245537757874,-1.4999982118606567,-0.0068131098523736,0.8660245537757874,-1.4999982118606567,272.0874938964844,625.0,96.0,0.0,272.0874938964844,625.0,96.0,0.0,0.0,1169.949951171875,1277.0,1101.0,0.0,3.270299930591136e-05,5.257312297821045,6.4346489906311035,3.8155317306518555,0.25,17.11587652900198,1.2606249570017098,2.379636769001081,1.5688475819988525,0.0018117830040864646,12.761040671000956,35.090330852995976,3.0143004551064223e-05,0.013599226632445867,0.11061640795576533,1.5705061450261044e-05,0.786322255202921,115363.0,35.090330852995976,821.9002015347942,,,,,,,,,,,,,,
255.0,,28924.0,31725.0,2801.0,29814.0,29815.0,29814.5,0.03201175481081009,0.008392311086215506,0.01,-0.00021113231778144818,0.0,0.0,0.0,0.05470384284853935,0.1187701116714707,89.94270181655884,92.35546875,348.27484130859375,2e-05,255.0,0.0,-0.5531250238418579,1.0,-1.0,-0.5531250238418579,1.0,-1.0,0.0014891455648466945,1.499993920326233,-1.4999982118606567,0.0014891455648466945,1.499993920326233,-1.4999982118606567,247.625,759.0,125.0,0.0,247.625,759.0,125.0,0.0,0.0,1243.0999755859375,2034.0,1095.0,0.0,4.339100269135088e-05,5.214609146118164,7.57275915145874,3.701681137084961,0.25,17.984048390004318,1.1502489729973604,3.00871915800235,1.5888396020018263,0.0018466300025465898,13.183519074998912,36.91979723300028,2.7870999474544078e-05,0.01332270876588427,0.11054620298008445,1.5484328116743444e-05,0.9078267738518081,119258.0,36.91979723300028,807.5477720487233,,,,,,,,,,,,,,
256.0,,27752.0,28337.0,585.0,28107.0,28108.0,28107.5,0.03825568035244942,0.009617730281315745,0.01,-0.0017929621040821075,0.0,0.0,0.0,0.07479258626699448,0.11508981677317687,89.94270181655884,92.35546875,329.9921875,2e-05,256.0,0.0,-0.3968749940395355,0.75,-1.0,-0.3968749940395355,0.75,-1.0,0.006970302667468786,0.8660245537757874,-1.4999982118606567,0.006970302667468786,0.8660245537757874,-1.4999982118606567,251.72500610351562,566.0,121.0,0.0,251.72500610351562,566.0,121.0,0.0,0.0,1153.6500244140625,1272.0,1097.0,0.0,3.417499829083681e-05,4.880066871643066,5.703364372253418,4.401476860046387,0.25,17.368926420000207,1.2405367540050065,2.3861953369996627,1.5047320730009233,0.0019077160031883977,12.775332404002256,35.280147810000926,2.9022994567640126e-05,0.013383723854851225,0.11362921287914486,1.6968033471390177e-05,0.8624951047770487,112430.0,35.280147810000926,796.6945079530624,,,,,,,,,,,,,,
257.0,,26498.0,29892.0,3394.0,27805.0,27806.0,27805.5,0.041028182953596115,0.008973044824087993,0.01,-0.0003366578742861748,0.0,0.0,0.0,0.07185625284910202,0.11502284881490485,89.94270181655884,92.35546875,335.075439453125,2e-05,257.0,0.0,-0.628125011920929,0.75,-1.0,-0.628125011920929,0.75,-1.0,-0.010488069616258144,1.4999982118606567,-1.4999982118606567,-0.010488069616258144,1.4999982118606567,-1.4999982118606567,244.3249969482422,694.0,115.0,0.0,244.3249969482422,694.0,115.0,0.0,0.0,1145.949951171875,1257.0,1100.0,0.0,3.535900032147765e-05,5.04048490524292,7.0513997077941895,3.884943723678589,0.25,18.956929530999332,1.214593104996311,2.3681713690020842,1.5155531940035871,0.0018320060044061393,12.644459609997284,36.704061487005674,2.9535003704950213e-05,0.01362637961917235,0.11368667718614378,1.647161536751847e-05,0.9698623519389815,111222.0,36.704061487005674,757.5592147981763,,,,,,,,,,,,,,
258.0,,26263.0,28458.0,2195.0,27372.0,27373.0,27372.5,0.03211982548236847,0.008748538815416396,0.01,-0.0010585432499647138,0.0,0.0,0.0,0.03869993984699249,0.1127833351588292,89.94270181655884,92.35546875,333.228515625,2e-05,258.0,0.0,-0.746874988079071,0.75,-1.0,-0.746874988079071,0.75,-1.0,0.03228007256984711,1.4999982118606567,-1.499993920326233,0.03228007256984711,1.4999982118606567,-1.499993920326233,228.27499389648438,712.0,101.0,0.0,228.27499389648438,712.0,101.0,0.0,0.0,1140.3499755859375,1257.0,1101.0,0.0,3.395100065972656e-05,6.11854362487793,7.023777484893799,4.908339977264404,0.25,18.125408737003454,1.1436292999933357,2.330316886000219,1.4957595789965126,0.0019293149962322786,12.682378410994716,35.78196605099947,2.8896000003442168e-05,0.013661152424847132,0.1158313856150764,1.7620924250911303e-05,0.9925204652832906,109490.0,35.78196605099947,764.9803244736862,,,,,,,,,,,,,,
259.0,,27352.0,28045.0,693.0,27784.0,27785.0,27784.5,0.04060124605894089,0.009688886143267156,0.01,-0.0004658115655183792,0.0,0.0,0.0,0.01954781450331211,0.1151588847484956,89.94270181655884,92.35546875,328.58404541015625,2e-05,259.0,0.0,-0.6968749761581421,0.75,-1.0,-0.6968749761581421,0.75,-1.0,0.0005341374780982733,0.49999943375587463,-1.4999982118606567,0.0005341374780982733,0.49999943375587463,-1.4999982118606567,245.72500610351562,593.0,111.0,0.0,245.72500610351562,593.0,111.0,0.0,0.0,1143.5,1282.0,1097.0,0.0,3.478299913695082e-05,4.968905448913574,5.97772741317749,3.9229440689086914,0.25,16.87295689200255,1.3214018779981416,2.4090063519979594,1.4999556440016022,0.0018463079977664165,12.614986903005047,34.72264922600152,2.899100218201056e-05,0.013496334683021128,0.11350741333301884,1.6612751693987803e-05,0.8583252056161639,111138.0,34.72264922600152,800.1837595731032,,,,,,,,,,,,,,
260.0,,27796.0,31108.0,3312.0,29722.0,29722.0,29722.0,0.031562160700559616,0.007738478723913431,0.01,-0.00013029832392930964,0.0,0.0,0.0,0.04503221437335014,0.12318261876860725,89.94270181655884,92.35546875,346.2862548828125,2e-05,260.0,0.0,-0.16624999046325684,1.0,-1.0,-0.16624999046325684,1.0,-1.0,0.005207093432545662,0.49999943375587463,-1.4999982118606567,0.005207093432545662,0.49999943375587463,-1.4999982118606567,210.0500030517578,660.0,114.0,0.0,210.0500030517578,660.0,114.0,0.0,0.0,1276.050048828125,2123.0,1097.0,0.0,3.193500015186146e-05,4.615749359130859,6.639958381652832,2.190507650375366,0.25,17.900132413000392,1.0742681340052513,2.41487461199722,1.6162568449944956,0.0019603850014391355,12.680413223002688,35.6904416910038,2.9695002012886107e-05,0.013594785386199579,0.10665847876154606,1.6489342923080005e-05,1.06523044590576,118888.0,35.6904416910038,832.7719857692819,,,,,,,,,,,,,,
261.0,,26306.0,29365.0,3059.0,27599.0,28852.0,27912.75,0.0304611474275589,0.008627673119772226,0.01,0.0008070539683103564,0.0,0.0,0.0,0.007730814162641764,0.1154161916272893,89.94270181655884,92.35546875,341.798095703125,2e-05,261.0,0.0,-0.33125001192092896,0.75,-1.0,-0.33125001192092896,0.75,-1.0,-0.12375941872596741,0.49999797344207764,-1.499993920326233,-0.12375941872596741,0.49999797344207764,-1.499993920326233,250.7375030517578,2000.0,120.0,0.012500000186264515,250.7375030517578,2000.0,120.0,0.012500000186264515,0.0,1144.9000244140625,1284.0,1099.0,0.0,3.369500336702913e-05,8.385382652282715,18.960275650024414,4.010112285614014,0.25,30.20241500499833,1.0469672459948924,2.3316300849983236,1.5573885170015274,0.0019197149958927184,12.66065233900008,47.80347189899476,2.7870999474544078e-05,0.013948719823391884,0.11339488530331193,1.719388985224242e-05,1.5056789972081523,111651.0,47.80347189899476,583.9063333930557,,,,,,,,,,,,,,
262.0,,27620.0,33198.0,5578.0,30586.0,30587.0,30586.75,0.03669404610991478,0.009507473260164262,0.01,-0.0001222319528460504,0.0,0.0,0.0,0.052347633987665176,0.12631181994059257,89.94270181655884,92.35546875,347.91912841796875,2e-05,262.0,0.0,-0.30812498927116394,1.0,-1.0,-0.30812498927116394,1.0,-1.0,-0.005336304195225239,0.49999943375587463,-1.4999982118606567,-0.005336304195225239,0.49999943375587463,-1.4999982118606567,267.0375061035156,703.0,110.0,0.0,267.0375061035156,703.0,110.0,0.0,0.0,1262.300048828125,2021.0,1103.0,0.0,3.353499778313562e-05,5.987620830535889,7.1422882080078125,4.675615310668945,0.25,18.435296280003968,1.0902901759982342,2.398941219995322,1.6401477539984626,0.001902146999782417,12.73559638900042,36.30472082900087,2.8319002012722194e-05,0.013405704708725695,0.1040940635160684,1.5547148681883634e-05,0.8629544670694176,122347.0,36.30472082900087,842.5006253061929,,,,,,,,,,,,,,
263.0,,28190.0,31436.0,3246.0,30351.0,30352.0,30351.75,0.03174898773431778,0.007920614387840034,0.01,-0.0004405497759580615,0.0,0.0,0.0,0.03052360564470291,0.12514732204635487,89.94270181655884,92.35546875,338.1282958984375,2e-05,263.0,0.0,-0.29124999046325684,1.0,-1.0,-0.29124999046325684,1.0,-1.0,-0.006816736422479153,1.4999982118606567,-1.4999982118606567,-0.006816736422479153,1.4999982118606567,-1.4999982118606567,257.63751220703125,663.0,96.0,0.0,257.63751220703125,663.0,96.0,0.0,0.0,1259.949951171875,1851.0,1101.0,0.0,3.366300370544195e-05,4.768913745880127,6.768050670623779,2.732391357421875,0.25,17.71458161999908,1.1677957010033424,2.3818863720007357,1.618094857003598,0.001869699997769203,12.744712002000597,35.63144644500426,2.841500099748373e-05,0.01332785471186668,0.1049751002989992,1.5400265205212244e-05,0.8594722051331367,121407.0,35.63144644500426,851.8248072484719,,,,,,,,,,,,,,
264.0,,27575.0,32634.0,5059.0,29697.0,29698.0,29697.25,0.03648310899734497,0.008602485158480704,0.01,0.0005016911961138254,0.0,0.0,0.0,0.053773246705532074,0.12265208957424224,89.94270181655884,92.35546875,341.2934265136719,2e-05,264.0,0.0,-0.6831250190734863,0.75,-1.0,-0.6831250190734863,0.75,-1.0,-0.004666568711400032,1.499993920326233,-1.4999982118606567,-0.004666568711400032,1.499993920326233,-1.4999982118606567,286.61248779296875,906.0,121.0,0.0,286.61248779296875,906.0,121.0,0.0,0.0,1198.25,1601.0,1095.0,0.0,3.561499761417508e-05,6.80190372467041,8.809868812561035,5.402298450469971,0.25,20.091324357999838,1.0551474200037774,2.3855942849986604,1.64585500999965,0.0018930259975604713,12.708417492998706,37.8908497789962,2.9214999813120812e-05,0.013855281297086852,0.10698311706470048,1.5936037828085693e-05,0.8762407587770874,118789.0,37.8908497789962,783.7578247311279,,,,,,,,,,,,,,
265.0,,25869.0,30573.0,4704.0,27642.0,27705.0,27673.25,0.04170624539256096,0.010146974818781018,0.01,0.0014796653762459756,0.0,0.0,0.0,0.05451380833983421,0.11437551654342501,89.94270181655884,92.35546875,344.03668212890625,2e-05,265.0,0.0,-0.5849999785423279,1.0,-1.0,-0.5849999785423279,1.0,-1.0,-0.017514042556285858,1.4999948740005493,-1.499993920326233,-0.017514042556285858,1.4999948740005493,-1.499993920326233,201.46249389648438,605.0,123.0,0.0,201.46249389648438,605.0,123.0,0.0,0.0,1182.199951171875,2054.0,1095.0,0.0,3.548700624378398e-05,4.185793399810791,5.9757513999938965,2.323040723800659,0.25,17.304942955001025,1.1466448639985174,2.3415267189993756,1.4930026259971783,0.0018725810004980303,12.658287203004875,34.94879286799551,2.9054994229227304e-05,0.013487778143127191,0.11435490232449093,1.691688725120857e-05,1.0737074489669929,110693.0,34.94879286799551,791.8227706611832,,,,,,,,,,,,,,
266.0,-0.48401672177159105,27349.0,29474.0,2125.0,28434.0,28456.0,28439.5,0.0357530303299427,0.009786843666806818,0.01,0.00026591278612613666,0.0,0.0,0.0,0.019068986177444458,0.11812548551086222,89.94270181655884,92.35546875,339.62640380859375,2e-05,266.0,0.0,-0.668749988079071,0.75,-1.0,-0.668749988079071,0.75,-1.0,-0.002921588020399213,0.8660245537757874,-0.8660245537757874,-0.002921588020399213,0.8660245537757874,-0.8660245537757874,263.07501220703125,891.0,125.0,0.0,263.07501220703125,891.0,125.0,0.0,0.0,1158.9000244140625,1270.0,1100.0,0.0,3.785499575315043e-05,6.7275214195251465,8.757291793823242,4.861444473266602,0.25,19.66300575799687,1.167924955007038,2.4144277269952,1.5256857230051537,0.0018504690015106462,12.608841067005415,37.384303041995736,3.609400300774723e-05,0.01341167850177705,0.11083915915368954,1.626671532121386e-05,0.9342870739331403,113758.0,37.384303041995736,760.7337220665162,388.49111720899964,,,,,,,,,,,,,
267.0,,27217.0,33680.0,6463.0,30166.0,30917.0,30354.5,0.028250999748706818,0.008473148471675813,0.01,-0.0011630433425307268,0.0,0.0,0.0,0.07840602844953537,0.11502377512317118,89.94270181655884,92.35546875,356.9779052734375,2e-05,267.0,0.0,-0.5531250238418579,1.0,-1.0,-0.5531250238418579,1.0,-1.0,-0.001497131772339344,1.4999982118606567,-1.4999982118606567,-0.001497131772339344,1.4999982118606567,-1.4999982118606567,310.2749938964844,2000.0,91.0,0.012500000186264515,310.2749938964844,2000.0,91.0,0.012500000186264515,0.0,1207.449951171875,1893.0,1102.0,0.0,5.89420014875941e-05,8.906251907348633,19.305252075195312,4.390619277954102,0.25,30.503344058997754,49.19893007000064,3.2180983559956076,1.679078875000414,0.0018307909995201044,13.878392189995793,98.48361092199775,2.959900302812457e-05,0.013828912311192855,0.11430259261391057,1.5078415058064738e-05,1.228883412255167,121418.0,98.48361092199775,308.2187961613406,,,,,,,,,,,,,,
268.0,,25585.0,30616.0,5031.0,27710.0,28080.0,27867.25,0.028350230306386948,0.009303960660472513,0.01,0.0,0.0,0.0,0.0,0.0035153371281921864,0.11490798891134282,89.94270181655884,92.35546875,335.5287170410156,2e-05,268.0,0.0,-0.5874999761581421,0.75,-1.0,-0.5874999761581421,0.75,-1.0,0.0,0.0,0.0,0.0,0.0,0.0,239.91250610351562,980.0,114.0,0.0,239.91250610351562,980.0,114.0,0.0,0.0,1153.449951171875,1257.0,1099.0,0.0,3.395100065972656e-05,5.090673446655273,9.713342666625977,2.30415940284729,0.25,20.799760306996177,1.2483953939954517,2.3636642540004686,1.4811691929935478,0.0019601940002758056,12.684578506996331,38.58216072700452,2.9279006412252784e-05,0.013287722981219422,0.11379467391827622,1.758510438127018e-05,1.083715954097649,111469.0,38.58216072700452,722.2832903833477,,,,,,,,,,,,,,
269.0,,27723.0,31145.0,3422.0,29413.0,29413.0,29413.0,0.03019373118877411,0.008707728392910213,0.01,-0.0002477006614208216,0.0,0.0,0.0,0.04570527747273445,0.12186607166972441,89.94270181655884,92.35546875,341.82086181640625,2e-05,269.0,0.0,-0.4375,0.75,-1.0,-0.4375,0.75,-1.0,0.0063611967489123344,0.8660245537757874,-1.4999982118606567,0.0063611967489123344,0.8660245537757874,-1.4999982118606567,294.29998779296875,798.0,114.0,0.0,294.29998779296875,798.0,114.0,0.0,0.0,1176.3499755859375,1286.0,1097.0,0.0,3.3823002013377845e-05,5.798239707946777,8.130678176879883,4.323992729187012,0.25,19.045736334999674,1.3455230269973981,2.36364781899465,1.5978470149930217,0.0019158440045430325,12.658366322000802,37.015721012998256,2.937500539701432e-05,0.013581129220013444,0.10759159489002143,1.6283990111031113e-05,0.8089422500424598,117652.0,37.015721012998256,794.6083230331101,,,,,,,,,,,,,,
270.0,,26960.0,30253.0,3293.0,28558.0,28722.0,28599.25,0.03791506588459015,0.007998175625689326,0.01,-0.0007337068766355516,0.0,0.0,0.0,0.04091518744826317,0.11809286608614161,89.94270181655884,92.35546875,341.3096923828125,2e-05,270.0,0.0,-0.675000011920929,0.75,-1.0,-0.675000011920929,0.75,-1.0,0.002412394154816866,1.499993920326233,-1.4999982118606567,0.002412394154816866,1.499993920326233,-1.4999982118606567,235.7624969482422,797.0,114.0,0.0,235.7624969482422,797.0,114.0,0.0,0.0,1194.199951171875,2137.0,1097.0,0.0,3.5486998967826366e-05,5.218945503234863,8.077191352844238,3.9574942588806152,0.25,19.460450226994,1.2946338820038363,2.3900342869965243,1.536904462001985,0.0019870409960276447,12.692321856004128,37.37877772600041,2.9918999643996358e-05,0.013434831874979108,0.11094977889283922,1.7369694974760218e-05,1.0317825262178038,114397.0,37.37877772600041,765.119988931756,,,,,,,,,,,,,,
271.0,,25544.0,28815.0,3271.0,27249.0,27284.0,27275.25,0.04852176457643509,0.009438702510669828,0.01,0.0,0.0,0.0,0.0,0.008415632881224155,0.11360522535528178,89.94270181655884,92.35546875,330.9622802734375,2e-05,271.0,0.0,-0.6499999761581421,0.75,-1.0,-0.6499999761581421,0.75,-1.0,0.0,0.0,0.0,0.0,0.0,0.0,226.1125030517578,722.0,114.0,0.0,226.1125030517578,722.0,114.0,0.0,0.0,1137.6500244140625,1279.0,1095.0,0.0,3.2062998798210174e-05,5.163634777069092,7.111048698425293,2.368927240371704,0.25,17.710431722000067,1.1024621500037028,2.343426098996133,1.4885119199971086,0.0018798430028255098,12.545800941996276,35.19501281999692,2.8606998967006803e-05,0.0136434305826446,0.11499253849182205,1.7230300389781116e-05,0.979071906794188,109101.0,35.19501281999692,774.9748562245982,,,,,,,,,,,,,,
272.0,,26027.0,30984.0,4957.0,28289.0,28290.0,28289.25,0.0394662544131279,0.009863699453137809,0.01,-0.0007884502038359642,0.0,0.0,0.0,0.03930569440126419,0.11658969735199315,89.94270181655884,92.35546875,345.6182556152344,2e-05,272.0,0.0,-0.4906249940395355,1.0,-1.0,-0.4906249940395355,1.0,-1.0,0.0026172418147325516,1.499993920326233,-1.4999982118606567,0.0026172418147325516,1.499993920326233,-1.4999982118606567,236.41250610351562,761.0,121.0,0.0,236.41250610351562,761.0,121.0,0.0,0.0,1178.050048828125,1745.0,1095.0,0.0,3.4687000152189285e-05,4.902467250823975,7.546174049377441,2.7125258445739746,0.25,18.780673089997435,1.2160086759977276,2.34178696199524,1.5214721590018598,0.0019585940026445314,12.701405899999372,36.5658880819974,2.7519003197085112e-05,0.013445674231394079,0.11224586989757039,1.7308641998679103e-05,0.9930033886743211,113157.0,36.5658880819974,773.6513861378834,,,,,,,,,,,,,,
273.0,,27934.0,31064.0,3130.0,29580.0,30725.0,29867.0,0.038091450929641724,0.007910854760557414,0.01,-0.000156695153564215,0.0,0.0,0.0,0.047446876764297485,0.12212016041755099,89.94270181655884,92.35546875,349.98638916015625,2e-05,273.0,0.0,-0.39375001192092896,1.0,-1.0,-0.39375001192092896,1.0,-1.0,-0.08256111294031143,1.499993920326233,-1.4999982118606567,-0.08256111294031143,1.499993920326233,-1.4999982118606567,300.45001220703125,2000.0,116.0,0.012500000186264515,300.45001220703125,2000.0,116.0,0.012500000186264515,0.0,1192.9000244140625,1713.0,1100.0,0.0,3.366300370544195e-05,9.279793739318848,19.01091194152832,4.876311302185059,0.25,30.010933643003227,1.2011874119998538,2.4280410749997827,1.6260485769962543,0.0018905629985965788,12.848009237000952,48.118581275994075,3.0047005566302687e-05,0.01361074578126573,0.10754351991329018,1.582484848324722e-05,1.2485826944168426,119468.0,48.118581275994075,620.6957729840713,,,,,,,,,,,,,,
274.0,,27102.0,27781.0,679.0,27459.0,27459.0,27459.0,0.05728812888264656,0.01319098921492696,0.01,-0.002574129365384578,0.0,0.0,0.0,0.0864953100681305,0.11424421522255383,89.94270181655884,92.35546875,331.9393615722656,2e-05,274.0,0.0,-0.390625,0.75,-1.0,-0.390625,0.75,-1.0,0.0321132130920887,1.4999982118606567,-1.4999982118606567,0.0321132130920887,1.4999982118606567,-1.4999982118606567,229.8000030517578,518.0,119.0,0.0,229.8000030517578,518.0,119.0,0.0,0.0,1143.1500244140625,1279.0,1095.0,0.0,3.6382996768224984e-05,4.320913314819336,5.2762322425842285,3.5062241554260254,0.25,16.15114440700563,1.1819334999963758,2.396988147003867,1.4793632839937345,0.0019312989970785566,12.562771281001915,33.77660607799771,2.8607995773199946e-05,0.013468837940144711,0.11437753815690588,1.758347897846386e-05,0.87854353824008,109836.0,33.77660607799771,812.959121369123,,,,,,,,,,,,,,
275.0,,27826.0,31428.0,3602.0,29343.0,29439.0,29368.5,0.024803219363093376,0.009948112620040774,0.01,-0.00031208563596010227,0.0,0.0,0.0,0.030118511989712715,0.1215715634037837,89.94270181655884,92.35546875,341.49163818359375,2e-05,275.0,0.0,-0.5581250190734863,0.75,-1.0,-0.5581250190734863,0.75,-1.0,0.008667576126754284,0.8660245537757874,-1.4999982118606567,0.008667576126754284,0.8660245537757874,-1.4999982118606567,249.6750030517578,871.0,114.0,0.0,249.6750030517578,871.0,114.0,0.0,0.0,1218.75,2017.0,1101.0,0.0,3.340699913678691e-05,5.6979570388793945,8.598217964172363,3.9553604125976562,0.25,19.5770295159964,1.1366045699978713,2.3680180329974974,1.5814323070007958,0.0019952000002376735,12.67511151999497,37.34264735500619,2.8895003197249025e-05,0.013461977177935508,0.10789716464915616,1.6984183736296318e-05,0.98012563913069,117474.0,37.34264735500619,786.4600418069404,,,,,,,,,,,,,,
276.0,,26189.0,32353.0,6164.0,29249.0,29255.0,29252.25,0.03722211346030235,0.008603381272405387,0.01,-0.0008630085736513138,0.0,0.0,0.0,0.07453189045190811,0.12145992767447789,89.94270181655884,92.35546875,346.14129638671875,2e-05,276.0,0.0,-0.40312498807907104,1.0,-1.0,-0.40312498807907104,1.0,-1.0,-0.00847457256168127,1.4999982118606567,-1.4999982118606567,-0.00847457256168127,1.4999982118606567,-1.4999982118606567,232.3125,930.0,132.0,0.0,232.3125,930.0,132.0,0.0,0.0,1230.300048828125,2254.0,1103.0,0.0,3.308699524495751e-05,5.071910858154297,9.093168258666992,2.4802162647247314,0.25,20.10069485099666,1.0998055300005944,2.405724721000297,1.551375568997173,0.001938529996550642,12.642002416003379,37.804072033999546,2.755100285867229e-05,0.013258600355504047,0.10804299170152193,1.6567358036994095e-05,1.0815547404356556,117009.0,37.804072033999546,773.785690961853,,,,,,,,,,,,,,
277.0,,27166.0,31459.0,4293.0,28875.0,28876.0,28875.5,0.03659060597419739,0.011576037965714932,0.01,-4.216656088829387e-06,0.0,0.0,0.0,0.03355866298079491,0.11859956863491695,89.94270181655884,92.35546875,347.11181640625,2e-05,277.0,0.0,-0.26624998450279236,0.75,-1.0,-0.26624998450279236,0.75,-1.0,-0.009618240408599377,0.49999943375587463,-1.4999982118606567,-0.009618240408599377,0.49999943375587463,-1.4999982118606567,250.8249969482422,604.0,113.0,0.0,250.8249969482422,604.0,113.0,0.0,0.0,1192.949951171875,2145.0,1103.0,0.0,3.414299862924963e-05,5.135278701782227,6.080729007720947,4.4612507820129395,0.25,17.37932305099821,1.343562280999322,2.404586805998406,1.5791983310045907,0.0019273619982413948,12.766174015006982,35.477322678001656,2.8351001674309373e-05,0.013672476069718192,0.11052773125146735,1.6686827918489678e-05,0.866107996162574,115502.0,35.477322678001656,813.9142928591048,,,,,,,,,,,,,,
278.0,,28468.0,34027.0,5559.0,31523.0,31524.0,31523.25,0.03403083607554436,0.00908111628514689,0.01,-0.0003484666533768178,0.0,0.0,0.0,0.0358855202794075,0.1194146014920373,89.94270181655884,92.35546875,354.5198974609375,2e-05,278.0,0.0,-0.44187498092651367,0.75,-1.0,-0.44187498092651367,0.75,-1.0,0.0017664807382971048,1.4999982118606567,-0.8660245537757874,0.0017664807382971048,1.4999982118606567,-0.8660245537757874,234.5124969482422,697.0,96.0,0.0,234.5124969482422,697.0,96.0,0.0,0.0,1341.6500244140625,2256.0,1106.0,0.0,3.574300353648141e-05,4.95258092880249,6.965752124786377,3.2520670890808105,0.25,18.039122971000324,5.531765529005497,3.134344075995614,1.691019680001773,0.0019440660034888424,13.922918445001415,42.323708188996534,2.7934998797718436e-05,0.013410892595162087,0.11041785384598204,1.5417715523374354e-05,0.9615224652737234,126093.0,42.323708188996534,744.813045663034,,,,,,,,,,,,,,
279.0,,25534.0,31695.0,6161.0,28832.0,28834.0,28833.0,0.04155818372964859,0.011584010545630009,0.01,-0.0007221002504229537,0.0,0.0,0.0,0.12292425334453583,0.11806287322947676,89.94270181655884,92.35546875,348.2990417480469,2e-05,279.0,0.0,-0.5224999785423279,0.75,-1.0,-0.5224999785423279,0.75,-1.0,0.0057863108813762665,1.4999982118606567,-1.4999982118606567,0.0057863108813762665,1.4999982118606567,-1.4999982118606567,203.85000610351562,653.0,126.0,0.0,203.85000610351562,653.0,126.0,0.0,0.0,1237.800048828125,2176.0,1097.0,0.0,3.5550998291000724e-05,4.704059600830078,6.530161380767822,2.538970708847046,0.25,18.50842375600041,7.363195427999017,2.4162426490001963,1.5591461740041268,0.001875427995400969,12.813803352000832,42.66520961700007,2.8096001187805086e-05,0.01351876473141996,0.11110362563729782,1.6261124366186046e-05,1.1349290995830519,115332.0,42.66520961700007,675.7965156817467,,,,,,,,,,,,,,
280.0,-0.49299363255690615,25737.0,29695.0,3958.0,28405.0,28406.0,28405.25,0.04088129475712776,0.008786708049010486,0.01,0.00012621807865798514,0.0,0.0,0.0,0.037245042622089386,0.11728286050876899,89.94270181655884,92.35546875,345.1678466796875,2e-05,280.0,0.0,-0.3268750011920929,1.0,-1.0,-0.3268750011920929,1.0,-1.0,0.004069271497428417,0.8660245537757874,-1.4999982118606567,0.004069271497428417,0.8660245537757874,-1.4999982118606567,195.41250610351562,443.0,123.0,0.0,195.41250610351562,443.0,123.0,0.0,0.0,1224.8499755859375,1825.0,1099.0,0.0,6.118199962656945e-05,3.644303560256958,4.600332260131836,2.827712297439575,0.25,15.913651228001982,1.0476721730010468,2.4124527870008023,1.5503950919955969,0.001918850997753907,12.686289774996112,33.61491077000392,3.0174996936693788e-05,0.013645321657049285,0.11165444570102456,1.688817206109704e-05,1.0179524869188243,113621.0,33.61491077000392,845.0193485370567,387.2109568099986,,,,,,,,,,,,,
281.0,,27725.0,31948.0,4223.0,30326.0,30326.0,30326.0,0.03889727592468262,0.011064367141807451,0.01,-0.0004320852691307669,0.0,0.0,0.0,0.0803082287311554,0.12447834415850566,89.94270181655884,92.35546875,350.58441162109375,2e-05,281.0,0.0,-0.3656249940395355,0.75,-1.0,-0.3656249940395355,0.75,-1.0,0.014176888391375542,1.499993920326233,-1.4999982118606567,0.014176888391375542,1.499993920326233,-1.4999982118606567,264.04998779296875,687.0,120.0,0.0,264.04998779296875,687.0,120.0,0.0,0.0,1252.25,2151.0,1095.0,0.0,3.628699778346345e-05,5.541318416595459,7.1090168952941895,4.046285629272461,0.25,17.320614604002913,42.72648977099743,2.417489437000768,1.5796225689991843,0.0019810899975709617,12.810511278992635,76.8592422070069,3.011099761351943e-05,0.013022015506489352,0.10560666819719576,1.6331613117217583e-05,0.8199495646659208,121304.0,76.8592422070069,394.56543063906656,,,,,,,,,,,,,,
282.0,,25634.0,30529.0,4895.0,28454.0,28455.0,28454.25,0.042797207832336426,0.008685910375788808,0.01,0.00029625855386257135,0.0,0.0,0.0,0.06424440443515778,0.11694777981050372,89.94270181655884,92.35546875,345.6899108886719,2e-05,282.0,0.0,-0.653124988079071,0.75,-1.0,-0.653124988079071,0.75,-1.0,-0.005092076025903225,1.499993920326233,-1.4999982118606567,-0.005092076025903225,1.499993920326233,-1.4999982118606567,262.0625,1353.0,114.0,0.0,262.0625,1353.0,114.0,0.0,0.0,1160.6500244140625,1282.0,1095.0,0.0,3.231900336686522e-05,7.434255599975586,13.035982131958008,2.39056134223938,0.25,24.026167602001806,1.1679358929977752,2.398181125987321,1.5495027899887646,0.0019082920043729246,12.75073757400969,41.89702135500556,2.7902991860173643e-05,0.01361398376331097,0.11202841029028783,1.6766317899548613e-05,1.1460132412116293,113817.0,41.89702135500556,679.1473255079143,,,,,,,,,,,,,,
283.0,,27658.0,31421.0,3763.0,29669.0,29862.0,29779.25,0.04155648499727249,0.009264111006632447,0.01,-0.0002399205416440963,0.0,0.0,0.0,0.029393576085567474,0.12236397733947021,89.94270181655884,92.35546875,354.705078125,2e-05,283.0,0.0,-0.40062499046325684,0.75,-1.0,-0.40062499046325684,0.75,-1.0,-0.02536861039698124,1.4999982118606567,-0.49999943375587463,-0.02536861039698124,1.4999982118606567,-0.49999943375587463,294.1625061035156,2000.0,93.0,0.012500000186264515,294.1625061035156,2000.0,93.0,0.012500000186264515,0.0,1194.800048828125,2129.0,1099.0,0.0,3.257500065956265e-05,10.563352584838867,18.998098373413086,4.0184431076049805,0.25,30.243222552002408,1.2898056239937432,2.3930081040016375,1.6826512589905178,0.0019492819992592558,12.802249751010095,48.41537740700005,2.9183007427491248e-05,0.014126037920620213,0.10747626074372335,1.6364431603039496e-05,1.285140974461497,119117.0,48.41537740700005,615.0783407028532,,,,,,,,,,,,,,
284.0,,26046.0,28627.0,2581.0,27515.0,27516.0,27515.25,0.0447218120098114,0.01059679562691599,0.01,-2.0228214561939657e-05,0.0,0.0,0.0,0.07986443489789963,0.11391422825146638,89.94270181655884,92.35546875,333.28900146484375,2e-05,284.0,0.0,-0.65625,0.75,-1.0,-0.65625,0.75,-1.0,0.001690179924480617,1.4999982118606567,-1.4999982118606567,0.001690179924480617,1.4999982118606567,-1.4999982118606567,236.66250610351562,509.0,127.0,0.0,236.66250610351562,509.0,127.0,0.0,0.0,1139.0999755859375,1270.0,1095.0,0.0,3.462300810497254e-05,4.291686058044434,5.228048801422119,2.834932565689087,0.25,16.579088099999353,1.2075391599937575,2.312628077008412,1.4960349009925267,0.0019726410100702196,12.6232608959981,34.223082031996455,3.059099253732711e-05,0.0135927794676818,0.11469331458007924,1.792316088414806e-05,0.875671478371064,110061.0,34.223082031996455,803.9968455872838,,,,,,,,,,,,,,
285.0,,27589.0,30029.0,2440.0,29006.0,29007.0,29006.75,0.04514196142554283,0.008539941869676113,0.01,-0.0005677309678867457,0.0,0.0,0.0,0.07900968939065933,0.118811277126356,89.94270181655884,92.35546875,343.8664245605469,2e-05,285.0,0.0,-0.550000011920929,0.75,-1.0,-0.550000011920929,0.75,-1.0,0.003418751759454608,1.4999982118606567,-1.4999982118606567,0.003418751759454608,1.4999982118606567,-1.4999982118606567,257.98748779296875,592.0,108.0,0.0,257.98748779296875,592.0,108.0,0.0,0.0,1192.3499755859375,2117.0,1103.0,0.0,3.395100065972656e-05,4.969594955444336,6.079163551330566,3.324359655380249,0.25,17.37446164501307,1.2799828340066597,2.3663902709959075,1.5990629730076762,0.0019086410029558465,12.800318410998443,35.4245651109959,2.9118993552401662e-05,0.013781817792476546,0.11032189413669614,1.644997287662222e-05,0.8418267185916503,116027.0,35.4245651109959,818.8315060216846,,,,,,,,,,,,,,
286.0,,26050.0,28740.0,2690.0,27368.0,27368.0,27368.0,0.046377141028642654,0.011553826476447284,0.01,-0.0002498055249452595,0.0,0.0,0.0,0.08714837580919266,0.11390123836507929,89.94270181655884,92.35546875,330.83270263671875,2e-05,286.0,0.0,-0.40937501192092896,0.75,-1.0,-0.40937501192092896,0.75,-1.0,-0.004809746518731117,1.4999982118606567,-1.4999982118606567,-0.004809746518731117,1.4999982118606567,-1.4999982118606567,231.3000030517578,526.0,110.0,0.0,231.3000030517578,526.0,110.0,0.0,0.0,1137.0999755859375,1277.0,1095.0,0.0,3.417499829083681e-05,4.242562294006348,5.411937236785889,3.4554200172424316,0.25,16.751495624004747,1.2422427770070499,2.4106179359951057,1.4832761880097678,0.002195130000473,12.552157657992211,34.44451393799682,3.0174996936693788e-05,0.013549365938411355,0.11466089646660527,2.005197676550168e-05,0.9052905114572388,109472.0,34.44451393799682,794.5532356550257,,,,,,,,,,,,,,
287.0,,25951.0,30087.0,4136.0,27610.0,28789.0,28199.25,0.03334926813840866,0.010168905197642745,0.01,-0.0005465684831142417,0.0,0.0,0.0,0.054037511348724365,0.11534856539361968,89.94270181655884,92.35546875,353.6910400390625,2e-05,287.0,0.0,-0.565625011920929,0.75,-1.0,-0.565625011920929,0.75,-1.0,-0.058376554399728775,0.8660245537757874,-1.4999982118606567,-0.058376554399728775,0.8660245537757874,-1.4999982118606567,264.0625,2000.0,106.0,0.02500000037252903,264.0625,2000.0,106.0,0.02500000037252903,0.0,1145.9000244140625,1272.0,1101.0,0.0,6.483000470325351e-05,11.657112121582031,19.06597900390625,3.0085625648498535,0.25,29.984669209006825,1.3039448310009902,2.3635582080023596,1.5478610360005405,0.0019117789925076067,12.818824396003038,48.02326992499002,2.7775007765740156e-05,0.013722537266066832,0.11364508272385823,1.6948846090832264e-05,1.4193926252784295,112797.0,48.02326992499002,587.1997063932931,,,,,,,,,,,,,,
288.0,,26256.0,28565.0,2309.0,27892.0,27893.0,27892.75,0.0397409163415432,0.007720689703710379,0.01,-0.00015607036650180806,0.0,0.0,0.0,0.06869309395551682,0.11499107243266278,89.94270181655884,92.35546875,327.49029541015625,2e-05,288.0,0.0,-0.48124998807907104,1.0,-1.0,-0.48124998807907104,1.0,-1.0,0.011325153522193432,1.4999982118606567,-1.4999982118606567,0.011325153522193432,1.4999982118606567,-1.4999982118606567,234.4875030517578,500.0,121.0,0.0,234.4875030517578,500.0,121.0,0.0,0.0,1160.1500244140625,1629.0,1095.0,0.0,3.436699626035988e-05,4.219253063201904,5.177078723907471,3.3363378047943115,0.25,16.312711649996345,1.215222951999749,2.36784268199699,1.5031343439914053,0.001923107003676705,12.685147159994813,34.08852671099885,2.918299287557602e-05,0.013472446639282657,0.1136957377812766,1.723662066017787e-05,0.8695938829359958,111571.0,34.08852671099885,818.2445148326182,,,,,,,,,,,,,,
289.0,,25185.0,30116.0,4931.0,27575.0,27575.0,27575.0,0.04215886816382408,0.009228136918936798,0.01,0.0004330595582723619,0.0,0.0,0.0,0.04356742277741432,0.1143546182306134,89.94270181655884,92.35546875,327.7002868652344,2e-05,289.0,0.0,-0.643750011920929,0.75,-1.0,-0.643750011920929,0.75,-1.0,-0.004467121325433254,1.4999982118606567,-1.4999982118606567,-0.004467121325433254,1.4999982118606567,-1.4999982118606567,226.9499969482422,481.0,106.0,0.0,226.9499969482422,481.0,106.0,0.0,0.0,1151.800048828125,1282.0,1103.0,0.0,6.31019938737154e-05,3.834050178527832,5.079054832458496,2.1884992122650146,0.25,17.08068925900443,1.2720834280044073,2.325956328000757,1.471717525011627,0.0019421140023041517,12.602157908986555,34.75708244800626,2.863899862859398e-05,0.013342860607539683,0.11425347152299688,1.7607561217626034e-05,0.9407738080526784,110300.0,34.75708244800626,793.3634832914971,,,,,,,,,,,,,,
290.0,,26664.0,32486.0,5822.0,28832.0,28902.0,28849.5,0.044096753001213074,0.010573667341377588,0.01,0.00083730923011899,0.0,0.0,0.0,0.06237168237566948,0.11930723714177363,89.94270181655884,92.35546875,348.96722412109375,2e-05,290.0,0.0,-0.3412500023841858,0.75,-1.0,-0.3412500023841858,0.75,-1.0,-0.0060853008180856705,1.4999982118606567,-1.4999982118606567,-0.0060853008180856705,1.4999982118606567,-1.4999982118606567,240.22500610351562,665.0,114.0,0.0,240.22500610351562,665.0,114.0,0.0,0.0,1202.25,2178.0,1099.0,0.0,3.2862997613847256e-05,4.818324089050293,6.771546840667725,3.857992649078369,0.25,17.833894827999757,1.278770926001016,2.3886051359877456,1.550111921998905,0.001909058992168866,12.677338798996061,35.73313139099628,2.9950999305583537e-05,0.013432745125555945,0.10985752611826947,1.6543258914096137e-05,0.9279787089187094,115398.0,35.73313139099628,807.3599731388009,,,,,,,,,,,,,,
291.0,,26465.0,29388.0,2923.0,27463.0,27464.0,27463.5,0.050111204385757446,0.014911032300442457,0.01,-0.0023377386573702106,0.0,0.0,0.0,0.10808366537094116,0.11413096605301822,89.94270181655884,92.35546875,329.2281799316406,2e-05,291.0,0.0,-0.3218750059604645,0.75,-1.0,-0.3218750059604645,0.75,-1.0,-0.0030698811169713736,1.4999982118606567,-1.4999982118606567,-0.0030698811169713736,1.4999982118606567,-1.4999982118606567,226.3249969482422,620.0,108.0,0.0,226.3249969482422,620.0,108.0,0.0,0.0,1146.8499755859375,1264.0,1095.0,0.0,3.580701013561338e-05,4.26959228515625,6.400373935699463,3.2604570388793945,0.25,17.20574386800581,1.2387851310049882,2.3241487630002666,1.477407651997055,0.0018147259979741648,12.57418094300374,34.82471408799756,2.7839007088914514e-05,0.013448828918355771,0.11446265901108507,1.651943486786248e-05,0.9502785743955491,109854.0,34.82471408799756,788.6209756267712,,,,,,,,,,,,,,
292.0,,27443.0,37655.0,10212.0,30078.0,30080.0,30079.0,0.04287688434123993,0.009168425416573884,0.01,0.0,0.0,0.0,0.0,0.006557251326739788,0.12455468719701229,89.94270181655884,92.35546875,353.34503173828125,2e-05,292.0,0.0,-0.5196428298950195,0.75,-1.0,-0.5196428298950195,0.75,-1.0,0.0,0.0,0.0,0.0,0.0,0.0,240.9499969482422,678.0,105.0,0.0,240.9499969482422,678.0,105.0,0.0,0.0,1263.0,2216.0,1097.0,0.0,3.4078999306075275e-05,4.999204158782959,6.939812660217285,3.8403592109680176,0.25,17.74471723601164,1.0637651639990509,2.4459054809994996,1.6073719480045838,0.002014750993112102,12.698990667995531,35.56530324800406,2.774299355223775e-05,0.013359585990263836,0.10554698184776365,1.6745495138735513e-05,0.9205601388260862,120316.0,35.56530324800406,845.7400121194819,,,,,,,,,,,,,,
293.0,,26912.0,28681.0,1769.0,27950.0,28224.0,28079.25,0.04135926440358162,0.011466540005058052,0.01,-0.0008046143874526027,0.0,0.0,0.0,0.09578415751457214,0.11616883031602757,89.94270181655884,92.35546875,334.03509521484375,2e-05,293.0,0.0,-0.44062501192092896,0.75,-1.0,-0.44062501192092896,0.75,-1.0,0.00867393147200346,1.4999982118606567,-1.4999982118606567,0.00867393147200346,1.4999982118606567,-1.4999982118606567,252.91250610351562,991.0,121.0,0.0,252.91250610351562,991.0,121.0,0.0,0.0,1151.050048828125,1284.0,1095.0,0.0,3.4590993891470134e-05,5.989497184753418,9.658533096313477,4.20653772354126,0.25,20.928535683007794,1.1204520589963067,2.503576984992833,1.5075399010092951,0.001907298996229656,12.648039509993396,38.7125194859982,3.087898949161172e-05,0.013422188101616809,0.1126101971205908,1.698139191956388e-05,1.0343763002524486,112317.0,38.7125194859982,725.3273714245307,,,,,,,,,,,,,,
294.0,-0.4891122632013385,26953.0,28282.0,1329.0,27450.0,27451.0,27450.25,0.03173941746354103,0.008204112186213024,0.01,-0.00038973234593868216,0.0,0.0,0.0,0.04720253124833107,0.11379346878030534,89.94270181655884,92.35546875,325.2109375,2e-05,294.0,0.0,-0.59375,0.75,-1.0,-0.59375,0.75,-1.0,-5.4493088100571185e-05,1.4999982118606567,-1.4999982118606567,-5.4493088100571185e-05,1.4999982118606567,-1.4999982118606567,229.3625030517578,514.0,112.0,0.0,229.3625030517578,514.0,112.0,0.0,0.0,1143.1500244140625,1217.0,1099.0,0.0,3.545499930623919e-05,4.184685230255127,5.2543864250183105,3.5904369354248047,0.25,16.523875056998804,1.1643375219864538,2.361919584000134,1.466836299005081,0.001956641994183883,12.603701832005754,34.125138213988976,3.107100201305002e-05,0.013359043169052022,0.11478676726082417,1.781989229773757e-05,0.9005327296854763,109801.0,34.125138213988976,804.3996724018328,384.4134382080083,,,,,,,,,,,,,
,,,,,,,,,,,,,,,,,,,,,,,,,,,,,,,,,,,,,,,,,,,,,,,,,,,,,,,,,,,,,,,,,,,,,,0.0,1.0,,,,,,,,,,
,,,,,,,,,,,,,,,,,,,,,,,,,,,,,,,,,,,,,,,,,,,,,,,,,,,,,,,,,,,,,,,,,,,,,,1.0,16.0,0.0,0.7297,0.1656,0.1275,0.8269,0.8462,0.5938,0.6508,0.5508,0.5839
,,,,,,,,,,,,,,,,,,,,,,,,,,,,,,,,,,,,,,,,,,,,,,,,,,,,,,,,,,,,,,,,,,,,,,2.0,31.0,0.0,0.675,0.1752,0.1716,0.8364,0.8364,0.5927,0.6568,0.5434,0.5827
,,,,,,,,,,,,,,,,,,,,,,,,,,,,,,,,,,,,,,,,,,,,,,,,,,,,,,,,,,,,,,,,,,,,,,3.0,46.0,0.0,0.7368,0.172,0.1246,0.8333,0.8333,0.5948,0.6578,0.5499,0.5803
,,,,,,,,,,,,,,,,,,,,,,,,,,,,,,,,,,,,,,,,,,,,,,,,,,,,,,,,,,,,,,,,,,,,,,4.0,61.0,0.0,0.7368,0.172,0.1246,0.8148,0.8519,0.5916,0.6591,0.5499,0.5672
,,,,,,,,,,,,,,,,,,,,,,,,,,,,,,,,,,,,,,,,,,,,,,,,,,,,,,,,,,,,,,,,,,,,,,5.0,76.0,0.0,0.7368,0.172,0.1246,0.8148,0.8333,0.592,0.6538,0.546,0.5803
,,,,,,,,,,,,,,,,,,,,,,,,,,,,,,,,,,,,,,,,,,,,,,,,,,,,,,,,,,,,,,,,,,,,,,6.0,91.0,0.0,0.7368,0.1752,0.1246,0.8364,0.8182,0.5977,0.6491,0.5534,0.5961
,,,,,,,,,,,,,,,,,,,,,,,,,,,,,,,,,,,,,,,,,,,,,,,,,,,,,,,,,,,,,,,,,,,,,,7.0,106.0,0.0,0.7368,0.1752,0.1246,0.8182,0.8364,0.6046,0.6561,0.5564,0.608
,,,,,,,,,,,,,,,,,,,,,,,,,,,,,,,,,,,,,,,,,,,,,,,,,,,,,,,,,,,,,,,,,,,,,,8.0,121.0,0.0,0.7179,0.1783,0.1749,0.8393,0.8214,0.6068,0.6618,0.5611,0.6028
,,,,,,,,,,,,,,,,,,,,,,,,,,,,,,,,,,,,,,,,,,,,,,,,,,,,,,,,,,,,,,,,,,,,,,9.0,136.0,0.0,0.7179,0.1752,0.1749,0.8364,0.8182,0.6045,0.6504,0.5581,0.6119
,,,,,,,,,,,,,,,,,,,,,,,,,,,,,,,,,,,,,,,,,,,,,,,,,,,,,,,,,,,,,,,,,,,,,,10.0,151.0,0.0,0.7179,0.1783,0.1749,0.8214,0.8214,0.5964,0.6455,0.5561,0.5922
,,,,,,,,,,,,,,,,,,,,,,,,,,,,,,,,,,,,,,,,,,,,,,,,,,,,,,,,,,,,,,,,,,,,,,11.0,166.0,0.0,0.6744,0.1879,0.2217,0.8305,0.8475,0.5976,0.6541,0.5534,0.5898
,,,,,,,,,,,,,,,,,,,,,,,,,,,,,,,,,,,,,,,,,,,,,,,,,,,,,,,,,,,,,,,,,,,,,,12.0,181.0,0.0,0.6667,0.1943,0.2137,0.8525,0.8525,0.6036,0.6704,0.5525,0.5926
,,,,,,,,,,,,,,,,,,,,,,,,,,,,,,,,,,,,,,,,,,,,,,,,,,,,,,,,,,,,,,,,,,,,,,13.0,196.0,0.0,0.6383,0.2038,0.2271,0.8281,0.8594,0.6038,0.6651,0.5561,0.5949
,,,,,,,,,,,,,,,,,,,,,,,,,,,,,,,,,,,,,,,,,,,,,,,,,,,,,,,,,,,,,,,,,,,,,,14.0,211.0,0.0,0.6327,0.207,0.2213,0.8308,0.8769,0.6007,0.6608,0.5596,0.5843
,,,,,,,,,,,,,,,,,,,,,,,,,,,,,,,,,,,,,,,,,,,,,,,,,,,,,,,,,,,,,,,,,,,,,,15.0,226.0,0.0,0.6735,0.207,0.1808,0.8462,0.8615,0.6107,0.6621,0.5723,0.6013
,,,,,,,,,,,,,,,,,,,,,,,,,,,,,,,,,,,,,,,,,,,,,,,,,,,,,,,,,,,,,,,,,,,,,,16.0,241.0,0.0,0.68,0.2102,0.1776,0.8485,0.8636,0.6143,0.6731,0.5756,0.5965
,,,,,,,,,,,,,,,,,,,,,,,,,,,,,,,,,,,,,,,,,,,,,,,,,,,,,,,,,,,,,,,,,,,,,,17.0,256.0,0.0,0.6111,0.2293,0.3322,0.8611,0.8472,0.6091,0.6734,0.5679,0.5878
,,,,,,,,,,,,,,,,,,,,,,,,,,,,,,,,,,,,,,,,,,,,,,,,,,,,,,,,,,,,,,,,,,,,,,18.0,271.0,0.0,0.5667,0.2484,0.8575,0.8718,0.859,0.613,0.6764,0.5643,0.6028
,,,,,,,,,,,,,,,,,,,,,,,,,,,,,,,,,,,,,,,,,,,,,,,,,,,,,,,,,,,,,,,,,,,,,,19.0,286.0,0.0,0.5574,0.258,0.8468,0.8519,0.8642,0.6224,0.6754,0.5812,0.6147
,,,,,,,,,,,,,,,,,,,,,,,,,,,,,,,,,,,,,,,,,,,,,,,,,,,,,,,,,,,,,,,,,,,,,,20.0,301.0,0.0,0.5484,0.2611,0.8836,0.8537,0.8659,0.6207,0.6744,0.5788,0.6131
,,,,,,,,,,,,,,,,,,,,,,,,,,,,,,,,,,,,,,,,,,,,,,,,,,,,,,,,,,,,,,,,,,,,,,21.0,316.0,0.0,0.5667,0.2516,0.8575,0.8608,0.8608,0.6226,0.6804,0.5794,0.6119
,,,,,,,,,,,,,,,,,,,,,,,,,,,,,,,,,,,,,,,,,,,,,,,,,,,,,,,,,,,,,,,,,,,,,,22.0,,0.0,0.5667,0.258,0.8575,0.8395,0.8519,0.6146,0.6658,0.5617,0.6246
