step,1,global_seqlen/min,global_seqlen/max,global_seqlen/minmax_diff,global_seqlen/balanced_min,global_seqlen/balanced_max,global_seqlen/mean,actor/entropy,actor/kl_loss,actor/kl_coef,actor/pg_loss,actor/pg_clipfrac,actor/ppo_kl,actor/pg_clipfrac_lower,actor/grad_norm,perf/mfu/actor,perf/max_memory_allocated_gb,perf/max_memory_reserved_gb,perf/cpu_memory_used_gb,actor/lr,training/global_step,training/epoch,critic/score/mean,critic/score/max,critic/score/min,critic/rewards/mean,critic/rewards/max,critic/rewards/min,critic/advantages/mean,critic/advantages/max,critic/advantages/min,critic/returns/mean,critic/returns/max,critic/returns/min,response_length/mean,response_length/max,response_length/min,response_length/clip_ratio,response_length_non_aborted/mean,response_length_non_aborted/max,response_length_non_aborted/min,response_length_non_aborted/clip_ratio,response/aborted_ratio,prompt_length/mean,prompt_length/max,prompt_length/min,prompt_length/clip_ratio,timing_s/start_profile,timing_s/generate_sequences,timing_s/generation_timing/max,timing_s/generation_timing/min,timing_s/generation_timing/topk_ratio,timing_s/gen,timing_s/reward,timing_s/old_log_prob,timing_s/ref,timing_s/adv,timing_s/update_actor,timing_s/step,timing_s/stop_profile,timing_per_token_ms/ref,timing_per_token_ms/gen,timing_per_token_ms/update_actor,timing_per_token_ms/adv,perf/total_num_tokens,perf/time_per_step,perf/throughput,timing_s/testing,timing_s/save_checkpoint,eval_pass,call,causci/control_acc,causci/effect_acc,causci/method_acc,causci/mre,causci/outcome_acc,causci/treatment_acc,cladder/overall_acc,cladder/rung1_acc,cladder/rung2_acc,cladder/rung3_acc
0.0,-0.40599124418322446,,,,,,,,,,,,,,,,,,,,,,,,,,,,,,,,,,,,,,,,,,,,,,,,,,,,,,,,,,,,,,,,,,,,,,,,,,,,,,,,
1.0,,26164.0,33308.0,7144.0,30155.0,30156.0,30155.25,0.06389037519693375,0.0,0.01,0.0005880171619355677,0.0,0.0,0.0,0.03811347112059593,0.12583251086734856,78.87506103515625,80.19921875,324.9794921875,2e-05,1.0,0.0,-0.6362500190734863,1.0,-1.0,-0.6362500190734863,1.0,-1.0,0.004279383458197117,1.499993920326233,-1.499993920326233,0.004279383458197117,1.499993920326233,-1.499993920326233,223.71249389648438,649.0,110.0,0.0,223.71249389648438,649.0,110.0,0.0,0.0,1284.050048828125,2114.0,1101.0,0.0,0.00012905100447824225,4.325925827026367,6.67767858505249,2.3301830291748047,0.25,18.290663175997906,10.294108046000474,2.572395745002723,1.6501533400005428,0.002007386996410787,12.600083073004498,45.419020168003044,3.0303002859000117e-05,0.013680481342390983,1.021996042688602,0.10446011119957967,1.664210209176501e-05,120621.0,45.419020168003044,663.9344021173729,,,,,,,,,,,,,,
2.0,,26602.0,32209.0,5607.0,29135.0,29243.0,29162.25,0.0777725875377655,0.00011229006666951592,0.01,-0.0015053828060626981,0.0,0.0,0.0,0.03169906511902809,0.1248972617944285,79.66600513458252,81.26953125,321.2701416015625,2e-05,2.0,0.0,-0.8550000190734863,0.4000000059604645,-1.0,-0.8550000190734863,0.4000000059604645,-1.0,0.0010757192503660917,1.499993920326233,-1.499993920326233,0.0010757192503660917,1.499993920326233,-1.499993920326233,267.26251220703125,1223.0,127.0,0.0,267.26251220703125,1223.0,127.0,0.0,0.0,1190.8499755859375,1964.0,1103.0,0.0,2.694300201255828e-05,7.487495422363281,11.787734985351562,2.971867084503174,0.25,23.458360040000116,0.9525511429965263,2.357460268998693,1.557724086997041,0.001773570998921059,12.251334066000709,40.58180241299851,2.847999712685123e-05,0.013353942914187357,1.0971591618726961,0.10502733899133905,1.5204339505019838e-05,116649.0,40.58180241299851,718.6041098721435,,,,,,,,,,,,,,
3.0,,27877.0,29369.0,1492.0,28687.0,28687.0,28687.0,0.05952097848057747,0.00016384579246732757,0.01,0.0003424278250895443,0.0,0.0,0.0,0.04736755043268204,0.1220109670814703,79.66600513458252,81.26953125,320.0489501953125,2e-05,3.0,0.0,-0.9281250238418579,0.75,-1.0,-0.9281250238418579,0.75,-1.0,-0.0029289070516824722,1.4999982118606567,-1.499993920326233,-0.0029289070516824722,1.4999982118606567,-1.499993920326233,277.6000061035156,948.0,111.0,0.0,277.6000061035156,948.0,111.0,0.0,0.0,1156.75,1284.0,1101.0,0.0,2.345500251976773e-05,7.335153579711914,9.26864242553711,4.365983486175537,0.25,21.384016132004035,1.0633296060041175,2.293695883003238,1.567228004001663,0.0017678739968687296,12.320273325000016,38.63323811600276,7.337400165852159e-05,0.013657998431359702,0.9628969800073863,0.10736808767908823,1.5406577865136904e-05,114748.0,38.63323811600276,742.5471277831407,,,,,,,,,,,,,,
4.0,,27501.0,32250.0,4749.0,29170.0,29172.0,29171.0,0.04961423948407173,0.00012236037131515334,0.01,1.245578750967962e-05,0.0,0.0,0.0,0.03741054981946945,0.12475605078060625,79.66600513458252,81.31640625,329.0162353515625,2e-05,4.0,0.0,-0.8862500190734863,0.4000000059604645,-1.0,-0.8862500190734863,0.4000000059604645,-1.0,-0.011646118015050888,1.499993920326233,-0.8660224080085754,-0.011646118015050888,1.499993920326233,-0.8660224080085754,256.8999938964844,1010.0,116.0,0.0,256.8999938964844,1010.0,116.0,0.0,0.0,1201.6500244140625,2227.0,1099.0,0.0,2.5023000489454716e-05,6.598580837249756,9.805395126342773,3.870122194290161,0.25,21.657585683002253,0.9317987879985594,2.296060574997682,1.6257556389973615,0.0017493159975856543,12.273713307004073,38.78921902699949,2.803099778247997e-05,0.013932978291774036,1.0537945544473655,0.10518762904086312,1.4991909752713776e-05,116684.0,38.78921902699949,752.0388585213674,,,,,,,,,,,,,,
5.0,,25900.0,33164.0,7264.0,28404.0,29305.0,28629.5,0.08439043164253235,0.00015432897191203665,0.01,0.0015117019554600126,0.0,0.0,0.0,0.06090997904539108,0.12152206131407661,88.7075424194336,90.21875,335.1942138671875,2e-05,5.0,0.0,-0.887499988079071,0.75,-1.0,-0.887499988079071,0.75,-1.0,-0.008049027994275093,1.499993920326233,-0.8660245537757874,-0.008049027994275093,1.499993920326233,-0.8660245537757874,285.4750061035156,2250.0,91.0,0.012500000186264515,285.4750061035156,2250.0,91.0,0.012500000186264515,0.0,1146.0,1286.0,1101.0,0.0,4.111800080863759e-05,9.615851402282715,21.669921875,2.5994620323181152,0.25,33.393864677003876,1.0076158899973962,2.314386690995889,1.5880096289984067,0.0017934420029632747,12.360175098001491,50.668399068003055,2.8574999305419624e-05,0.013866899779933344,1.462206177292402,0.10793215999232864,1.5660786976399123e-05,114518.0,50.668399068003055,565.0366012467807,,,,,,,,,,,,,,
6.0,,28602.0,33628.0,5026.0,30355.0,30356.0,30355.25,0.06071208789944649,0.0001439006162581791,0.01,0.00194226048886776,0.0,0.0,0.0,0.06991627812385559,0.13074221834608174,88.7075424194336,90.21875,323.3890380859375,2e-05,6.0,0.0,-0.7024999856948853,1.0,-1.0,-0.7024999856948853,1.0,-1.0,-0.014619475230574608,1.4999949932098389,-1.499993920326233,-0.014619475230574608,1.4999949932098389,-1.499993920326233,264.1625061035156,834.0,108.0,0.0,264.1625061035156,834.0,108.0,0.0,0.0,1253.5999755859375,2227.0,1101.0,0.0,2.5151006411761045e-05,6.570054054260254,8.273537635803223,5.424768924713135,0.25,20.43290594100108,0.9152811710009701,2.330937733997416,1.6397911950043635,0.0017686740029603243,12.212421156997152,37.53568776699831,2.7934998797718436e-05,0.013505004859162447,0.9668719983438736,0.10057915152236559,1.4566458874167765e-05,121421.0,37.53568776699831,808.703711210231,,,,,,,,,,,,,,
7.0,,25929.0,31655.0,5726.0,29309.0,29310.0,29309.5,0.06102596968412399,0.00011343852223944851,0.01,3.3546648919582274e-05,0.0,0.0,0.0,0.02589009329676628,0.12513034671952974,88.7075424194336,90.21875,325.33880615234375,2e-05,7.0,0.0,-0.7406250238418579,1.0,-1.0,-0.7406250238418579,1.0,-1.0,0.0017326365923509002,1.4999982118606567,-0.8660224080085754,0.0017326365923509002,1.4999982118606567,-0.8660224080085754,271.92498779296875,1001.0,91.0,0.0,271.92498779296875,1001.0,91.0,0.0,0.0,1193.550048828125,1866.0,1104.0,0.0,2.4031003704294562e-05,6.502006530761719,9.971872329711914,2.5350687503814697,0.25,21.92648535600165,1.1432136229996104,2.295043939993775,1.632064839002851,0.0017205170006491244,12.28894116000447,39.29001834000519,2.7902999136131257e-05,0.013920954289589135,1.0079289030064196,0.10482046060154958,1.4675420944140333e-05,117238.0,39.29001834000519,745.9782723022299,,,,,,,,,,,,,,
8.0,,26634.0,30765.0,4131.0,28399.0,28399.0,28399.0,0.07963434606790543,0.00020783730422408553,0.01,-0.0027761877188459036,0.0,0.0,0.0,0.059199023991823196,0.12189064714468267,88.7075424194336,90.21875,320.36083984375,2e-05,8.0,0.0,-0.831250011920929,-0.5,-1.0,-0.831250011920929,-0.5,-1.0,-0.009466467425227165,1.499993920326233,-1.499993920326233,-0.009466467425227165,1.499993920326233,-1.499993920326233,273.25,950.0,123.0,0.0,273.25,950.0,123.0,0.0,0.0,1146.699951171875,1290.0,1107.0,0.0,2.6782996428664774e-05,5.54396915435791,9.440329551696777,3.4794442653656006,0.25,21.239981227998214,0.9983328210000764,2.280780410997977,1.5154119709986844,0.002239250999991782,12.203123115999915,38.24265071700211,3.628699778346345e-05,0.01334036384202511,0.9716368356815286,0.10742564100848546,1.971241064818992e-05,113596.0,38.24265071700211,742.6001981440642,,,,,,,,,,,,,,
9.0,,29723.0,33264.0,3541.0,31154.0,31155.0,31154.25,0.056122053414583206,0.0002690260243980447,0.01,0.002015312425792218,0.0,0.0,0.0,0.028920453041791916,0.1333727604646331,88.7075424194336,90.21875,334.94024658203125,2e-05,9.0,0.0,-0.6737500429153442,1.0,-1.0,-0.6737500429153442,1.0,-1.0,-0.010174688883125782,1.499993920326233,-1.499993920326233,-0.010174688883125782,1.499993920326233,-1.499993920326233,295.4624938964844,1325.0,121.0,0.0,295.4624938964844,1325.0,121.0,0.0,0.0,1262.25,2143.0,1097.0,0.0,3.5774995922110975e-05,9.211837768554688,12.86642074584961,3.5613627433776855,0.25,24.823371883001528,0.9326782619973528,2.3241229109989945,1.7054330070022843,0.0022758889972465113,12.317730431997916,42.110206113997265,5.500599945662543e-05,0.01368539610969839,1.0501913052841532,0.09884470362789921,1.826307002452724e-05,124617.0,42.110206113997265,739.8265854045404,,,,,,,,,,,,,,
10.0,,25723.0,32774.0,7051.0,29635.0,29742.0,29662.5,0.059956569224596024,0.00014171409972732363,0.01,-0.0005372304283082485,0.0,0.0,0.0,0.02062215656042099,0.1277058706234728,88.7075424194336,90.21875,321.3006134033203,2e-05,10.0,0.0,-0.8581250309944153,0.75,-1.0,-0.8581250309944153,0.75,-1.0,-0.003515795338898897,1.4999982118606567,-0.49999943375587463,-0.003515795338898897,1.4999982118606567,-0.49999943375587463,280.875,1320.0,113.0,0.0,280.875,1320.0,113.0,0.0,0.0,1202.25,1893.0,1108.0,0.0,3.65109954145737e-05,7.677664756774902,12.745950698852539,3.059584617614746,0.25,24.880181558000913,1.0303038640049635,2.286011618001794,1.5987517750036204,0.002216822002083063,12.201123231003294,42.0032915289994,3.990199911640957e-05,0.013474519806183064,1.1072621966177532,0.10283289701646266,1.868370840356564e-05,118650.0,42.0032915289994,706.1946557097979,,,,,,,,,,,,,,
11.0,,25861.0,30690.0,4829.0,28115.0,28116.0,28115.25,0.07243802398443222,0.00020658455541706648,0.01,0.0015393530204892154,0.0,0.0,0.0,0.04812062904238701,0.12040330879903356,88.7075424194336,90.21875,316.7901306152344,2e-05,11.0,0.0,-0.734375,1.0,-1.0,-0.734375,1.0,-1.0,-0.020236870273947716,1.499993920326233,-1.499993920326233,-0.020236870273947716,1.499993920326233,-1.499993920326233,222.5124969482422,501.0,126.0,0.0,222.5124969482422,501.0,126.0,0.0,0.0,1183.25,2019.0,1106.0,0.0,3.462199674686417e-05,3.8935294151306152,5.236710071563721,2.6631174087524414,0.25,17.202546098997118,0.9238635509973392,2.294953106997127,1.510668966002413,0.002227191005658824,12.227759209003125,34.1665676670018,3.7534999137278646e-05,0.013432825299458596,0.9663808830401167,0.10872888564927508,1.980411881148864e-05,112461.0,34.1665676670018,822.8877502130193,,,,,,,,,,,,,,
12.0,,26667.0,34838.0,8171.0,30185.0,30186.0,30185.75,0.06187776103615761,0.00016449601731437726,0.01,0.0,0.0,0.0,0.0,0.0007453542202711105,0.12683946408088903,88.7075424194336,90.21875,337.4653015136719,2e-05,12.0,0.0,-0.8600000143051147,-0.20000000298023224,-1.0,-0.8600000143051147,-0.20000000298023224,-1.0,0.0,0.0,0.0,0.0,0.0,0.0,299.4375,1317.0,118.0,0.0,299.4375,1317.0,118.0,0.0,0.0,1209.8499755859375,2250.0,1103.0,0.05000000074505806,3.1998999475035816e-05,8.095922470092773,12.901410102844238,4.038117408752441,0.25,25.651258956000675,0.9651124869997147,2.47240140500071,1.6823036709974986,0.002235829997516703,12.5302563380028,43.307997468000394,3.990300319856033e-05,0.013932929204984956,1.0708102256731653,0.10377625483881302,1.8517263920199953e-05,120743.0,43.307997468000394,697.0017494414001,,,,,,,,,,,,,,
13.0,,26598.0,31531.0,4933.0,28912.0,28913.0,28912.75,0.08507608622312546,0.0002671750071749557,0.01,-0.0008560408279299735,0.0,0.0,0.0,0.042592886835336685,0.12313382838985817,88.7075424194336,90.21875,319.75636291503906,2e-05,13.0,0.0,-0.8843749761581421,0.75,-1.0,-0.8843749761581421,0.75,-1.0,0.00899535696953535,1.499993920326233,-1.4999982118606567,0.00899535696953535,1.499993920326233,-1.4999982118606567,289.0375061035156,949.0,114.0,0.0,289.0375061035156,949.0,114.0,0.0,0.0,1156.5999755859375,1287.0,1101.0,0.0,3.532700065989047e-05,6.091767311096191,9.446560859680176,3.2143714427948,0.25,21.13046188899898,0.988230773997202,2.3112975340045523,1.5808731259967317,0.002275027996802237,12.31987772800494,38.33762901299633,3.798299439949915e-05,0.013669342469989293,0.9138287371447901,0.10652633983281545,1.9671494382255554e-05,115651.0,38.33762901299633,754.1611399650894,,,,,,,,,,,,,,
14.0,-0.39580016141864144,28261.0,33078.0,4817.0,30305.0,31070.0,30497.75,0.06865993142127991,0.00024228714963101086,0.01,-0.00022366143763065323,0.0,0.0,0.0,0.03896484151482582,0.1303692566843132,88.7075424194336,90.21875,347.62962341308594,2e-05,14.0,0.0,-0.78125,1.0,-1.0,-0.78125,1.0,-1.0,-0.026371117681264877,1.499993920326233,-1.499993920326233,-0.026371117681264877,1.499993920326233,-1.499993920326233,312.88751220703125,2250.0,112.0,0.012500000186264515,312.88751220703125,2250.0,112.0,0.012500000186264515,0.0,1212.0,2117.0,1105.0,0.0,3.983799979323521e-05,10.236783981323242,21.495315551757812,5.4309892654418945,0.25,33.284512170997914,0.992992186002084,2.3124287520040525,1.7094637599948328,0.002254388004075736,12.319647868003813,50.62588565700571,5.190200317883864e-05,0.01401303178099067,1.3297316196315734,0.10098817017651968,1.8479953472598273e-05,121991.0,50.62588565700571,602.4141524481096,424.1696049900056,,,,,,,,,,,,,
15.0,,26758.0,33267.0,6509.0,29896.0,30974.0,30165.75,0.06294161826372147,0.0003777311868179823,0.01,-0.002945577772334218,0.0,0.0,0.0,0.04147309064865112,0.10790216076771617,88.7075424194336,90.21875,340.0729217529297,2e-05,15.0,0.0,-0.8125,-0.5,-1.0,-0.8125,-0.5,-1.0,0.015738245099782944,1.499993920326233,-1.499993920326233,0.015738245099782944,1.499993920326233,-1.499993920326233,340.6875,2250.0,118.0,0.012500000186264515,340.6875,2250.0,118.0,0.012500000186264515,0.0,1167.5999755859375,1286.0,1101.0,0.0,3.990299592260271e-05,10.634986877441406,21.412763595581055,4.345362186431885,0.25,33.37770039399766,10.64956595300464,2.381227936995856,1.6727231330005452,0.0021755130001110956,14.701301831999444,62.78931362000003,3.862300218315795e-05,0.013862767650402735,1.2246450337184978,0.121837695333279,1.8029661123220005e-05,120663.0,62.78931362000003,480.4280897632145,,,,,,,,,,,,,,
16.0,,29916.0,30753.0,837.0,30248.0,30249.0,30248.75,0.07391566038131714,0.00040678362573089545,0.01,-0.0025844335183501242,0.0,0.0,0.0,0.05276454612612724,0.1289114078557031,88.7075424194336,90.21875,332.34864807128906,2e-05,16.0,0.0,-0.699999988079071,1.0,-1.0,-0.699999988079071,1.0,-1.0,0.024675987660884857,1.4999982118606567,-1.499993920326233,0.024675987660884857,1.4999982118606567,-1.499993920326233,315.13751220703125,1069.0,113.0,0.0,315.13751220703125,1069.0,113.0,0.0,0.0,1197.300048828125,2003.0,1104.0,0.0,3.868700150633231e-05,7.467949867248535,10.56741714477539,4.44231653213501,0.25,22.48724034600309,0.9471967210047296,2.4855466809967766,1.6428890050010523,0.002063003004877828,12.342798248995678,39.91147611899942,3.833499795291573e-05,0.013578156163486527,0.8919614591251077,0.10201081242196519,1.7050316169079945e-05,120995.0,39.91147611899942,757.8960474879659,,,,,,,,,,,,,,
17.0,,26683.0,32174.0,5491.0,28584.0,28624.0,28594.75,0.06675055623054504,0.00042388888832647356,0.01,-2.0412504673004288e-05,0.0,0.0,0.0,0.012205766513943672,0.12242647273074685,88.7075424194336,90.21875,322.8168487548828,2e-05,17.0,0.0,-0.887499988079071,-0.5,-1.0,-0.887499988079071,-0.5,-1.0,-0.017868738621473312,0.8660224080085754,-0.8660224080085754,-0.017868738621473312,0.8660224080085754,-0.8660224080085754,274.4375,1163.0,119.0,0.0,274.4375,1163.0,119.0,0.0,0.0,1155.300048828125,1285.0,1103.0,0.0,3.948600351577625e-05,6.349854946136475,11.520395278930664,3.3489575386047363,0.25,23.100845216999005,0.9092321739954059,2.3097574259954854,1.5443521909983247,0.0019986210027127527,12.239122816994495,40.109261817000515,3.9391001337207854e-05,0.013502060614258952,1.0521906270552952,0.10700498183228123,1.7473670889872726e-05,114379.0,40.109261817000515,712.9213728855007,,,,,,,,,,,,,,
18.0,,28087.0,32519.0,4432.0,29728.0,29729.0,29728.5,0.06695067882537842,0.0003942741376522463,0.01,-0.00014079935848712935,0.0,0.0,0.0,0.02488572895526886,0.12768574356048085,88.7075424194336,90.21875,324.61126708984375,2e-05,18.0,0.0,-0.862500011920929,-0.5,-1.0,-0.862500011920929,-0.5,-1.0,0.01829950325191021,0.49999797344207764,-1.499993920326233,0.01829950325191021,0.49999797344207764,-1.499993920326233,309.7749938964844,856.0,133.0,0.0,309.7749938964844,856.0,133.0,0.0,0.0,1176.6500244140625,1288.0,1101.0,0.0,3.7343001167755574e-05,7.376314640045166,8.533208847045898,4.827269554138184,0.25,20.643561067998235,1.0154223029967397,2.2791203960005078,1.6096941249998054,0.0021258799970382825,12.223907162006071,37.777577016997384,3.5709999792743474e-05,0.013536624156952127,0.833006257283441,0.10279619861417555,1.787745763356949e-05,118914.0,37.777577016997384,786.9350643272903,,,,,,,,,,,,,,
19.0,,26434.0,31579.0,5145.0,29787.0,30514.0,29969.5,0.06788850575685501,0.0005588189375703224,0.01,0.0009551653079688541,0.0,0.0,0.0,0.046804048120975494,0.12780298188773379,88.7075424194336,90.21875,339.48699951171875,2e-05,19.0,0.0,-0.762499988079071,1.0,-1.0,-0.762499988079071,1.0,-1.0,-0.1066419705748558,1.499993920326233,-1.499993920326233,-0.1066419705748558,1.499993920326233,-1.499993920326233,305.67498779296875,2250.0,112.0,0.012500000186264515,305.67498779296875,2250.0,112.0,0.012500000186264515,0.0,1192.800048828125,1986.0,1099.0,0.0,3.881500015268102e-05,11.120342254638672,21.55653190612793,2.8996639251708984,0.25,33.42864949599607,0.9203195469963248,2.427116594000836,1.71376286099985,0.0021336869976948947,12.344191030999355,50.84002540400252,3.564699727576226e-05,0.014295891331185456,1.3670012879690876,0.10297294775521242,1.7798820448246506e-05,119878.0,50.84002540400252,589.4863301472814,,,,,,,,,,,,,,
20.0,,27522.0,31900.0,4378.0,29576.0,29577.0,29576.5,0.063140369951725,0.0004423234008572764,0.01,0.0008864718675613396,0.0,0.0,0.0,0.05717821419239044,0.11644897635419477,88.7075424194336,90.21875,337.7002258300781,2e-05,20.0,0.0,-0.6937500238418579,1.0,-1.0,-0.6937500238418579,1.0,-1.0,0.023280467838048935,1.4999982118606567,-1.499993920326233,0.023280467838048935,1.4999982118606567,-1.499993920326233,273.92498779296875,978.0,108.0,0.0,273.92498779296875,978.0,108.0,0.0,0.0,1204.9000244140625,2208.0,1099.0,0.0,3.785399894695729e-05,6.793787002563477,9.896503448486328,4.9211297035217285,0.25,22.141923440001847,0.9462080049997894,2.3089414700007183,1.5922957209986635,0.0020292100016376935,13.350608895998448,40.34576363599626,3.491100505925715e-05,0.013459129046698083,1.0104008140915326,0.11284811333320752,1.7152215455156067e-05,118306.0,40.34576363599626,733.0757267811883,,,,,,,,,,,,,,
21.0,,26541.0,32728.0,6187.0,28453.0,28878.0,28623.25,0.07081720978021622,0.0005970540086855181,0.01,-0.00039437320316210373,0.0,0.0,0.0,0.03406539931893349,0.1027140184034364,88.7075424194336,90.21875,336.17755126953125,2e-05,21.0,0.0,-0.8374999761581421,0.75,-1.0,-0.8374999761581421,0.75,-1.0,0.04244925081729889,0.8660241961479187,-1.499993920326233,0.04244925081729889,0.8660241961479187,-1.499993920326233,284.36248779296875,1662.0,127.0,0.0,284.36248779296875,1662.0,127.0,0.0,0.0,1146.800048828125,1286.0,1097.0,0.0,3.811100032180548e-05,7.551901817321777,16.29620361328125,3.232323169708252,0.25,28.209971800999483,1.1065165220061317,2.533987723996688,1.5911205709999194,0.0018929240031866357,14.614867124000739,48.06197375299962,3.635100438259542e-05,0.013897099132697365,1.2400532683194638,0.1276485647506899,1.6533098121165797e-05,114493.0,48.06197375299962,595.5487834748689,,,,,,,,,,,,,,
22.0,,28193.0,31233.0,3040.0,30073.0,30076.0,30075.0,0.07508308440446854,0.0006631058955099434,0.01,-0.0005346566438674923,0.0,0.0,0.0,0.12150383740663528,0.12456709630064887,88.7075424194336,90.21875,334.49346923828125,2e-05,22.0,0.0,-0.7718750238418579,0.75,-1.0,-0.7718750238418579,0.75,-1.0,0.0341046042740345,1.499993920326233,-0.9209389686584473,0.0341046042740345,1.499993920326233,-0.9209389686584473,335.3999938964844,1252.0,133.0,0.0,335.3999938964844,1252.0,133.0,0.0,0.0,1168.3499755859375,1282.0,1097.0,0.0,4.207900201436132e-05,8.829713821411133,12.247758865356445,5.1348161697387695,0.25,24.54608372900111,0.9828037249972112,2.5166177850042004,1.670599030003359,0.0021226780008873902,12.694053904000612,42.41596568300156,3.990199911640957e-05,0.013886941230285612,0.9148063405262787,0.10551998257689618,1.7644871162821198e-05,120300.0,42.41596568300156,709.0490459363212,,,,,,,,,,,,,,
23.0,,27474.0,30167.0,2693.0,29357.0,29448.0,29380.0,0.06322866678237915,0.0008368748862994836,0.01,0.0005000574514269827,0.0,0.0,0.0,0.042699795216321945,0.1254535361180969,88.7075424194336,90.21875,321.3259582519531,2e-05,23.0,0.0,-0.875,-0.5,-1.0,-0.875,-0.5,-1.0,-0.006952852476388216,0.8660224080085754,-1.499993920326233,-0.006952852476388216,0.8660224080085754,-1.499993920326233,308.04998779296875,922.0,125.0,0.0,308.04998779296875,922.0,125.0,0.0,0.0,1160.949951171875,1281.0,1107.0,0.0,3.9582999306730926e-05,6.543164253234863,9.142020225524902,5.215625762939453,0.25,20.946507615000883,0.9927328810008476,2.2977197880027234,1.556229338995763,0.0021020380008849315,12.285800907004159,38.08491416199831,3.7919002352282405e-05,0.013242251012557549,0.849963788954751,0.10454221329989924,1.7886640579347614e-05,117520.0,38.08491416199831,771.4340611358341,,,,,,,,,,,,,,
24.0,,26243.0,34072.0,7829.0,30899.0,30900.0,30899.75,0.07984685152769089,0.000845382396943551,0.01,0.0007788729667663572,0.0,0.0,0.0,0.03845340758562088,0.13092929405440065,88.7075424194336,90.21875,334.89263916015625,2e-05,24.0,0.0,-0.47187501192092896,1.0,-1.0,-0.47187501192092896,1.0,-1.0,0.01246867049485445,1.499993920326233,-1.4999982118606567,0.01246867049485445,1.499993920326233,-1.4999982118606567,269.6875,1150.0,118.0,0.0,269.6875,1150.0,118.0,0.0,0.0,1275.300048828125,2250.0,1101.0,0.05000000074505806,3.763099812204018e-05,6.764179229736328,11.162067413330078,3.101085901260376,0.25,22.95437622100144,0.967557472999033,2.340429147996474,1.727988753002137,0.0019234529972891323,12.428313992000767,40.42431569100154,3.823800216196105e-05,0.013980604640831536,1.0639340079259068,0.10055351574042481,1.5562043360295248e-05,123599.0,40.42431569100154,764.3852337833956,,,,,,,,,,,,,,
25.0,,28638.0,32414.0,3776.0,30825.0,30826.0,30825.75,0.06582807004451752,0.0009345179235970138,0.01,-0.00126651962287724,0.0,0.0,0.0,0.032160378992557526,0.13155213172246236,88.7075424194336,90.21875,339.3782043457031,2e-05,25.0,0.0,-0.925000011920929,-0.5,-1.0,-0.925000011920929,-0.5,-1.0,0.021685650572180748,0.8660224080085754,-1.499993920326233,0.021685650572180748,0.8660224080085754,-1.499993920326233,362.38751220703125,1465.0,118.0,0.0,362.38751220703125,1465.0,118.0,0.0,0.0,1178.9000244140625,1286.0,1104.0,0.0,3.503899642964825e-05,10.185245513916016,14.308573722839355,6.6361308097839355,0.25,26.12508335700113,1.0064152819977608,2.319340756999736,1.706081850999908,0.001978139000129886,12.339935805997811,43.502687377993425,3.7726000300608575e-05,0.013836499120053105,0.90114460891315,0.10007814737676951,1.6042910554730103e-05,123303.0,43.502687377993425,708.5941549347531,,,,,,,,,,,,,,
26.0,,30498.0,31281.0,783.0,30968.0,30968.0,30968.0,0.07568184286355972,0.0006338679741020314,0.01,0.0,0.0,0.0,0.0,0.002035064622759819,0.13302553619391083,88.7075424194336,90.21875,334.55438232421875,2e-05,26.0,0.0,-0.875,-0.5,-1.0,-0.875,-0.5,-1.0,0.0,0.0,0.0,0.0,0.0,0.0,372.8999938964844,1272.0,119.0,0.0,372.8999938964844,1272.0,119.0,0.0,0.0,1175.5,1290.0,1103.0,0.0,3.519900201354176e-05,10.45793628692627,12.45884895324707,8.760759353637695,0.25,24.73924460800481,1.0176375129958615,2.301543205001508,1.6686043160007102,0.0021871879944228567,12.264615214000514,41.9976893790008,3.65109954145737e-05,0.013470391339452905,0.8292854856531513,0.09901039148476261,1.7656839272982246e-05,123872.0,41.9976893790008,737.373899800408,,,,,,,,,,,,,,
27.0,,26333.0,35550.0,9217.0,29184.0,30265.0,29464.25,0.09575946629047394,0.0008705946203554051,0.01,-0.00010226854123175141,0.0,0.0,0.0,0.04580237716436386,0.12430121840195671,88.7075424194336,90.21875,347.593505859375,2e-05,27.0,0.0,-0.78125,-0.5,-1.0,-0.78125,-0.5,-1.0,-0.01570652425289154,1.499993920326233,-1.499993920326233,-0.01570652425289154,1.499993920326233,-1.499993920326233,321.8125,2250.0,146.0,0.012500000186264515,321.8125,2250.0,146.0,0.012500000186264515,0.0,1151.4000244140625,1290.0,1101.0,0.0,4.17909977841191e-05,9.143414497375488,21.915542602539062,2.827728271484375,0.25,34.79940466100379,0.8053809620032553,2.3677133329983917,1.6693574390010326,0.002110647998051718,12.460195688996464,52.108016136000515,3.849399945465848e-05,0.014164262105781011,1.3516956558944957,0.10572300066178898,1.7908550175651153e-05,117857.0,52.108016136000515,565.445629768347,,,,,,,,,,,,,,
28.0,-0.40153264543812744,28719.0,33867.0,5148.0,30941.0,30941.0,30941.0,0.07009033858776093,0.0008466235402738677,0.01,0.0005433495342731475,0.0,0.0,0.0,0.01554583478718996,0.13044975377199475,88.7075424194336,90.21875,343.1905212402344,2e-05,28.0,0.0,-0.6798750162124634,0.9399999976158142,-1.0,-0.6798750162124634,0.9399999976158142,-1.0,-0.0025968938134610653,1.4376330375671387,-0.6809840798377991,-0.0025968938134610653,1.4376330375671387,-0.6809840798377991,303.75,887.0,110.0,0.0,303.75,887.0,110.0,0.0,0.0,1243.300048828125,2051.0,1105.0,0.0,3.6735000321641564e-05,6.936560153961182,8.714795112609863,3.0004100799560547,0.25,20.84087801500573,1.1863341060015955,2.325850409004488,1.695807092000905,0.0020140769993304275,12.490103718999308,38.54479292299948,4.406199877848849e-05,0.013701941533894388,0.8576493010290424,0.10091871399598677,1.627352864589402e-05,123764.0,38.54479292299948,802.7284012605933,427.75395753700286,,,,,,,,,,,,,
29.0,,27286.0,36142.0,8856.0,29994.0,30152.0,30033.75,0.07299122959375381,0.0010867719858651983,0.01,-0.0009028042107820504,0.0,0.0,0.0,0.04717736691236496,0.12934743535762094,88.7075424194336,90.21875,346.2823486328125,2e-05,29.0,0.0,-0.7612500190734863,0.4000000059604645,-1.0,-0.7612500190734863,0.4000000059604645,-1.0,0.04596932604908943,0.8660224080085754,-1.499993920326233,0.04596932604908943,0.8660224080085754,-1.499993920326233,282.8374938964844,1170.0,129.0,0.0,282.8374938964844,1170.0,129.0,0.0,0.0,1218.8499755859375,2211.0,1097.0,0.0,3.193500015186146e-05,6.856935977935791,11.58795166015625,4.999324798583984,0.25,23.690725186002965,19.732621725997888,2.3194119580002734,1.6165515870015952,0.001851777997217141,12.204995870000857,59.56920702500065,2.9438997444231063e-05,0.013456125084293462,1.0470113221374007,0.10159400566030596,1.5414142399942907e-05,120135.0,59.56920702500065,504.18247111120866,,,,,,,,,,,,,,
30.0,,29410.0,32083.0,2673.0,30434.0,31012.0,30579.25,0.06873687356710434,0.0016392097793732144,0.01,0.0014303262578323488,0.0,0.0,0.0,0.051259733736515045,0.13340814884313462,88.7075424194336,90.21875,353.7862243652344,2e-05,30.0,0.0,-0.6693750023841858,1.0,-1.0,-0.6693750023841858,1.0,-1.0,-0.018507830798625946,1.499993920326233,-1.499993920326233,-0.018507830798625946,1.499993920326233,-1.499993920326233,295.01251220703125,2250.0,121.0,0.012500000186264515,295.01251220703125,2250.0,121.0,0.012500000186264515,0.0,1233.949951171875,2141.0,1101.0,0.0,3.228700370527804e-05,9.89840316772461,21.383502960205078,4.8979291915893555,0.25,33.27206054300041,0.8502389269997366,2.2985585360002005,1.733781850001833,0.0018461139989085495,12.0736355820045,50.233015439000155,3.033499524462968e-05,0.01417449618615428,1.4097733376975725,0.09870774775382407,1.5092865251016208e-05,122317.0,50.233015439000155,608.7480461357836,,,,,,,,,,,,,,
31.0,,26200.0,29116.0,2916.0,27226.0,27227.0,27226.25,0.07185545563697815,0.001891540753422305,0.01,-4.265613853931417e-05,0.0,0.0,0.0,0.04810789227485657,0.11922930163798201,88.7075424194336,90.21875,317.2453155517578,2e-05,31.0,0.0,-0.8687499761581421,-0.5,-1.0,-0.8687499761581421,-0.5,-1.0,-0.0012036864645779133,1.499993920326233,-0.8660224080085754,-0.0012036864645779133,1.499993920326233,-0.8660224080085754,236.6125030517578,631.0,136.0,0.0,236.6125030517578,631.0,136.0,0.0,0.0,1124.699951171875,1199.0,1099.0,0.0,2.9054994229227304e-05,4.514345169067383,6.439271926879883,3.0157501697540283,0.25,19.182143370999256,1.1708241419983096,2.362881313994876,1.4471268310007872,0.0018878720002248883,11.925597287001438,36.09344830000191,2.876700455090031e-05,0.013287974206884783,1.0133733092608832,0.10950458920161092,1.733503512441934e-05,108905.0,36.09344830000191,754.3266515767782,,,,,,,,,,,,,,
32.0,,26658.0,34053.0,7395.0,30811.0,30812.0,30811.75,0.08501486480236053,0.0014750353893032298,0.01,-0.0011560648679733282,0.0,0.0,0.0,0.0617714561522007,0.1323689928382738,88.7075424194336,90.21875,341.4224548339844,2e-05,32.0,0.0,-0.668749988079071,1.0,-1.0,-0.668749988079071,1.0,-1.0,0.003950020298361778,1.499993920326233,-1.499993920326233,0.003950020298361778,1.499993920326233,-1.499993920326233,336.13751220703125,1116.0,129.0,0.0,336.13751220703125,1116.0,129.0,0.0,0.0,1204.449951171875,2019.0,1103.0,0.0,3.113499406026676e-05,8.336438179016113,10.824188232421875,4.473023414611816,0.25,23.05614003100345,0.9262701900006505,2.3856639959994936,1.635893357997702,0.0018289619983988814,12.252749712999503,40.261541122999915,2.8319002012722194e-05,0.01327329150403419,0.857392437283978,0.09941621064204,1.483980947527227e-05,123247.0,40.261541122999915,765.289880629989,,,,,,,,,,,,,,
33.0,,27317.0,35452.0,8135.0,31529.0,31765.0,31588.75,0.06282619386911392,0.0016016839875373993,0.01,0.0016005030274391172,0.0,0.0,0.0,0.03463764488697052,0.13291620679861296,88.7075424194336,90.21875,358.712890625,2e-05,33.0,0.0,-0.7875000238418579,-0.5,-1.0,-0.7875000238418579,-0.5,-1.0,-0.06359083950519562,0.49999797344207764,-1.499993920326233,-0.06359083950519562,0.49999797344207764,-1.499993920326233,401.6875,2250.0,111.0,0.012500000186264515,401.6875,2250.0,111.0,0.012500000186264515,0.0,1177.75,1290.0,1109.0,0.0,2.844700065907091e-05,13.064223289489746,21.39204216003418,4.678316593170166,0.25,33.29549910700007,0.9949912230003974,2.4722726440013503,1.7653314199997112,0.0019149740037391894,12.544973484000366,51.07798102200468,2.8927002858836204e-05,0.01397120351390694,1.0361132443441752,0.09928355414507037,1.5155506341175177e-05,126355.0,51.07798102200468,618.4416331254635,,,,,,,,,,,,,,
34.0,,26086.0,32110.0,6024.0,29273.0,29273.0,29273.0,0.06761976331472397,0.0018058101827045903,0.01,0.0006826140731573102,0.0,0.0,0.0,0.03399232402443886,0.1286348691222177,88.7075424194336,90.21875,338.9902801513672,2e-05,34.0,0.0,-0.8212499618530273,0.4000000059604645,-1.0,-0.8212499618530273,0.4000000059604645,-1.0,-0.002679318655282259,0.49999797344207764,-1.499993920326233,-0.002679318655282259,0.49999797344207764,-1.499993920326233,235.60000610351562,1422.0,124.0,0.0,235.60000610351562,1422.0,124.0,0.0,0.0,1228.050048828125,2127.0,1097.0,0.0,2.9630995413754135e-05,6.436070919036865,13.637858390808105,2.2869629859924316,0.25,25.781600668000465,0.9634751260018675,2.2622582530020736,1.615797960999771,0.0018582690026960336,11.949776353001653,42.57765971000481,2.9151000489946455e-05,0.013799388181940448,1.367869305390517,0.10205459256825106,1.5870161946982146e-05,117092.0,42.57765971000481,687.5201737102872,,,,,,,,,,,,,,
35.0,,26019.0,32798.0,6779.0,29302.0,29303.0,29302.5,0.06818096339702606,0.001489206589758396,0.01,-0.0006816498190164569,0.0,0.0,0.0,0.02694704756140709,0.12751308396330294,88.7075424194336,90.21875,333.70947265625,2e-05,35.0,0.0,-0.824999988079071,-0.5,-1.0,-0.824999988079071,-0.5,-1.0,0.015869084745645523,0.8660224080085754,-1.499993920326233,0.015869084745645523,0.8660224080085754,-1.499993920326233,305.875,863.0,123.0,0.0,305.875,863.0,123.0,0.0,0.0,1159.25,1283.0,1104.0,0.0,2.8670001483988017e-05,6.076708793640137,8.876924514770508,2.7992656230926514,0.25,21.19771706100437,1.022658980997221,2.2703800710005453,1.5982056059947354,0.0018592650012578815,12.054679822998878,38.14844425899355,2.9151000489946455e-05,0.013635403173745717,0.8662736845526918,0.10284685456018154,1.5862682375717785e-05,117210.0,38.14844425899355,768.1178241781614,,,,,,,,,,,,,,
36.0,,28353.0,34025.0,5672.0,30602.0,30603.0,30602.5,0.07027716189622879,0.0021525472160154858,0.01,0.0006001829728484154,0.0,0.0,0.0,0.02166341431438923,0.13210241596815187,88.7075424194336,90.21875,341.8553771972656,2e-05,36.0,0.0,-0.5362499952316284,1.0,-1.0,-0.5362499952316284,1.0,-1.0,-0.0019424937199801207,0.49999797344207764,-1.499993920326233,-0.0019424937199801207,0.49999797344207764,-1.499993920326233,289.57501220703125,1028.0,131.0,0.0,289.57501220703125,1028.0,131.0,0.0,0.0,1240.550048828125,1996.0,1099.0,0.0,3.036699490621686e-05,7.192563056945801,10.123555183410645,5.435675144195557,0.25,22.437790124000458,1.0319407999995747,2.278111692001403,1.6612750540007255,0.0017921949984156527,12.18631343600282,39.60007680200215,2.8510999982245266e-05,0.013571399836620583,0.9685655755849286,0.09955325084554219,1.4640919846545647e-05,122410.0,39.60007680200215,772.788905259213,,,,,,,,,,,,,,
37.0,,26281.0,32763.0,6482.0,29552.0,29572.0,29566.5,0.06160438805818558,0.0020320858067134394,0.01,0.0,0.0,0.0,0.0,0.0035490470472723246,0.12751479495524326,88.7075424194336,90.21875,341.0474853515625,2e-05,37.0,0.0,-0.8300000429153442,0.4000000059604645,-1.0,-0.8300000429153442,0.4000000059604645,-1.0,0.0,0.0,0.0,0.0,0.0,0.0,278.17498779296875,1293.0,133.0,0.0,278.17498779296875,1293.0,133.0,0.0,0.0,1200.1500244140625,2065.0,1109.0,0.0,2.9086993890814483e-05,6.660580158233643,12.796070098876953,3.3260865211486816,0.25,25.084201794001274,0.9936031069955789,2.2799678829978802,1.6135093649936607,0.0018079380024573766,12.17818279399944,42.154309320998436,2.905500150518492e-05,0.013643053497993173,1.127177217309305,0.10297281377572118,1.528704786208527e-05,118266.0,42.154309320998436,701.3873664695999,,,,,,,,,,,,,,
38.0,,26165.0,35050.0,8885.0,29462.0,29787.0,29553.75,0.06495466083288193,0.0020322619807325282,0.01,0.0010736101120710374,0.0,0.0,0.0,0.03711703047156334,0.12514623343889025,88.7075424194336,90.21875,361.80279541015625,2e-05,38.0,0.0,-0.8600000143051147,-0.20000000298023224,-1.0,-0.8600000143051147,-0.20000000298023224,-1.0,-0.09561831504106522,1.499993920326233,-1.499993920326233,-0.09561831504106522,1.499993920326233,-1.499993920326233,280.73748779296875,2250.0,112.0,0.012500000186264515,280.73748779296875,2250.0,112.0,0.012500000186264515,0.0,1196.949951171875,2250.0,1099.0,0.05000000074505806,2.927899913629517e-05,10.016922950744629,21.26945686340332,3.421325922012329,0.25,33.62017567500152,0.9528974889981328,2.28570373099501,1.6778243829976418,0.0017714920031721704,12.425118808998377,50.966387095002574,2.959900302812457e-05,0.014192990593390364,1.4969578198050455,0.10510611012983442,1.498534029668122e-05,118215.0,50.966387095002574,579.8674711807823,,,,,,,,,,,,,,
39.0,,28284.0,34951.0,6667.0,30525.0,30525.0,30525.0,0.06664834916591644,0.0015877774325781502,0.01,-0.00021218083798885332,0.0,0.0,0.0,0.03276722505688667,0.13319395617533175,88.7075424194336,90.21875,335.0775451660156,2e-05,39.0,0.0,-0.7475000023841858,-0.20000000298023224,-1.0,-0.7475000023841858,-0.20000000298023224,-1.0,0.019313747063279152,0.49999797344207764,-1.499993920326233,0.019313747063279152,0.49999797344207764,-1.499993920326233,312.6000061035156,745.0,127.0,0.0,312.6000061035156,745.0,127.0,0.0,0.0,1213.6500244140625,2250.0,1099.0,0.05000000074505806,2.7934998797718436e-05,6.39202880859375,7.623227596282959,5.091183662414551,0.25,20.114697251992766,1.0061045029942761,2.2987446800034377,1.685376023997378,0.001926589997310657,12.056167231996369,37.16604356999596,2.9823000659234822e-05,0.013803243439781966,0.8043305043183288,0.09874010837015863,1.5778787856762137e-05,122100.0,37.16604356999596,821.314217708197,,,,,,,,,,,,,,
40.0,,28652.0,33531.0,4879.0,31076.0,31077.0,31076.5,0.06813231110572815,0.0016667439858429132,0.01,-0.0010190663486719135,0.0,0.0,0.0,0.015581175684928894,0.1348760451244763,88.7075424194336,90.21875,347.7744445800781,2e-05,40.0,0.0,-0.7493749856948853,0.75,-1.0,-0.7493749856948853,0.75,-1.0,0.006555973552167416,1.499997615814209,-0.49999919533729553,0.006555973552167416,1.499997615814209,-0.49999919533729553,307.92498779296875,1356.0,115.0,0.0,307.92498779296875,1356.0,115.0,0.0,0.0,1245.9000244140625,2154.0,1104.0,0.0,2.8414993721526116e-05,7.5845489501953125,13.286542892456055,4.0198588371276855,0.25,25.32182097199984,0.9845568249947974,2.286437675997149,1.715060991999053,0.0019793250030488707,12.140011074996437,42.45297133499844,3.0175004212651402e-05,0.013797089376209137,1.0279216112689713,0.09766230974366834,1.5923004545628295e-05,124306.0,42.45297133499844,732.0217884108475,,,,,,,,,,,,,,
41.0,,26897.0,33108.0,6211.0,29174.0,29174.0,29174.0,0.07806342095136642,0.0019529155269265176,0.01,-0.00016925901174545294,0.0,0.0,0.0,0.028706105425953865,0.12704676819754124,88.7075424194336,90.21875,338.66363525390625,2e-05,41.0,0.0,-0.8374999761581421,-0.5,-1.0,-0.8374999761581421,-0.5,-1.0,-0.0006141037447378039,1.499993920326233,-0.49999797344207764,-0.0006141037447378039,1.499993920326233,-0.49999797344207764,315.5,1402.0,107.0,0.0,315.5,1402.0,107.0,0.0,0.0,1143.199951171875,1285.0,1099.0,0.0,2.9183000151533633e-05,8.739400863647461,13.991722106933594,3.525660991668701,0.25,26.3359003979931,1.0791868240048643,2.263260015999549,1.6149993590006488,0.0018113939950126223,12.05186645899812,43.34988406499906,3.139099862892181e-05,0.013839372035036752,1.0434191916795998,0.10327574603241002,1.5522331485334737e-05,116696.0,43.34988406499906,672.9891124104586,,,,,,,,,,,,,,
42.0,-0.40057723138742385,27108.0,33597.0,6489.0,30686.0,30687.0,30686.75,0.07716523110866547,0.0014426888793241232,0.01,0.0,0.0,0.0,0.0,0.002272974234074354,0.13191468707566445,88.7075424194336,90.21875,344.51942443847656,2e-05,42.0,0.0,-0.6000000238418579,1.0,-1.0,-0.6000000238418579,1.0,-1.0,0.0,0.0,0.0,0.0,0.0,0.0,283.8374938964844,650.0,116.0,0.0,283.8374938964844,650.0,116.0,0.0,0.0,1250.5,2250.0,1105.0,0.05000000074505806,3.7534999137278646e-05,5.996697425842285,6.645668983459473,5.573531627655029,0.25,19.075878872004978,1.0287240729958285,2.3601470309949946,1.6520710509939818,0.0018903349991887808,12.245860424998682,36.367573796000215,3.9391001337207854e-05,0.01345915624002201,0.8400880288899889,0.09976504863661582,1.540025417475605e-05,122747.0,36.367573796000215,843.7942594722938,436.1718154219998,,,,,,,,,,,,,
43.0,,29414.0,32821.0,3407.0,31065.0,31067.0,31065.75,0.06644116342067719,0.001993060845998116,0.01,-0.0012878315150737763,0.0,0.0,0.0,0.023135345429182053,0.1334198708789842,88.7075424194336,90.21875,343.3662109375,2e-05,43.0,0.0,-0.71875,1.0,-1.0,-0.71875,1.0,-1.0,0.0023062180262058973,0.49999797344207764,-1.499993920326233,0.0023062180262058973,0.49999797344207764,-1.499993920326233,346.88751220703125,1195.0,127.0,0.0,346.88751220703125,1195.0,127.0,0.0,0.0,1206.4000244140625,1903.0,1099.0,0.0,3.1454997952096164e-05,8.391670227050781,11.852129936218262,4.959694862365723,0.25,23.963489854002546,9.711761938000564,2.471938198999851,1.71105157299462,0.001929440004460048,12.259299984005338,50.122654888997204,2.9438997444231063e-05,0.013769598134558317,0.8635180661598698,0.0986560760967089,1.552706762640567e-05,124263.0,50.122654888997204,619.7945832837254,,,,,,,,,,,,,,
44.0,,28374.0,30499.0,2125.0,29321.0,29321.0,29321.0,0.07630851119756699,0.0020011436368804424,0.01,-0.0005864100158214567,0.0,0.0,0.0,0.0567297525703907,0.1118760065881106,88.7075424194336,90.21875,329.8485870361328,2e-05,44.0,0.0,-0.7462500333786011,1.0,-1.0,-0.7462500333786011,1.0,-1.0,0.0005844244151376188,0.49999916553497314,-1.4999973773956299,0.0005844244151376188,0.49999916553497314,-1.4999973773956299,278.04998779296875,822.0,125.0,0.0,278.04998779296875,822.0,125.0,0.0,0.0,1188.0,1986.0,1103.0,0.0,2.8831003874074668e-05,6.885179042816162,8.084953308105469,6.077393054962158,0.25,20.475846612003807,0.9947620339953573,2.5886148330027936,1.5885646530005033,0.0018251889996463433,13.747413844997936,39.39976051600388,3.049500082852319e-05,0.013544598180489267,0.9205109967633432,0.1172147423774593,1.5562131233981985e-05,117284.0,39.39976051600388,744.1923406638483,,,,,,,,,,,,,,
45.0,,27849.0,32116.0,4267.0,30008.0,30009.0,30008.25,0.07407589256763458,0.0017044972395524383,0.01,0.0,0.0,0.0,0.0,0.003665900556370616,0.12923355583823773,88.7075424194336,90.21875,334.6737060546875,2e-05,45.0,0.0,-0.75,-0.5,-1.0,-0.75,-0.5,-1.0,0.0,0.0,0.0,0.0,0.0,0.0,328.4624938964844,875.0,146.0,0.0,328.4624938964844,875.0,146.0,0.0,0.0,1171.949951171875,1287.0,1103.0,0.0,2.780700015136972e-05,7.12004280090332,8.881781578063965,4.896826267242432,0.25,20.996507085001213,1.0016385439957958,2.3125496880020364,1.6266593390027992,0.001816100993892178,12.196340016002068,38.13827519299957,2.8542999643832445e-05,0.013551767755557215,0.7990450616509195,0.10160822453826922,1.5130014195197803e-05,120033.0,38.13827519299957,786.8276645480845,,,,,,,,,,,,,,
46.0,,27923.0,32437.0,4514.0,30536.0,30538.0,30537.0,0.07216552644968033,0.0019280061202925937,0.01,0.0,0.0,0.0,0.0,0.014120500534772873,0.1330133659030258,88.7075424194336,90.21875,341.0524597167969,2e-05,46.0,0.0,-0.7250000238418579,1.0,-1.0,-0.7250000238418579,1.0,-1.0,0.0,0.0,0.0,0.0,0.0,0.0,325.04998779296875,1240.0,110.0,0.0,325.04998779296875,1240.0,110.0,0.0,0.0,1201.800048828125,2010.0,1104.0,0.0,2.719899930525571e-05,8.333553314208984,12.192903518676758,6.029506683349609,0.25,24.231567790004192,0.9232790210007806,2.259949676998076,1.6852911230016616,0.0019127670020679943,12.074942696002836,41.17974541100557,2.8734997613355517e-05,0.01379712416905444,0.9318400165360787,0.09885501765074202,1.5659421374627455e-05,122148.0,41.17974541100557,741.5538803170642,,,,,,,,,,,,,,
47.0,,29157.0,35387.0,6230.0,32609.0,32610.0,32609.5,0.07466045767068863,0.002037104876944795,0.01,0.0004223148152232171,0.0,0.0,0.0,0.03878872096538544,0.12281268270435287,88.7075424194336,90.21875,356.320556640625,2e-05,47.0,0.0,-0.6812499761581421,1.0,-1.0,-0.6812499761581421,1.0,-1.0,-0.0007734264363534749,0.49999797344207764,-1.499993920326233,-0.0007734264363534749,0.49999797344207764,-1.499993920326233,412.125,1444.0,121.0,0.0,412.125,1444.0,121.0,0.0,0.0,1218.3499755859375,1921.0,1099.0,0.0,2.8126996767241508e-05,10.225512504577637,14.234292984008789,7.720775127410889,0.25,26.566520687993034,0.8987684989988338,2.7760245769968606,1.826994007002213,0.001923740994243417,14.026385131001007,46.09923130200332,3.023900353582576e-05,0.014006608557339218,0.8057786074611172,0.10753296685782522,1.4748317164042817e-05,130438.0,46.09923130200332,707.3762203618979,,,,,,,,,,,,,,
48.0,,28200.0,31377.0,3177.0,29309.0,29310.0,29309.5,0.07691687345504761,0.0017299423637450674,0.01,0.0008386794105172161,0.0,0.0,0.0,0.08161319047212601,0.11080330851650412,88.7075424194336,90.21875,335.4237976074219,2e-05,48.0,0.0,-0.7967187762260437,0.4000000059604645,-1.0,-0.7967187762260437,0.4000000059604645,-1.0,-0.007271524053066969,0.8660224080085754,-1.4999911785125732,-0.007271524053066969,0.8660224080085754,-1.4999911785125732,273.92498779296875,919.0,129.0,0.0,273.92498779296875,919.0,129.0,0.0,0.0,1191.550048828125,2165.0,1103.0,0.0,2.8927002858836204e-05,7.108789443969727,8.96640396118164,5.279430389404297,0.25,21.36601310500555,0.89155243300047,2.311150442001235,1.5929120060027344,0.0018827489984687418,13.878118166001514,40.04440614699706,2.838300133589655e-05,0.01358699402926299,0.974993753080476,0.11837559635955504,1.605920434047614e-05,117238.0,40.04440614699706,731.92495082607,,,,,,,,,,,,,,
49.0,,28734.0,31047.0,2313.0,29909.0,29909.0,29909.0,0.06369989365339279,0.002206209165742621,0.01,-0.0008000797592103481,0.0,0.0,0.0,0.04597276821732521,0.1307068483755252,88.7075424194336,90.21875,332.93589782714844,2e-05,49.0,0.0,-0.7437499761581421,-0.5,-1.0,-0.7437499761581421,-0.5,-1.0,-0.015065005980432034,1.499993920326233,-1.499993920326233,-0.015065005980432034,1.499993920326233,-1.499993920326233,332.8999938964844,1013.0,130.0,0.0,332.8999938964844,1013.0,130.0,0.0,0.0,1162.550048828125,1285.0,1099.0,0.0,2.8319002012722194e-05,8.189817428588867,9.86590576171875,4.807216644287109,0.25,22.29121370800567,0.9503464439985692,2.3024798040059977,1.5996111819986254,0.0018339210000704043,12.017138233997684,39.16528397100046,2.9567003366537392e-05,0.013370650824155148,0.8370086252630546,0.10044750939514598,1.5329173493517037e-05,119636.0,39.16528397100046,763.661001976797,,,,,,,,,,,,,,
50.0,,28121.0,29448.0,1327.0,29034.0,29035.0,29034.5,0.08295977860689163,0.002359907972859219,0.01,0.0006038972130045294,0.0,0.0,0.0,0.03276033326983452,0.12640852609881706,88.7075424194336,90.21875,325.90625,2e-05,50.0,0.0,-0.8656250238418579,0.75,-1.0,-0.8656250238418579,0.75,-1.0,-0.00594723504036665,1.499993920326233,-0.6809840798377991,-0.00594723504036665,1.499993920326233,-0.6809840798377991,301.125,787.0,111.0,0.0,301.125,787.0,111.0,0.0,0.0,1150.5999755859375,1253.0,1107.0,0.0,3.132699930574745e-05,6.851045608520508,7.889700889587402,5.348934173583984,0.25,19.981369376000657,0.9834761970050749,2.301356798001507,1.5937453510050545,0.001885632002085913,12.040776403002383,36.905396731999645,4.921399522572756e-05,0.013722858590685689,0.8294466324616296,0.10367645734387007,1.6236132894366296e-05,116138.0,36.905396731999645,786.7277572124023,,13.579893706002622,,,,,,,,,,,,
51.0,,28941.0,33484.0,4543.0,31316.0,31317.0,31316.25,0.08048010617494583,0.0014826877141945263,0.01,-0.00012583263218402858,0.0,0.0,0.0,0.015487912110984325,0.13450082048388512,88.7075424194336,90.21875,341.2566833496094,2e-05,51.0,0.0,-0.778124988079071,1.0,-1.0,-0.778124988079071,1.0,-1.0,0.0023431123699992895,1.4999982118606567,-0.49999943375587463,0.0023431123699992895,1.4999982118606567,-0.49999943375587463,354.76251220703125,1117.0,119.0,0.0,354.76251220703125,1117.0,119.0,0.0,0.0,1211.050048828125,1989.0,1101.0,0.0,2.5151995941996574e-05,9.37655258178711,11.21915054321289,5.9048895835876465,0.25,23.419986977998633,1.03375485700235,2.359523988001456,1.7407488860044396,0.0019434529967838898,12.271192432002863,40.82985053300217,2.9310998797882348e-05,0.013896530443495307,0.8251994988900544,0.09796186031216113,1.5514732740860494e-05,125265.0,40.82985053300217,766.9939907001994,,,,,,,,,,,,,,
52.0,,26266.0,29995.0,3729.0,27867.0,27928.0,27882.75,0.08550672233104706,0.002182795177795924,0.01,0.0006145150959491731,0.0,0.0,0.0,0.05411328375339508,0.10842336051871819,88.7075424194336,90.21875,324.8689422607422,2e-05,52.0,0.0,-0.699999988079071,0.75,-1.0,-0.699999988079071,0.75,-1.0,-0.0049745989963412285,0.8660241961479187,-1.499993920326233,-0.0049745989963412285,0.8660241961479187,-1.499993920326233,254.58749389648438,1019.0,137.0,0.0,254.58749389648438,1019.0,137.0,0.0,0.0,1139.550048828125,1286.0,1099.0,0.0,3.091099642915651e-05,5.541233062744141,10.066638946533203,2.880476713180542,0.25,22.35317948899319,0.8548606149997795,2.2738647070000297,1.5000703539990354,0.0019098550037597306,13.449715914997796,40.436352682998404,2.8959002520423383e-05,0.013449806367727676,1.0975194917755777,0.12059172709827579,1.7123983500190358e-05,111531.0,40.436352682998404,689.5466121434685,,,,,,,,,,,,,,
53.0,,26572.0,32570.0,5998.0,30272.0,30273.0,30272.75,0.06905867904424667,0.0021844976208310386,0.01,-0.000391108468174935,0.0,0.0,0.0,0.03775576502084732,0.12742339184281834,88.7075424194336,90.21875,336.09852600097656,2e-05,53.0,0.0,-0.5349999666213989,1.0,-1.0,-0.5349999666213989,1.0,-1.0,0.004686177708208561,1.499993920326233,-1.499993920326233,0.004686177708208561,1.499993920326233,-1.499993920326233,254.7375030517578,790.0,122.0,0.0,254.7375030517578,790.0,122.0,0.0,0.0,1258.9000244140625,2131.0,1097.0,0.0,3.0046998290345073e-05,5.961184978485107,7.962400436401367,3.5084171295166016,0.25,20.256229815997358,0.8886406599995098,2.3654888800010667,1.631364767003106,0.0019036149969906546,12.489884721995622,37.636237423997954,3.0174996936693788e-05,0.013472221445054595,0.9939756521908513,0.10314461621421595,1.5720532467240793e-05,121091.0,37.636237423997954,804.3511273179826,,,,,,,,,,,,,,
54.0,,28124.0,32109.0,3985.0,29985.0,29986.0,29985.75,0.08799031376838684,0.002022172216675244,0.01,0.00025377053767442723,0.0,0.0,0.0,0.06772410869598389,0.10974361927047377,88.7075424194336,90.21875,342.0923309326172,2e-05,54.0,0.0,-0.731249988079071,1.0,-1.0,-0.731249988079071,1.0,-1.0,0.009253323078155518,1.499993920326233,-0.49999797344207764,0.009253323078155518,1.499993920326233,-0.49999797344207764,294.48748779296875,1035.0,131.0,0.0,294.48748779296875,1035.0,131.0,0.0,0.0,1204.800048828125,2123.0,1101.0,0.0,2.8127004043199122e-05,7.859979629516602,10.174363136291504,5.334323883056641,0.25,22.349156880998635,0.959149451002304,2.422530932002701,1.7600692990017706,0.001931549995788373,14.354497714994068,41.850123480006005,2.8863003535661846e-05,0.01467421441019293,0.948646244789619,0.11967766118067806,1.610389931707872e-05,119943.0,41.850123480006005,716.5032622741427,,,,,,,,,,,,,,
55.0,,26112.0,31759.0,5647.0,29335.0,29336.0,29335.25,0.06636492908000946,0.0027179933490697294,0.01,-0.0005624649673700331,0.0,0.0,0.0,0.04220327362418175,0.12682755033790832,88.7075424194336,90.21875,335.7113952636719,2e-05,55.0,0.0,-0.8262499570846558,0.4000000059604645,-1.0,-0.8262499570846558,0.4000000059604645,-1.0,0.004206051584333181,0.8660229444503784,-1.499993920326233,0.004206051584333181,0.8660229444503784,-1.499993920326233,284.61248779296875,997.0,117.0,0.0,284.61248779296875,997.0,117.0,0.0,0.0,1182.1500244140625,1712.0,1109.0,0.0,2.7103000320494175e-05,6.49819803237915,9.987521171569824,2.533418655395508,0.25,22.33550114600075,0.8201629899995169,2.3375986329992884,1.6181151529963245,0.0018634250009199604,12.135670626004867,39.251563591999,2.9342998459469527e-05,0.013789853103317037,0.9809610060169859,0.10342225331303523,1.5880425434587743e-05,117341.0,39.251563591999,747.3651318690313,,,,,,,,,,,,,,
56.0,-0.4079020721185359,26287.0,31683.0,5396.0,28761.0,28800.0,28771.25,0.087318554520607,0.002822654954507016,0.01,-0.00013206750154495274,0.0,0.0,0.0,0.08807002753019333,0.11642166631127689,88.7075424194336,90.21875,340.9852600097656,2e-05,56.0,0.0,-0.7562500238418579,-0.5,-1.0,-0.7562500238418579,-0.5,-1.0,0.0006673309253528714,0.8660224080085754,-1.499993920326233,0.0006673309253528714,0.8660224080085754,-1.499993920326233,294.86248779296875,1245.0,133.0,0.0,294.86248779296875,1245.0,133.0,0.0,0.0,1143.699951171875,1290.0,1097.0,0.0,2.8542999643832445e-05,7.958095550537109,12.392958641052246,3.283221483230591,0.25,25.325152139004786,0.9202848040004028,2.628074412998103,1.5888840329935192,0.0018670080025913194,12.956109000995639,43.42318576699472,5.1454000640660524e-05,0.013806178329004815,1.073600073721005,0.11257860712513046,1.6222861385856708e-05,115085.0,43.42318576699472,662.578055750773,428.21066711800086,,,,,,,,,,,,,
57.0,,27640.0,32281.0,4641.0,29492.0,29493.0,29492.5,0.0726698786020279,0.002276792183984071,0.01,-0.0011356341093778613,0.0,0.0,0.0,0.04793722555041313,0.1261347160388336,88.7075424194336,90.21875,338.461181640625,2e-05,57.0,0.0,-0.7875000238418579,-0.5,-1.0,-0.7875000238418579,-0.5,-1.0,0.0004825397045351565,0.8660224080085754,-0.8660224080085754,0.0004825397045351565,0.8660224080085754,-0.8660224080085754,314.07501220703125,1062.0,124.0,0.0,314.07501220703125,1062.0,124.0,0.0,0.0,1160.550048828125,1278.0,1101.0,0.0,9.426899487152696e-05,7.611748218536377,10.62539291381836,4.982781887054443,0.25,22.619355827002437,7.35756426199805,2.253755743004149,1.616833387000952,0.0019574700054363348,12.270929320002324,46.12335120500211,3.075099812122062e-05,0.013705462295506924,0.9002370384065286,0.10401737153515575,1.6592947405580527e-05,117970.0,46.12335120500211,639.4266511320088,,,,,,,,,,,,,,
58.0,,26558.0,34933.0,8375.0,31207.0,31209.0,31208.0,0.07384070754051208,0.002049184539484692,0.01,0.001293671727180481,0.0,0.0,0.0,0.03680751472711563,0.13443418974701235,88.7075424194336,90.21875,357.99754333496094,2e-05,58.0,0.0,-0.7749999761581421,1.0,-1.0,-0.7749999761581421,1.0,-1.0,-0.02067454531788826,1.499993920326233,-1.499993920326233,-0.02067454531788826,1.499993920326233,-1.499993920326233,341.29998779296875,1477.0,138.0,0.0,341.29998779296875,1477.0,138.0,0.0,0.0,1219.0999755859375,2248.0,1101.0,0.0,2.8542999643832445e-05,8.933059692382812,14.715553283691406,4.526739597320557,0.25,26.628573855996365,0.9023636030033231,2.344775527002639,1.727251473996148,0.0018237459953525104,12.240083268996386,43.847541019000346,3.0014998628757894e-05,0.013836608193381087,0.9752627401112058,0.09805244864294721,1.4609603269614444e-05,124832.0,43.847541019000346,711.7388860295887,,,,,,,,,,,,,,
59.0,,26339.0,31713.0,5374.0,30108.0,30814.0,30284.5,0.06877375394105911,0.0024683397624176,0.01,0.0006273806840181355,0.0,0.0,0.0,0.025978781282901764,0.1305337044253326,88.7075424194336,90.21875,352.9026184082031,2e-05,59.0,0.0,-0.7237499952316284,0.4000000059604645,-1.0,-0.7237499952316284,0.4000000059604645,-1.0,-0.0854569524526596,0.8660224080085754,-1.499993920326233,-0.0854569524526596,0.8660224080085754,-1.499993920326233,316.7749938964844,2250.0,117.0,0.012500000186264515,316.7749938964844,2250.0,117.0,0.012500000186264515,0.0,1197.449951171875,2036.0,1099.0,0.0,2.873500488931313e-05,10.21534252166748,21.539705276489258,2.8155758380889893,0.25,33.98773815300228,0.9139002079973579,2.280971590000263,1.708173042999988,0.0018409620024613105,12.214190669998061,51.10953629600408,3.0111004889477044e-05,0.014101050397067707,1.3411624241576152,0.10082872979575411,1.5197229626222246e-05,121138.0,51.10953629600408,592.5410832257492,,,,,,,,,,,,,,
60.0,,26201.0,35059.0,8858.0,31661.0,31664.0,31662.5,0.07271083444356918,0.0016337129950989037,0.01,0.0,0.0,0.0,0.0,0.006965445354580879,0.1366077689795547,88.7075424194336,90.21875,357.3297576904297,2e-05,60.0,0.0,-0.7599999904632568,-0.20000000298023224,-1.0,-0.7599999904632568,-0.20000000298023224,-1.0,0.0,0.0,0.0,0.0,0.0,0.0,362.07501220703125,1527.0,117.0,0.0,362.07501220703125,1527.0,117.0,0.0,0.0,1221.050048828125,1974.0,1104.0,0.0,2.6335001166444272e-05,9.351896286010742,14.960333824157715,3.423915147781372,0.25,27.211217333002423,0.9305751930005499,2.3045455970059265,1.7363742660018033,0.0017605809989618137,12.221972026003641,44.40906077800173,2.9598995752166957e-05,0.013710021839729991,0.9394192271284411,0.09650195046193163,1.390115277506367e-05,126650.0,44.40906077800173,712.9738716672925,,,,,,,,,,,,,,
61.0,,27270.0,30730.0,3460.0,28226.0,28227.0,28226.5,0.06338050961494446,0.0023583424376556654,0.01,0.0006218473240733148,0.0,0.0,0.0,0.042184364050626755,0.12025562914854417,88.7075424194336,90.21875,337.4821319580078,2e-05,61.0,0.0,-0.7787500023841858,0.75,-1.0,-0.7787500023841858,0.75,-1.0,0.000993932830169797,1.499997615814209,-1.4999982118606567,0.000993932830169797,1.499997615814209,-1.4999982118606567,226.375,548.0,133.0,0.0,226.375,548.0,133.0,0.0,0.0,1184.949951171875,2250.0,1107.0,0.05000000074505806,2.873500488931313e-05,4.141757488250732,5.605834007263184,2.9579250812530518,0.25,18.087570319003135,1.090914148997399,2.441614072995435,1.507401729002595,0.0018875210007536225,12.292747822997626,35.42476490200352,2.9759001336060464e-05,0.013350944405103315,0.9987614753728953,0.10887594833753411,1.6717632373422337e-05,112906.0,35.42476490200352,796.8013359604143,,,,,,,,,,,,,,
62.0,,26706.0,28685.0,1979.0,27694.0,27695.0,27694.25,0.06766823679208755,0.002737978544319049,0.01,0.0005231773480772972,0.0,0.0,0.0,0.05538894236087799,0.10165093959125795,88.7075424194336,90.21875,316.2398986816406,2e-05,62.0,0.0,-0.762499988079071,-0.5,-1.0,-0.762499988079071,-0.5,-1.0,0.0025519435293972492,1.499993920326233,-1.499993920326233,0.0025519435293972492,1.499993920326233,-1.499993920326233,240.0124969482422,645.0,131.0,0.0,240.0124969482422,645.0,131.0,0.0,0.0,1144.699951171875,1219.0,1103.0,0.0,2.700700133573264e-05,4.95596981048584,6.536917209625244,2.9620416164398193,0.25,18.728825441998197,0.9195575440026005,2.266281762997096,1.4621835130019463,0.001811011003155727,14.23971993500163,37.6210832450015,7.238199759740382e-05,0.013199342038527368,0.9754088558928283,0.12854401125686407,1.6348258240932026e-05,110777.0,37.6210832450015,736.1364323202888,,,,,,,,,,,,,,
63.0,,27536.0,33549.0,6013.0,30193.0,30194.0,30193.5,0.06681621819734573,0.002036047726869583,0.01,-0.00048143018037080773,0.0,0.0,0.0,0.061681345105171204,0.13145501808487248,88.7075424194336,90.21875,335.2308807373047,2e-05,63.0,0.0,-0.6312500238418579,0.4000000059604645,-1.0,-0.6312500238418579,0.4000000059604645,-1.0,0.0028789134230464697,1.499993920326233,-1.4999961853027344,0.0028789134230464697,1.499993920326233,-1.4999961853027344,271.7749938964844,762.0,114.0,0.0,271.7749938964844,762.0,114.0,0.0,0.0,1237.9000244140625,2041.0,1103.0,0.0,2.7551999664865434e-05,5.915301322937012,7.696634292602539,4.675892353057861,0.25,19.647493315002066,0.8140156090012169,2.336549785002717,1.6315322829977958,0.0017518129970994778,12.072821335001208,36.50677320200339,2.9663002351298928e-05,0.013508969505007667,0.9036654086561524,0.09996208898439406,1.4504885133385314e-05,120774.0,36.50677320200339,827.0657018337372,,,,,,,,,,,,,,
64.0,,27699.0,32462.0,4763.0,29570.0,29572.0,29570.75,0.07505056262016296,0.002827980089350603,0.01,-0.0001295139826834201,0.0,0.0,0.0,0.02988640032708645,0.12925880440397394,88.7075424194336,90.21875,336.21348571777344,2e-05,64.0,0.0,-0.7237499952316284,0.4000000059604645,-1.0,-0.7237499952316284,0.4000000059604645,-1.0,-0.001642210758291185,0.8660224080085754,-1.499993920326233,-0.001642210758291185,0.8660224080085754,-1.499993920326233,286.4375,1199.0,113.0,0.0,286.4375,1199.0,113.0,0.0,0.0,1192.0999755859375,1971.0,1097.0,0.0,2.540699642850086e-05,7.816076278686523,11.618866920471191,5.300978660583496,0.25,23.211676974999136,1.0764673730009235,2.2687734849969274,1.6377665039981366,0.0017827870033215731,12.010807257000124,40.20992712500447,2.9374998121056706e-05,0.013846169813059667,1.0129468459523951,0.10154297115392849,1.5072216661071947e-05,118283.0,40.20992712500447,735.4091915678077,,,,,,,,,,,,,,
65.0,,25902.0,31908.0,6006.0,28482.0,28828.0,28649.25,0.07527695596218109,0.002776714348001406,0.01,-0.0012696717865765094,0.0,0.0,0.0,0.039448682218790054,0.12429957004459927,88.7075424194336,90.21875,334.84873962402344,2e-05,65.0,0.0,-0.8843749761581421,0.75,-1.0,-0.8843749761581421,0.75,-1.0,0.010114624164998531,1.4999982118606567,-0.49999943375587463,0.010114624164998531,1.4999982118606567,-0.49999943375587463,286.7124938964844,1487.0,112.0,0.0,286.7124938964844,1487.0,112.0,0.0,0.0,1145.75,1274.0,1097.0,0.0,2.7582995244301856e-05,7.204816818237305,14.480931282043457,2.713923215866089,0.25,26.177377889005584,1.0312517909987946,2.2804829930028063,1.6171718380064704,0.00183385700074723,12.082326219999231,43.19308955300221,2.844700065907091e-05,0.01411181652230399,1.1412729602391587,0.10543318079879256,1.600266150725787e-05,114597.0,43.19308955300221,663.2831847984509,,,,,,,,,,,,,,
66.0,,24927.0,33240.0,8313.0,29677.0,29677.0,29677.0,0.06602191179990768,0.00422168470453471,0.01,-0.0004004587139934304,0.0,0.0,0.0,0.1680118441581726,0.11244890799850488,88.7075424194336,90.21875,344.01625061035156,2e-05,66.0,0.0,-0.5206249952316284,1.0,-1.0,-0.5206249952316284,1.0,-1.0,-0.0012367585441097617,1.499993920326233,-1.4999982118606567,-0.0012367585441097617,1.499993920326233,-1.4999982118606567,288.1499938964844,1296.0,113.0,0.0,288.1499938964844,1296.0,113.0,0.0,0.0,1195.699951171875,2008.0,1103.0,0.0,3.052699321415275e-05,7.644080638885498,12.862403869628906,1.9061899185180664,0.25,24.41678393100301,1.073377288004849,2.349860982001701,1.6444761380043929,0.0018387540039839223,13.865977950001252,43.35499949599762,2.8287002351135015e-05,0.013853119739228972,1.059204577954321,0.1168074430535537,1.548972271442466e-05,118708.0,43.35499949599762,684.5115983161222,,,,,,,,,,,,,,
67.0,,28136.0,32267.0,4131.0,30017.0,30018.0,30017.25,0.06573863327503204,0.001960659160686191,0.01,0.003366968762129545,0.0,0.0,0.0,0.02827363833785057,0.12982541967459083,88.7075424194336,90.21875,338.49684143066406,2e-05,67.0,0.0,-0.8374999761581421,-0.5,-1.0,-0.8374999761581421,-0.5,-1.0,-0.0596165768802166,1.499993920326233,-1.499993920326233,-0.0596165768802166,1.499993920326233,-1.499993920326233,331.4624938964844,1315.0,140.0,0.0,331.4624938964844,1315.0,140.0,0.0,0.0,1169.4000244140625,1290.0,1097.0,0.0,2.8287002351135015e-05,8.500633239746094,12.966279983520508,6.383853435516357,0.25,25.021127576001163,1.05588751599862,2.2893198400051915,1.627446926002449,0.001811745998566039,12.1496629079993,42.147886182996444,2.905500150518492e-05,0.013554264014878518,0.9435881727194314,0.10118900722084218,1.5089207027342935e-05,120069.0,42.147886182996444,712.1887410835266,,,,,,,,,,,,,,
68.0,,27104.0,29208.0,2104.0,28088.0,28090.0,28089.0,0.0728149339556694,0.0033032718341564765,0.01,0.0011960752680897715,0.0,0.0,0.0,0.05609791725873947,0.12270654178367604,88.7075424194336,90.21875,319.8210144042969,2e-05,68.0,0.0,-0.7124999761581421,0.75,-1.0,-0.7124999761581421,0.75,-1.0,0.004498024005442858,0.8660224080085754,-1.499993920326233,0.004498024005442858,0.8660224080085754,-1.499993920326233,260.5,641.0,124.0,0.0,260.5,641.0,124.0,0.0,0.0,1143.949951171875,1269.0,1103.0,0.0,2.7998998120892793e-05,5.480314254760742,6.508443355560303,4.289938926696777,0.25,18.567932168996776,0.9721912449967931,2.2619987340003718,1.4906693669981905,0.001809187000617385,11.975819393002894,35.27304537999589,3.011099761351943e-05,0.013267376615384942,0.8909756319096341,0.10658816078360651,1.6102273137325867e-05,112356.0,35.27304537999589,796.3304471558297,,,,,,,,,,,,,,
69.0,,28121.0,30739.0,2618.0,29786.0,29849.0,29810.0,0.0629732683300972,0.0017834802967263384,0.01,0.0,0.0,0.0,0.0,0.0031800344586372375,0.12047423411626568,88.7075424194336,90.21875,333.7232666015625,2e-05,69.0,0.0,-0.7749999761581421,-0.5,-1.0,-0.7749999761581421,-0.5,-1.0,0.0,0.0,0.0,0.0,0.0,0.0,317.75,1211.0,116.0,0.0,317.75,1211.0,116.0,0.0,0.0,1172.75,1290.0,1108.0,0.0,2.8798996936529875e-05,8.45279312133789,11.871319770812988,4.97607946395874,0.25,23.923297188004653,0.9374771289949422,3.083741854003165,1.6356602460000431,0.00184403399907751,12.994038388002082,42.57875135500217,2.9791000997647643e-05,0.013717378782288184,0.941121053816076,0.10897382076486146,1.5464894323025076e-05,119240.0,42.57875135500217,700.1144714521533,,,,,,,,,,,,,,
70.0,-0.4021695880990499,25733.0,30081.0,4348.0,27590.0,27590.0,27590.0,0.07861259579658508,0.0028647071891464296,0.01,-9.056195616722103e-05,0.0,0.0,0.0,0.023886287584900856,0.1198624133940582,88.7075424194336,90.21875,315.70233154296875,2e-05,70.0,0.0,-0.887499988079071,-0.5,-1.0,-0.887499988079071,-0.5,-1.0,0.012821204960346222,0.8660224080085754,-0.8660224080085754,0.012821204960346222,0.8660224080085754,-0.8660224080085754,238.10000610351562,551.0,126.0,0.0,238.10000610351562,551.0,126.0,0.0,0.0,1141.4000244140625,1199.0,1099.0,0.0,2.899100218201056e-05,4.360713481903076,5.803637504577637,2.420682191848755,0.25,17.84949441599747,0.9573247230000561,2.2900326489980216,1.4910108930052957,0.0017414449976058677,12.028104644996347,34.6203538339978,3.615800233092159e-05,0.013510428533937075,0.9370797152455622,0.10898971225984366,1.577967558541018e-05,110360.0,34.6203538339978,796.930040989533,420.4304802769984,,,,,,,,,,,,,
71.0,,27569.0,32612.0,5043.0,29914.0,29969.0,29928.0,0.05051626265048981,0.0018907708047656512,0.01,-0.0008850784599781032,0.0,0.0,0.0,0.03293633088469505,0.130128567648232,88.7075424194336,90.21875,340.00624084472656,2e-05,71.0,0.0,-0.71875,1.0,-1.0,-0.71875,1.0,-1.0,0.015095816925168037,1.499993920326233,-0.8660224080085754,0.015095816925168037,1.499993920326233,-0.8660224080085754,298.1000061035156,1088.0,125.0,0.0,298.1000061035156,1088.0,125.0,0.0,0.0,1198.300048828125,1878.0,1107.0,0.0,2.7358997613191605e-05,6.928768634796143,10.88404369354248,4.270819187164307,0.25,22.494371517997934,7.834431183997367,2.2837325200016494,1.6000623340005404,0.0018437140024616383,12.07790756400209,46.29511520300002,2.8255002689547837e-05,0.01336593101778051,0.9432393290002488,0.1008913689855828,1.5401246345075165e-05,119712.0,46.29511520300002,646.4612922717298,,,,,,,,,,,,,,
72.0,,26456.0,33790.0,7334.0,29591.0,29591.0,29591.0,0.06374229490756989,0.002498228471376933,0.01,0.0008520182594656943,0.0,0.0,0.0,0.0946529358625412,0.1263805040471627,88.7075424194336,90.21875,347.34857177734375,2e-05,72.0,0.0,-0.75,0.75,-1.0,-0.75,0.75,-1.0,-0.02460678666830063,0.8660241961479187,-1.499993920326233,-0.02460678666830063,0.8660241961479187,-1.499993920326233,315.70001220703125,1203.0,111.0,0.0,315.70001220703125,1203.0,111.0,0.0,0.0,1163.8499755859375,1290.0,1099.0,0.0,3.0111004889477044e-05,8.126529693603516,12.086097717285156,2.5934507846832275,0.25,23.863855443996727,0.9978319390065735,2.2577898359959363,1.607543441998132,0.0018307229984202422,12.304083287999674,41.03561819600145,2.9503004043363035e-05,0.013581354482766145,0.944878660278616,0.10395122915751136,1.5466890257343807e-05,118364.0,41.03561819600145,721.1052568688577,,,,,,,,,,,,,,
73.0,,28443.0,32248.0,3805.0,30355.0,30357.0,30356.0,0.07000736147165298,0.0014186767764135765,0.01,-0.0010298659279942514,0.0,0.0,0.0,0.03364157676696777,0.13129744405972488,88.7075424194336,90.21875,344.560302734375,2e-05,73.0,0.0,-0.7112499475479126,0.4000000059604645,-1.0,-0.7112499475479126,0.4000000059604645,-1.0,-0.0037908905651420355,1.499993920326233,-0.8660224080085754,-0.0037908905651420355,1.499993920326233,-0.8660224080085754,306.29998779296875,1137.0,126.0,0.0,306.29998779296875,1137.0,126.0,0.0,0.0,1211.5,2131.0,1105.0,0.0,2.665499778231606e-05,6.923516273498535,11.29332447052002,3.738506317138672,0.25,23.156262124000932,0.9081162570000743,2.2885533169974224,1.6535514629940735,0.0018272039960720576,12.15830556799483,40.16926390999288,2.8223003027960658e-05,0.013617995313892423,0.9449992704864892,0.10013099196200775,1.5048128838384979e-05,121424.0,40.16926390999288,755.7021723877883,,,,,,,,,,,,,,
74.0,,26560.0,34801.0,8241.0,31576.0,32012.0,31793.0,0.06501872092485428,0.0016511731981742627,0.01,0.0,0.0,0.0,0.0,0.005749839823693037,0.13553604516708195,88.7075424194336,90.21875,348.85357666015625,2e-05,74.0,0.0,-0.5800000429153442,1.0,-1.0,-0.5800000429153442,1.0,-1.0,0.0,0.0,0.0,0.0,0.0,0.0,339.25,1638.0,123.0,0.0,339.25,1638.0,123.0,0.0,0.0,1250.4000244140625,1959.0,1106.0,0.0,2.6686997443903238e-05,10.045330047607422,15.939300537109375,3.531301736831665,0.25,27.776019109005574,0.7847046510069049,2.3027596920001088,1.7546559080001316,0.0017374140006722882,12.369943420999334,44.99245335600426,2.7294998290017247e-05,0.013797501871482178,1.0234347497791294,0.09726939437139727,1.3661922441042746e-05,127172.0,44.99245335600426,706.6296151587211,,,,,,,,,,,,,,
75.0,,26550.0,34826.0,8276.0,30048.0,30048.0,30048.0,0.06152840331196785,0.0030576228816062215,0.01,-0.0010845761466771369,0.0,0.0,0.0,0.03823775798082352,0.13094264955457804,88.7075424194336,90.21875,339.9056854248047,2e-05,75.0,0.0,-0.7612500190734863,0.4000000059604645,-1.0,-0.7612500190734863,0.4000000059604645,-1.0,0.015243916772305965,0.8660224080085754,-1.499993920326233,0.015243916772305965,0.8660224080085754,-1.499993920326233,290.04998779296875,1148.0,129.0,0.0,290.04998779296875,1148.0,129.0,0.0,0.0,1212.3499755859375,2102.0,1107.0,0.0,2.899100218201056e-05,7.154594898223877,11.355671882629395,2.8913345336914062,0.25,23.146518563000427,0.8994065369988675,2.282241184002487,1.6186901809996925,0.0017985630038310774,12.060725942996214,40.0120300339986,2.78389998129569e-05,0.013467536782811606,0.9975227789605424,0.10034549673020013,1.4964082499925763e-05,120192.0,40.0120300339986,750.974143887924,,,,,,,,,,,,,,
76.0,,26988.0,30152.0,3164.0,28799.0,28801.0,28800.0,0.07788804918527603,0.0029754185040332007,0.01,0.0,0.0,0.0,0.0,0.0034019893500953913,0.12502173670541905,88.7075424194336,90.21875,335.201416015625,2e-05,76.0,0.0,-0.7050000429153442,0.4000000059604645,-1.0,-0.7050000429153442,0.4000000059604645,-1.0,0.0,0.0,0.0,0.0,0.0,0.0,262.20001220703125,793.0,111.0,0.0,262.20001220703125,793.0,111.0,0.0,0.0,1177.800048828125,1747.0,1101.0,0.0,2.988699998240918e-05,5.047272205352783,7.981928825378418,2.9718918800354004,0.25,20.10392325299472,0.8638095659989631,2.2770900940013235,1.6231696179966093,0.0018185939989052713,12.071591979001823,36.944062471004145,2.8703005227725953e-05,0.014090014045109456,0.9584250215958581,0.10478812481772416,1.5786406240497148e-05,115200.0,36.944062471004145,779.5569321214721,,,,,,,,,,,,,,
77.0,,27902.0,31338.0,3436.0,29557.0,29558.0,29557.25,0.06983479112386703,0.001920182122848928,0.01,0.0013335454091429715,0.0,0.0,0.0,0.05135823413729668,0.1290899014115686,88.7075424194336,90.21875,341.15985107421875,2e-05,77.0,0.0,-0.7593749761581421,0.75,-1.0,-0.7593749761581421,0.75,-1.0,0.017463572323322296,1.4999982118606567,-0.8660224080085754,0.017463572323322296,1.4999982118606567,-0.8660224080085754,310.5625,1296.0,133.0,0.0,310.5625,1296.0,133.0,0.0,0.0,1167.300048828125,1290.0,1108.0,0.0,2.803099778247997e-05,9.376083374023438,12.586163520812988,7.188282489776611,0.25,24.615710303995,0.9922551809941069,2.2781425530047272,1.603746612003306,0.0017593000011402182,12.022781546998885,41.51704964700184,2.867099829018116e-05,0.013564748175179575,0.9907711935598713,0.10169063044598944,1.4880443893970331e-05,118229.0,41.51704964700184,711.9304057323467,,,,,,,,,,,,,,
78.0,,26200.0,32232.0,6032.0,28554.0,28773.0,28609.5,0.07052558660507202,0.003333002047147602,0.01,-0.00033150013536214807,0.0,0.0,0.0,0.04561334103345871,0.10458968666829595,88.7075424194336,90.21875,337.7655792236328,2e-05,78.0,0.0,-0.6812499761581421,1.0,-1.0,-0.6812499761581421,1.0,-1.0,0.0009709205478429794,0.8660224080085754,-1.499993920326233,0.0009709205478429794,0.8660224080085754,-1.499993920326233,241.625,815.0,132.0,0.0,241.625,815.0,132.0,0.0,0.0,1188.8499755859375,2104.0,1107.0,0.0,2.755100285867229e-05,5.490509033203125,8.038637161254883,4.116284370422363,0.25,20.077208376998897,0.899761545995716,2.25201628600189,1.5504378789992188,0.001791233997209929,14.330215182999382,39.11405921199912,2.8959002520423383e-05,0.013548278360328028,1.0386553738747488,0.12522252383823015,1.565244059848939e-05,114438.0,39.11405921199912,731.4377637190719,,,,,,,,,,,,,,
79.0,,27491.0,29587.0,2096.0,28537.0,28538.0,28537.75,0.07428150624036789,0.0018766193103510887,0.01,-0.0009216636419296268,0.0,0.0,0.0,0.04077568277716637,0.12299947568789482,88.7075424194336,90.21875,323.64271545410156,2e-05,79.0,0.0,-0.71875,-0.5,-1.0,-0.71875,-0.5,-1.0,0.014921024441719055,1.499993920326233,-1.499993920326233,0.014921024441719055,1.499993920326233,-1.499993920326233,282.73748779296875,806.0,139.0,0.0,282.73748779296875,806.0,139.0,0.0,0.0,1144.1500244140625,1262.0,1107.0,0.0,2.8542999643832445e-05,6.2309722900390625,8.015826225280762,3.734238624572754,0.25,20.05875908699818,0.9819821170021896,2.3456903270052862,1.5375305520065012,0.0017994580048252828,12.14703140599886,37.07546034400002,2.9151000489946455e-05,0.013469269231163119,0.8868101634465794,0.10641195789786212,1.576383916764008e-05,114151.0,37.07546034400002,769.7207191823394,,,,,,,,,,,,,,
80.0,,26310.0,29965.0,3655.0,28043.0,28194.0,28104.75,0.06986813247203827,0.004901782932574861,0.01,0.0003179250191897155,0.0,0.0,0.0,0.05256107077002525,0.11241135960119154,88.7075424194336,90.21875,331.866943359375,2e-05,80.0,0.0,-0.7124999761581421,0.4000000059604645,-1.0,-0.7124999761581421,0.4000000059604645,-1.0,0.0003375220112502575,0.8660229444503784,-0.8660229444503784,0.0003375220112502575,0.8660229444503784,-0.8660229444503784,192.4375,586.0,121.0,0.0,192.4375,586.0,121.0,0.0,0.0,1212.800048828125,2107.0,1099.0,0.0,2.8959002520423383e-05,3.7954440116882324,5.82684326171875,2.5196406841278076,0.25,18.103099828003906,0.8864883829955943,2.2585125650002738,1.5107613110012608,0.0018745599954854697,13.096381381001265,35.85979643199971,2.9663002351298928e-05,0.013438665270116803,1.1759077510882694,0.11649615617467923,1.6674761343593784e-05,112419.0,35.85979643199971,783.7398088216851,,,,,,,,,,,,,,
81.0,,28094.0,38238.0,10144.0,31471.0,31472.0,31471.25,0.05971742793917656,0.002488008839476095,0.01,0.00014714088290929822,0.0,0.0,0.0,0.0525008849799633,0.13525009379313674,88.7075424194336,90.21875,366.2726135253906,2e-05,81.0,0.0,-0.6006249785423279,1.0,-1.0,-0.6006249785423279,1.0,-1.0,0.0002256203006254509,1.499997615814209,-1.499993920326233,0.0002256203006254509,1.499997615814209,-1.499993920326233,314.61248779296875,1577.0,113.0,0.0,314.61248779296875,1577.0,113.0,0.0,0.0,1258.949951171875,2250.0,1099.0,0.05000000074505806,2.761599898803979e-05,9.174903869628906,15.344481468200684,4.156372547149658,0.25,27.119461989001138,0.8770880980009679,2.3619350670051062,1.7511609040011535,0.0022869620006531477,12.279247181002575,44.39414179600135,3.743799607036635e-05,0.013910798776670402,1.0774946159561818,0.09754337038568991,1.8167073127482606e-05,125885.0,44.39414179600135,708.9054710104716,,,,,,,,,,,,,,
82.0,,26699.0,31831.0,5132.0,29445.0,29445.0,29445.0,0.07106912136077881,0.0027879065391607583,0.01,-0.0006219639629125595,0.0,0.0,0.0,0.05043656378984451,0.12499939641363139,88.7075424194336,90.21875,332.92620849609375,2e-05,82.0,0.0,-0.6912500262260437,0.4000000059604645,-1.0,-0.6912500262260437,0.4000000059604645,-1.0,-0.0014813245506957173,1.499993920326233,-0.8660224080085754,-0.0014813245506957173,1.499993920326233,-0.8660224080085754,259.54998779296875,849.0,117.0,0.0,259.54998779296875,849.0,117.0,0.0,0.0,1212.699951171875,2021.0,1107.0,0.0,3.1199000659398735e-05,5.352128505706787,8.659168243408203,3.049985408782959,0.25,20.788251423000474,0.9136851040020701,2.452117204993556,1.6167422930011526,0.002204053002060391,12.370725913999195,38.14840480899875,3.654299507616088e-05,0.013726798208534154,1.001167955259125,0.10503248356256746,1.871330448344703e-05,117780.0,38.14840480899875,771.8540302648324,,,,,,,,,,,,,,
83.0,,26125.0,29738.0,3613.0,27665.0,27991.0,27759.75,0.06805310398340225,0.004596519068581983,0.01,-0.00025337584316730466,0.0,0.0,0.0,0.05305633321404457,0.11935708128276423,88.7075424194336,90.21875,338.63011169433594,2e-05,83.0,0.0,-0.8500000238418579,-0.5,-1.0,-0.8500000238418579,-0.5,-1.0,0.0021348686423152685,1.499993920326233,-0.8660224080085754,0.0021348686423152685,1.499993920326233,-0.8660224080085754,245.1875,1291.0,136.0,0.0,245.1875,1291.0,136.0,0.0,0.0,1142.800048828125,1281.0,1101.0,0.0,2.9855000320822e-05,6.25738525390625,12.497354507446289,2.9218573570251465,0.25,24.4852713040018,0.9592951290032943,2.2462338670011377,1.4944601750030415,0.0021930769944447093,12.176004895001824,41.36804702599329,3.830299829132855e-05,0.013458876385801758,1.2482932094826307,0.10965521028649236,1.9750511031661932e-05,111039.0,41.36804702599329,671.0432808819178,,,,,,,,,,,,,,
84.0,-0.38720143531822854,29483.0,32419.0,2936.0,30756.0,31461.0,30933.0,0.06100938096642494,0.0022459785343380647,0.01,-0.00022197728976607322,0.0,0.0,0.0,0.03270069137215614,0.13329602612842859,88.7075424194336,90.21875,348.09364318847656,2e-05,84.0,0.0,-0.7581250071525574,0.75,-1.0,-0.7581250071525574,0.75,-1.0,-0.005162509623914957,1.499993920326233,-0.9209389686584473,-0.005162509623914957,1.499993920326233,-0.9209389686584473,335.95001220703125,2250.0,113.0,0.012500000186264515,335.95001220703125,2250.0,113.0,0.012500000186264515,0.0,1210.699951171875,2153.0,1107.0,0.0,3.235099575249478e-05,12.303207397460938,21.4123477935791,7.8271050453186035,0.25,33.29225011500239,0.8981519029985066,2.284649717003049,1.668336235001334,0.00223067600018112,12.237705452003866,50.387904517003335,6.601399945793673e-05,0.013483466160745273,1.2387353071514506,0.09890493527950624,1.8028286944211035e-05,123732.0,50.387904517003335,613.8973290616143,412.3890939729972,,,,,,,,,,,,,
85.0,,26322.0,30344.0,4022.0,27936.0,28244.0,28085.75,0.07309368997812271,0.0032957928499672564,0.01,0.000611532460898161,0.0,0.0,0.0,0.03309589624404907,0.1209730109016682,88.7075424194336,90.21875,329.1622009277344,2e-05,85.0,0.0,-0.7437499761581421,-0.5,-1.0,-0.7437499761581421,-0.5,-1.0,-0.005679875612258911,1.499993920326233,-1.499993920326233,-0.005679875612258911,1.499993920326233,-1.499993920326233,258.5874938964844,1349.0,125.0,0.0,258.5874938964844,1349.0,125.0,0.0,0.0,1145.699951171875,1286.0,1099.0,0.0,3.7949997931718826e-05,6.97938871383667,13.086145401000977,2.9387404918670654,0.25,29.511527837996255,9.262390932002745,2.2663816010026494,1.5447619850019692,0.0021066499975859188,12.158432947006077,54.74948265399871,3.6030003684572875e-05,0.013750407101483574,1.4265735891137552,0.10822599491740542,1.8751947140328447e-05,112343.0,54.74948265399871,512.9865824941949,,,,,,,,,,,,,,
86.0,,27866.0,31670.0,3804.0,28753.0,30197.0,29114.75,0.06271053105592728,0.0030256376409670336,0.01,0.0018432140350341797,0.0,0.0,0.0,0.01566026732325554,0.12477949021418998,88.7075424194336,90.21875,340.9778137207031,2e-05,86.0,0.0,-0.7749999761581421,-0.5,-1.0,-0.7749999761581421,-0.5,-1.0,-0.10890883952379227,1.499993920326233,-1.499993920326233,-0.10890883952379227,1.499993920326233,-1.499993920326233,304.0375061035156,2250.0,124.0,0.012500000186264515,304.0375061035156,2250.0,124.0,0.012500000186264515,0.0,1151.699951171875,1283.0,1107.0,0.0,3.657500201370567e-05,9.082582473754883,21.555112838745117,4.377687931060791,0.25,33.12929418600106,0.9097101250008564,2.3172800799948163,1.617801997002971,0.0020481219980865717,12.250128781997773,50.229700071999105,3.8718004361726344e-05,0.013891601310357903,1.3620562507092489,0.10518833908927411,1.7586635623580588e-05,116459.0,50.229700071999105,579.6321689810411,,,,,,,,,,,,,,
87.0,,25779.0,29523.0,3744.0,28193.0,29120.0,28432.0,0.07465264946222305,0.0036761485243914658,0.01,0.0005307464674115181,0.0,0.0,0.0,0.06535621732473373,0.12059886186943226,88.7075424194336,90.21875,339.7362365722656,2e-05,87.0,0.0,-0.7562500238418579,0.75,-1.0,-0.7562500238418579,0.75,-1.0,-0.015466692857444286,0.8660241961479187,-1.499993920326233,-0.015466692857444286,0.8660241961479187,-1.499993920326233,279.3999938964844,2250.0,121.0,0.012500000186264515,279.3999938964844,2250.0,121.0,0.012500000186264515,0.0,1142.199951171875,1269.0,1099.0,0.0,3.6158999137114733e-05,10.40453052520752,21.32271385192871,2.4283523559570312,0.25,33.12789297000563,0.9721656080000685,2.339250951001304,1.6012105269983294,0.0021187759994063526,12.35779152699979,50.4037649660022,3.801499406108633e-05,0.01407929909079848,1.48209972127799,0.10866094125457047,1.8630205397143646e-05,113728.0,50.4037649660022,564.0848460264356,,,,,,,,,,,,,,
88.0,,26078.0,31964.0,5886.0,28595.0,28596.0,28595.5,0.04820803180336952,0.003916728500043974,0.01,0.0005325864627957342,0.0,0.0,0.0,0.12857650220394135,0.12046254938504322,88.7075424194336,90.21875,333.5226745605469,2e-05,88.0,0.0,-0.762499988079071,-0.5,-1.0,-0.762499988079071,-0.5,-1.0,-0.006891163997352123,1.499993920326233,-1.499993920326233,-0.006891163997352123,1.499993920326233,-1.499993920326233,266.4750061035156,977.0,109.0,0.0,266.4750061035156,977.0,109.0,0.0,0.0,1163.300048828125,1285.0,1101.0,0.0,4.297499981475994e-05,6.4456329345703125,9.60004997253418,3.105139970779419,0.25,21.650604883005144,1.0379560930014122,2.278561114006152,1.5634089289960684,0.0020395789979374968,12.442590124999697,38.97896952099836,3.4302996937185526e-05,0.013668312575370848,1.015602067877153,0.10878101558811436,1.7831293367291152e-05,114382.0,38.97896952099836,733.6135447242985,,,,,,,,,,,,,,
89.0,,27491.0,31822.0,4331.0,28817.0,28819.0,28818.0,0.050434451550245285,0.002319468346540816,0.01,0.00025030605494976067,0.0,0.0,0.0,0.10801006853580475,0.12384337195836448,88.7075424194336,90.21875,332.8167724609375,2e-05,89.0,0.0,-0.7737500071525574,0.4000000059604645,-1.0,-0.7737500071525574,0.4000000059604645,-1.0,0.007565890438854694,1.499993920326233,-1.499993920326233,0.007565890438854694,1.499993920326233,-1.499993920326233,250.3000030517578,524.0,109.0,0.0,250.3000030517578,524.0,109.0,0.0,0.0,1190.5999755859375,1992.0,1104.0,0.0,4.37420021626167e-05,4.683592796325684,5.28580379486084,4.078961372375488,0.25,17.177044567004486,7.2228196270007174,2.3006997970005614,1.5463754390002578,0.002126808001776226,12.194808933003515,40.447955640003784,3.8783000491093844e-05,0.013415013524535514,0.857822840941095,0.10579159668439443,1.845034355069944e-05,115272.0,40.447955640003784,712.4711136574344,,,,,,,,,,,,,,
90.0,,27577.0,31343.0,3766.0,28642.0,28678.0,28660.5,0.06018487736582756,0.00258763634308707,0.01,0.00015665985643863664,0.0,0.0,0.0,0.020909927785396576,0.12216300913429673,88.7075424194336,90.21875,321.50311279296875,2e-05,90.0,0.0,-0.84375,-0.5,-1.0,-0.84375,-0.5,-1.0,0.0010912931757047772,1.499993920326233,-0.49999797344207764,0.0010912931757047772,1.499993920326233,-0.49999797344207764,269.17498779296875,829.0,127.0,0.0,269.17498779296875,829.0,127.0,0.0,0.0,1163.8499755859375,1285.0,1105.0,0.0,3.7087003875058144e-05,5.593256950378418,8.353240013122559,4.0977044105529785,0.25,20.08080147799774,0.8497513649999746,2.2974052839999786,1.5220284879978863,0.0020423309979378246,12.289473020995501,37.04532052399736,3.8751000829506665e-05,0.013276360217004991,0.9325160898113559,0.10719869699582615,1.781485841086011e-05,114642.0,37.04532052399736,773.6604676273266,,,,,,,,,,,,,,
91.0,,27901.0,32070.0,4169.0,30027.0,30029.0,30028.0,0.05590812489390373,0.003437599749013316,0.01,0.0,0.0,0.0,0.0,0.0033430627081543207,0.1281932798185893,88.7075424194336,90.21875,343.41143798828125,2e-05,91.0,0.0,-0.6625000238418579,1.0,-1.0,-0.6625000238418579,1.0,-1.0,0.0,0.0,0.0,0.0,0.0,0.0,276.5,1211.0,119.0,0.0,276.5,1211.0,119.0,0.0,0.0,1224.9000244140625,2214.0,1099.0,0.0,3.9038997783791274e-05,7.360641956329346,11.596566200256348,5.002438068389893,0.25,23.49957684399851,0.9281880580019788,2.305250128003536,1.7019853509991663,0.001944892996107228,12.312373456996283,40.75307367200003,3.8302001485135406e-05,0.014169985938117476,1.0623678500903486,0.10250743853233885,1.6192328794019148e-05,120112.0,40.75307367200003,736.8278584746643,,,,,,,,,,,,,,
92.0,,28792.0,30023.0,1231.0,29281.0,29281.0,29281.0,0.07162744551897049,0.002476358007406816,0.01,0.00014099873602390294,0.0,0.0,0.0,0.05961863324046135,0.12487452798517965,88.7075424194336,90.21875,331.29742431640625,2e-05,92.0,0.0,-0.793749988079071,-0.5,-1.0,-0.793749988079071,-0.5,-1.0,-0.00014110375195741653,0.8660224080085754,-1.499993920326233,-0.00014110375195741653,0.8660224080085754,-1.499993920326233,294.1499938964844,840.0,116.0,0.0,294.1499938964844,840.0,116.0,0.0,0.0,1169.9000244140625,1286.0,1105.0,0.0,3.919900336768478e-05,6.917975425720215,8.273695945739746,4.708438396453857,0.25,20.463151725998614,0.9031928949989378,2.350827547001245,1.5626148730007117,0.002062362000287976,12.302170173003105,37.587914801995794,3.878199640894309e-05,0.013341542920329836,0.8695882936426405,0.10503543401013546,1.760836378784857e-05,117124.0,37.587914801995794,779.0003822836503,,,,,,,,,,,,,,
93.0,,28023.0,30156.0,2133.0,28941.0,28964.0,28952.75,0.056044094264507294,0.0034970326465554535,0.01,0.00012331128120422353,0.0,0.0,0.0,0.023540664464235306,0.12455292910937873,88.7075424194336,90.21875,338.1181335449219,2e-05,93.0,0.0,-0.7250000238418579,0.75,-1.0,-0.7250000238418579,0.75,-1.0,0.0006154280272312462,0.8660224080085754,-0.8660224080085754,0.0006154280272312462,0.8660224080085754,-0.8660224080085754,281.4375,1023.0,123.0,0.0,281.4375,1023.0,123.0,0.0,0.0,1166.199951171875,1286.0,1097.0,0.0,4.3293999624438584e-05,8.000001907348633,9.921185493469238,6.034193992614746,0.25,21.868716416000098,1.0154361860040808,2.3114223289958318,1.6196831370034488,0.002024698995228391,12.193598999998358,39.01473523500317,3.523100167512894e-05,0.013985572501778318,0.9712954215411991,0.10528878085845349,1.7482786568015053e-05,115811.0,39.01473523500317,742.0978208772829,,,,,,,,,,,,,,
94.0,,27530.0,31550.0,4020.0,29052.0,29053.0,29052.5,0.0686582550406456,0.003514426100300625,0.01,0.0006119812838733194,0.0,0.0,0.0,0.05282355099916458,0.12306541938424773,88.7075424194336,90.21875,334.7994384765625,2e-05,94.0,0.0,-0.668749988079071,0.75,-1.0,-0.668749988079071,0.75,-1.0,0.0014944820431992412,0.8660224080085754,-1.499993920326233,0.0014944820431992412,0.8660224080085754,-1.499993920326233,298.92498779296875,1076.0,122.0,0.0,298.92498779296875,1076.0,122.0,0.0,0.0,1153.699951171875,1281.0,1097.0,0.0,4.076699406141415e-05,7.231318473815918,10.47342300415039,4.669376373291016,0.25,22.1837117019968,1.0058410029960214,2.2703723189988523,1.552330358994368,0.002052345000265632,12.384079965006094,39.4023006790012,3.6926001484971493e-05,0.013357975724932174,0.9276453835408881,0.10656638813360378,1.7660657432799515e-05,116210.0,39.4023006790012,737.3300416308697,,,,,,,,,,,,,,
95.0,,27794.0,31337.0,3543.0,29573.0,29573.0,29573.0,0.06557685136795044,0.0024443435395369306,0.01,0.0008902783691883083,0.0,0.0,0.0,0.03346933051943779,0.12674457286494167,88.7075424194336,90.21875,343.2569580078125,2e-05,95.0,0.0,-0.8062499761581421,-0.5,-1.0,-0.8062499761581421,-0.5,-1.0,-0.007948082871735096,1.499993920326233,-0.8660224080085754,-0.007948082871735096,1.499993920326233,-0.8660224080085754,306.1000061035156,1069.0,141.0,0.0,306.1000061035156,1069.0,141.0,0.0,0.0,1172.550048828125,1284.0,1109.0,0.0,4.54379987786524e-05,8.437216758728027,10.590791702270508,4.572760105133057,0.25,22.706753903999925,0.9048337519998313,2.3073394969978835,1.6300110189986299,0.0020060749957337976,12.249265138998453,39.80397072999767,3.6606994399335235e-05,0.013779554145661836,0.9272604501796767,0.10355108662461074,1.695867003460756e-05,118292.0,39.80397072999767,742.9660774449507,,,,,,,,,,,,,,
96.0,,26728.0,31856.0,5128.0,28357.0,28448.0,28380.25,0.0807383731007576,0.0031198853207752113,0.01,-9.926691651344216e-05,0.0,0.0,0.0,0.08225905895233154,0.1194774463769242,88.7075424194336,90.21875,336.83209228515625,2e-05,96.0,0.0,-0.675000011920929,1.0,-1.0,-0.675000011920929,1.0,-1.0,0.01583627425134182,1.499993920326233,-1.499993920326233,0.01583627425134182,1.499993920326233,-1.499993920326233,241.5625,621.0,115.0,0.0,241.5625,621.0,115.0,0.0,0.0,1177.449951171875,2045.0,1104.0,0.0,3.7887002690695226e-05,4.912712097167969,6.336126327514648,3.5527234077453613,0.25,18.15253454399499,0.8744193710008403,2.297388074999617,1.5463453799966373,0.0020422339948709123,12.449442681994697,35.32600236199505,3.667100099846721e-05,0.013621668061386328,0.939329083777231,0.10966642896023376,1.7989922524210607e-05,113521.0,35.32600236199505,803.3813084531881,,,,,,,,,,,,,,
97.0,,26664.0,34721.0,8057.0,30328.0,30330.0,30329.0,0.06458274275064468,0.0037902977946214383,0.01,0.0008376949094235897,0.0,0.0,0.0,0.07586344331502914,0.1295686092476374,88.7075424194336,90.21875,349.9450378417969,2e-05,97.0,0.0,-0.44875001907348633,1.0,-1.0,-0.44875001907348633,1.0,-1.0,-0.0016787041677162051,0.8660241961479187,-0.8660241961479187,-0.0016787041677162051,0.8660241961479187,-0.8660241961479187,232.14999389648438,800.0,114.0,0.0,232.14999389648438,800.0,114.0,0.0,0.0,1284.300048828125,2250.0,1101.0,0.05000000074505806,4.233499930705875e-05,5.304889678955078,7.970668315887451,3.529961347579956,0.25,20.208745468997222,0.78604914600146,2.295528745999036,1.6813107790003414,0.002048665002803318,12.316795177997847,37.2942009920007,3.68309993064031e-05,0.013858936817899877,1.088129736646415,0.10152655196344956,1.6887014102041925e-05,121316.0,37.2942009920007,813.2363529253603,,,,,,,,,,,,,,
98.0,-0.37764729521456797,26107.0,32518.0,6411.0,29498.0,29550.0,29511.5,0.061212532222270966,0.0035968946118373423,0.01,0.0001911079138517381,0.0,0.0,0.0,0.05044718086719513,0.10878468691085788,88.7075424194336,90.21875,342.7373046875,2e-05,98.0,0.0,-0.4281249940395355,0.75,-1.0,-0.4281249940395355,0.75,-1.0,-0.00478122616186738,1.4999982118606567,-0.49999943375587463,-0.00478122616186738,1.4999982118606567,-0.49999943375587463,267.9750061035156,1089.0,117.0,0.0,267.9750061035156,1089.0,117.0,0.0,0.0,1207.5999755859375,2250.0,1099.0,0.05000000074505806,4.844700015382841e-05,7.228205680847168,10.752832412719727,4.569389820098877,0.25,22.88507185400522,1.109192242998688,2.3076016870036256,1.5796748780048802,0.002023098997597117,14.253135679005936,42.14055617200211,4.04150050599128e-05,0.013381858580594685,1.0675003197129032,0.12074221641568487,1.7138225756036773e-05,118046.0,42.14055617200211,700.3111178586494,412.42501251700014,,,,,,,,,,,,,
99.0,,25784.0,31603.0,5819.0,28489.0,28505.0,28493.75,0.05938361585140228,0.004283158354810439,0.01,0.00036708198487758644,0.0,0.0,0.0,0.025039786472916603,0.11091012936737625,88.7075424194336,90.21875,337.23095703125,2e-05,99.0,0.0,-0.753125011920929,1.0,-1.0,-0.753125011920929,1.0,-1.0,0.00036173677654005587,1.4999982118606567,-0.49999943375587463,0.00036173677654005587,1.4999982118606567,-0.49999943375587463,241.8874969482422,887.0,117.0,0.0,241.8874969482422,887.0,117.0,0.0,0.0,1182.800048828125,2000.0,1105.0,0.0,3.2862997613847256e-05,6.599009037017822,8.737578392028809,3.2164368629455566,0.25,20.218442760997277,13.97517815399624,2.2892375260053086,1.5115508360031527,0.0018337630026508123,13.461317615998269,51.46097558100155,3.0238996259868145e-05,0.013262126220690087,1.044826766626907,0.11810763427065821,1.6089168700599363e-05,113975.0,51.46097558100155,553.6962655352257,,,,,,,,,,,,,,
100.0,,28847.0,31891.0,3044.0,30245.0,30246.0,30245.75,0.06117868795990944,0.0016648030703072434,0.01,0.0,0.0,0.0,0.0,0.004972289782017469,0.1301861733858652,88.7075424194336,90.21875,343.61065673828125,2e-05,100.0,0.0,-0.6800000071525574,1.0,-1.0,-0.6800000071525574,1.0,-1.0,0.0,0.0,0.0,0.0,0.0,0.0,268.73748779296875,993.0,119.0,0.0,268.73748779296875,993.0,119.0,0.0,0.0,1243.550048828125,2110.0,1103.0,0.0,3.046300116693601e-05,7.488977909088135,9.602434158325195,4.626014709472656,0.25,21.605885757999204,1.04048046299431,2.3097132069960935,1.6456412810002803,0.0018692489975364879,12.225261858999147,38.83200825499807,4.2301995563320816e-05,0.013602252225521605,1.0049716618447,0.10104941900100962,1.545050955536305e-05,120983.0,38.83200825499807,778.8870923539491,,16.675905080999655,,,,,,,,,,,,
101.0,,26286.0,30842.0,4556.0,29262.0,29431.0,29346.25,0.054989349097013474,0.003215724572073668,0.01,-0.0003838606923818589,0.0,0.0,0.0,0.03084476850926876,0.12519576263669607,88.7075424194336,90.21875,341.13018798828125,2e-05,101.0,0.0,-0.7350000143051147,0.75,-1.0,-0.7350000143051147,0.75,-1.0,-0.00154134351760149,0.49999797344207764,-1.499993920326233,-0.00154134351760149,0.49999797344207764,-1.499993920326233,259.51251220703125,938.0,123.0,0.0,259.51251220703125,938.0,123.0,0.0,0.0,1207.800048828125,2250.0,1101.0,0.05000000074505806,2.435100032016635e-05,5.204047679901123,9.260383605957031,2.5043275356292725,0.25,20.962059527002566,1.0423008009965997,2.2873736410037964,1.536711512999318,0.0018288020000909455,12.303191232997051,38.136425321004936,3.011099761351943e-05,0.013091208527489186,1.0096844818169917,0.10481059107208801,1.557952038242489e-05,117385.0,38.136425321004936,769.5070986067631,,,,,,,,,,,,,,
102.0,,27298.0,30592.0,3294.0,29036.0,29037.0,29036.25,0.06833846122026443,0.003521672980859876,0.01,-0.00034211982041597365,0.0,0.0,0.0,0.029164016246795654,0.12319630688599616,88.7075424194336,90.21875,332.75372314453125,2e-05,102.0,0.0,-0.543749988079071,1.0,-1.0,-0.543749988079071,1.0,-1.0,0.003910984843969345,0.49999797344207764,-1.499993920326233,0.003910984843969345,0.49999797344207764,-1.499993920326233,236.5124969482422,492.0,116.0,0.0,236.5124969482422,492.0,116.0,0.0,0.0,1215.300048828125,1882.0,1099.0,0.0,2.9663002351298928e-05,4.663739204406738,5.083087921142578,4.252817153930664,0.25,17.890824852998776,0.8956093669985421,2.2704843229948892,1.5414819119978347,0.0018309149963897653,12.353278566995868,34.95673270599946,2.9982002160977572e-05,0.013272047113503247,0.9455538741609204,0.10636082971282336,1.5764044912736365e-05,116145.0,34.95673270599946,830.6339795600132,,,,,,,,,,,,,,
103.0,,26259.0,31001.0,4742.0,28954.0,29025.0,28972.5,0.047976311296224594,0.003924046625616029,0.01,-0.00011643214151263268,0.0,0.0,0.0,0.10814085602760315,0.12444471455647992,88.7075424194336,90.21875,340.01531982421875,2e-05,103.0,0.0,-0.6343749761581421,0.75,-1.0,-0.6343749761581421,0.75,-1.0,0.02482159249484539,1.4999982118606567,-1.499993920326233,0.02482159249484539,1.4999982118606567,-1.499993920326233,288.67498779296875,946.0,121.0,0.0,288.67498779296875,946.0,121.0,0.0,0.0,1159.949951171875,1286.0,1099.0,0.0,2.9119000828359276e-05,6.472985744476318,9.430831909179688,3.0122900009155273,0.25,21.859328645005007,1.0282188230048632,2.2699325189969386,1.575440439999511,0.0018065940021187998,12.207426760003727,38.945142093994946,2.8158996428828686e-05,0.0135942742255545,0.9465371371354034,0.10533632548109179,1.5588868773136595e-05,115890.0,38.945142093994946,743.9310384354034,,,,,,,,,,,,,,
104.0,,29071.0,31267.0,2196.0,30075.0,30076.0,30075.75,0.05345933511853218,0.00165064936154522,0.01,0.0008089642226696017,0.0,0.0,0.0,0.014979968778789043,0.12184189309033562,88.7075424194336,90.21875,344.77362060546875,2e-05,104.0,0.0,-0.6362500190734863,0.4000000059604645,-1.0,-0.6362500190734863,0.4000000059604645,-1.0,0.0035933954641222954,0.49999797344207764,-1.499993920326233,0.0035933954641222954,0.49999797344207764,-1.499993920326233,302.63751220703125,863.0,112.0,0.0,302.63751220703125,863.0,112.0,0.0,0.0,1201.1500244140625,1964.0,1104.0,0.0,2.9310998797882348e-05,6.728973388671875,8.691731452941895,4.691734313964844,0.25,20.943918611003028,1.0383461230012472,2.4919246999997995,1.5879490980005357,0.0018471049988875166,12.965077617998759,39.03232800600381,2.78389998129569e-05,0.01319958020997428,0.8650579741028056,0.10777019374411909,1.535377337961245e-05,120303.0,39.03232800600381,770.534363089331,,,,,,,,,,,,,,
105.0,,26997.0,32979.0,5982.0,29464.0,30408.0,29701.5,0.058084286749362946,0.00307860302971676,0.01,-0.00020915310829877848,0.0,0.0,0.0,0.02444390580058098,0.12335189824490199,88.7075424194336,90.21875,352.83203125,2e-05,105.0,0.0,-0.8125,-0.5,-1.0,-0.8125,-0.5,-1.0,-0.0010008728131651878,0.8660224080085754,-0.8660224080085754,-0.0010008728131651878,0.8660224080085754,-0.8660224080085754,324.4750061035156,2250.0,117.0,0.012500000186264515,324.4750061035156,2250.0,117.0,0.012500000186264515,0.0,1160.5999755859375,1286.0,1101.0,0.0,3.075099812122062e-05,10.48831844329834,21.62410545349121,4.003649711608887,0.25,34.13245738700061,0.9981856219965266,2.50305673800176,1.6555761950003216,0.001798242999939248,12.655491817997245,51.94952926199767,2.7231995773036033e-05,0.013935122763162817,1.3149109094306424,0.10652232899009516,1.5135961146232075e-05,118806.0,51.94952926199767,571.7376157579038,,,,,,,,,,,,,,
106.0,,26413.0,35335.0,8922.0,30816.0,30817.0,30816.25,0.068925641477108,0.004750761255841099,0.01,0.0,0.0,0.0,0.0,0.0022202269174158573,0.13053400560554687,88.7075424194336,90.21875,349.3356018066406,2e-05,106.0,0.0,-0.4675000309944153,1.0,-1.0,-0.4675000309944153,1.0,-1.0,0.0,0.0,0.0,0.0,0.0,0.0,299.01251220703125,925.0,120.0,0.0,299.01251220703125,925.0,120.0,0.0,0.0,1241.800048828125,1973.0,1099.0,0.0,2.7743000828195363e-05,7.3823394775390625,9.19345760345459,3.6689064502716064,0.25,22.867888372005837,0.8640834729958442,2.350861592000001,1.6795252120064106,0.0018636159948073328,12.422928972999216,40.19030908199784,2.972699439851567e-05,0.013625321153664143,0.9559754346392642,0.10078228996876012,1.5118776577352312e-05,123265.0,40.19030908199784,766.7582236585313,,,,,,,,,,,,,,
107.0,,28797.0,29913.0,1116.0,29584.0,29586.0,29585.0,0.05630581080913544,0.004118540422059595,0.01,0.0001344324648380281,0.0,0.0,0.0,0.05824850872159004,0.12614729702758543,88.7075424194336,90.21875,347.2110595703125,2e-05,107.0,0.0,-0.75,-0.5,-1.0,-0.75,-0.5,-1.0,-0.0025019613094627857,1.499993920326233,-1.499993920326233,-0.0025019613094627857,1.499993920326233,-1.499993920326233,317.25,1165.0,127.0,0.0,317.25,1165.0,127.0,0.0,0.0,1162.0,1286.0,1104.0,0.0,2.9439004720188677e-05,8.915164947509766,11.263448715209961,6.0519185066223145,0.25,24.008713042996533,0.9723560060010641,2.297540368999762,1.653790217002097,0.0017221490052179433,12.318919516997994,41.25602567999886,2.9918999643996358e-05,0.013974904656093435,0.9459697810479327,0.10409768055600806,1.4552552012995973e-05,118340.0,41.25602567999886,717.1073682539171,,,,,,,,,,,,,,
108.0,,25357.0,30533.0,5176.0,27838.0,27888.0,27850.75,0.05769689753651619,0.007952816185133998,0.01,-4.2289260309189e-05,0.0,0.0,0.0,0.05631605163216591,0.11850693956441913,88.7075424194336,90.21875,339.33709716796875,2e-05,108.0,0.0,-0.6312500238418579,1.0,-1.0,-0.6312500238418579,1.0,-1.0,-0.00027302891248837113,1.499993920326233,-1.4999982118606567,-0.00027302891248837113,1.499993920326233,-1.4999982118606567,206.03750610351562,599.0,115.0,0.0,206.03750610351562,599.0,115.0,0.0,0.0,1186.5,2134.0,1099.0,0.0,2.876700455090031e-05,3.9302220344543457,6.035975456237793,2.6555800437927246,0.25,18.739724484999897,1.171635831000458,2.303423158999067,1.5906264559962437,0.0019053430005442351,12.299110182997538,36.109588421997614,2.927899913629517e-05,0.014278129457880342,1.13691224200691,0.11040196568312827,1.710315701142909e-05,111403.0,36.109588421997614,771.2840610233483,,,,,,,,,,,,,,
109.0,,26607.0,30012.0,3405.0,28959.0,28960.0,28959.25,0.05430208146572113,0.003684122549020686,0.01,0.0,0.0,0.0,0.0,0.005124311428517103,0.12338794677615937,88.7075424194336,90.21875,334.76507568359375,2e-05,109.0,0.0,-0.5874999761581421,1.0,-1.0,-0.5874999761581421,1.0,-1.0,0.0,0.0,0.0,0.0,0.0,0.0,246.21249389648438,568.0,113.0,0.0,246.21249389648438,568.0,113.0,0.0,0.0,1201.75,2004.0,1097.0,0.0,2.7519003197085112e-05,4.683016777038574,5.866219520568848,3.368962049484253,0.25,18.46293187700212,0.9716791820028448,2.2911205609998433,1.548714509997808,0.0018503050014260225,12.301848757997504,35.58115056400129,3.0111004889477044e-05,0.013369773992746773,0.9373474070671737,0.10619964914489761,1.5973350496180173e-05,115837.0,35.58115056400129,813.8930175377493,,,,,,,,,,,,,,
110.0,,27831.0,32354.0,4523.0,29714.0,29715.0,29714.25,0.052510589361190796,0.00404159913700255,0.01,-0.0011982341110706326,0.0,0.0,0.0,0.04528941586613655,0.12677699540243234,88.7075424194336,90.21875,360.01483154296875,2e-05,110.0,0.0,-0.7612500190734863,0.4000000059604645,-1.0,-0.7612500190734863,0.4000000059604645,-1.0,-0.010809432715177536,0.8660224080085754,-1.499993920326233,-0.010809432715177536,0.8660224080085754,-1.499993920326233,283.2124938964844,1159.0,120.0,0.0,283.2124938964844,1159.0,120.0,0.0,0.0,1202.5,2178.0,1101.0,0.0,2.8607006242964417e-05,7.245275497436523,11.172693252563477,3.547217607498169,0.25,23.886385138997866,1.0513559760001954,2.3254734110014397,1.631746409999323,0.0019021429980057292,12.317335912004637,41.217368195000745,3.046300116693601e-05,0.013728652161835846,1.0542607202629592,0.10363155650912136,1.6003626189502756e-05,118857.0,41.217368195000745,720.9157522969659,,,,,,,,,,,,,,
111.0,,28006.0,31392.0,3386.0,29520.0,29699.0,29581.75,0.06803563982248306,0.0057721102470532065,0.01,0.00020278736948966988,0.0,0.0,0.0,0.033768683671951294,0.10955285093095732,88.7075424194336,90.21875,343.3582763671875,2e-05,111.0,0.0,-0.7437499761581421,-0.5,-1.0,-0.7437499761581421,-0.5,-1.0,0.001046829274855554,0.8660224080085754,-1.499993920326233,0.001046829274855554,0.8660224080085754,-1.499993920326233,309.6875,1133.0,130.0,0.0,309.6875,1133.0,130.0,0.0,0.0,1169.4000244140625,1269.0,1107.0,0.0,2.8510999982245266e-05,6.995445251464844,11.171212196350098,5.148813724517822,0.25,23.608696465998946,0.9101267799997004,2.946546031998878,1.5949620379979024,0.0017732839987729676,14.16626256499876,43.23133451999456,2.8766997274942696e-05,0.013479273859709977,0.9529241762259918,0.11972130253449137,1.4986300664877564e-05,118327.0,43.23133451999456,684.266408345974,,,,,,,,,,,,,,
112.0,-0.3680931551109074,26799.0,33248.0,6449.0,29798.0,29799.0,29798.75,0.061600375920534134,0.0045325631636660545,0.01,-6.500279065221552e-05,0.0,0.0,0.0,0.06251980364322662,0.12377890592919767,88.7075424194336,90.21875,353.38336181640625,2e-05,112.0,0.0,-0.7593749761581421,0.75,-1.0,-0.7593749761581421,0.75,-1.0,-0.0038148497696965933,1.499993920326233,-1.499997615814209,-0.0038148497696965933,1.499993920326233,-1.499997615814209,322.8374938964844,1151.0,119.0,0.0,322.8374938964844,1151.0,119.0,0.0,0.0,1167.0999755859375,1285.0,1107.0,0.0,2.7998998120892793e-05,7.704225063323975,11.528246879577637,4.448008060455322,0.25,23.87489507599821,0.9644608410017099,2.314318300006562,1.6142039379992639,0.0019266860035713762,12.649136963998899,41.42211017900263,3.8942001992836595e-05,0.013542547405505801,0.9244161178610838,0.10612137223875917,1.6164151210800588e-05,119195.0,41.42211017900263,719.3923697085173,415.5655169599995,,,,,,,,,,,,,
113.0,,25956.0,32410.0,6454.0,29044.0,29044.0,29044.0,0.05538766086101532,0.00713191282877233,0.01,0.0013314328156411649,0.0,0.0,0.0,0.052550025284290314,0.12350383329455991,88.7075424194336,90.21875,349.61859130859375,2e-05,113.0,0.0,-0.7562500238418579,0.75,-1.0,-0.7562500238418579,0.75,-1.0,-0.0072289928793907166,0.8660241961479187,-1.499993920326233,-0.0072289928793907166,0.8660241961479187,-1.499993920326233,293.8999938964844,1072.0,110.0,0.0,293.8999938964844,1072.0,110.0,0.0,0.0,1158.300048828125,1286.0,1109.0,0.0,3.446299524512142e-05,6.9121503829956055,10.69478702545166,3.0819480419158936,0.25,22.676358122997044,14.144606344001659,2.29487978600082,1.5681694580052863,0.0017955869989236817,12.342684101000486,53.03181469599804,3.020700387423858e-05,0.01349822216297072,0.9644589198280471,0.10624125551749489,1.545574816591793e-05,116176.0,53.03181469599804,547.6712453928483,,,,,,,,,,,,,,
114.0,,28190.0,31959.0,3769.0,29937.0,29941.0,29939.0,0.047955919057130814,0.0032628436171216893,0.01,-0.00010922512970864794,0.0,0.0,0.0,0.017026465386152267,0.12849169780880673,88.7075424194336,90.21875,349.1522216796875,2e-05,114.0,0.0,-0.737500011920929,-0.5,-1.0,-0.737500011920929,-0.5,-1.0,0.0012026140466332436,0.8660224080085754,-0.8660224080085754,0.0012026140466332436,0.8660224080085754,-0.8660224080085754,315.04998779296875,1215.0,127.0,0.0,315.04998779296875,1215.0,127.0,0.0,0.0,1181.9000244140625,1282.0,1105.0,0.0,2.7743000828195363e-05,7.994936943054199,11.951830863952637,4.977611064910889,0.25,24.529021028996794,0.9328769089988782,2.299423440999817,1.5819505610052147,0.0018011869979090989,12.235882097003923,41.583688317005,2.719899930525571e-05,0.013209781230211553,0.973219371091763,0.10217343679651895,1.5040473946266566e-05,119756.0,41.583688317005,719.9698057508986,,,,,,,,,,,,,,
115.0,,26562.0,31842.0,5280.0,28446.0,28447.0,28446.25,0.06545610725879669,0.006894702200079336,0.01,2.259068191051445e-05,0.0,0.0,0.0,0.07178069651126862,0.10472389941078736,88.7075424194336,90.21875,350.37451171875,2e-05,115.0,0.0,-0.5949999690055847,1.0,-1.0,-0.5949999690055847,1.0,-1.0,0.009185166098177433,0.8660224080085754,-0.8660224080085754,0.009185166098177433,0.8660224080085754,-0.8660224080085754,202.71249389648438,429.0,114.0,0.0,202.71249389648438,429.0,114.0,0.0,0.0,1219.5999755859375,2134.0,1099.0,0.0,2.7422996936365962e-05,3.4679784774780273,4.565553665161133,2.1709392070770264,0.25,17.608551423996687,1.0154537970011006,2.3540425790051813,1.5515644550032448,0.0017804840026656166,14.230272624998179,36.764659246997326,2.8831003874074668e-05,0.013635931405749833,1.085808190417259,0.12506281693543242,1.5647791911637006e-05,113785.0,36.764659246997326,773.7389814737174,,,,,,,,,,,,,,
116.0,,27887.0,37791.0,9904.0,30879.0,30880.0,30879.5,0.046331536024808884,0.004131493620623133,0.01,0.0,0.0,0.0,0.0,0.002955870470032096,0.11052561565873562,88.7075424194336,90.21875,358.85791015625,2e-05,116.0,0.0,-0.4925000071525574,1.0,-1.0,-0.4925000071525574,1.0,-1.0,0.0,0.0,0.0,0.0,0.0,0.0,302.125,1277.0,111.0,0.0,302.125,1277.0,111.0,0.0,0.0,1241.8499755859375,1962.0,1099.0,0.0,2.6526999135967344e-05,7.9310102462768555,12.604850769042969,4.190810680389404,0.25,25.44612603099813,1.0121593029980431,2.3478018419991713,1.6855574880028144,0.0018240659992443398,14.703042921995802,45.199455615998886,2.8831003874074668e-05,0.013646249842151058,1.0527979326023222,0.11903562980290971,1.4767612811447237e-05,123518.0,45.199455615998886,683.183006944664,,,,,,,,,,,,,,
117.0,,26844.0,28669.0,1825.0,27829.0,27889.0,27844.25,0.0671040266752243,0.0075388792360899974,0.01,-0.00029552593827247636,0.0,0.0,0.0,0.03270437568426132,0.11754301156347002,88.7075424194336,90.21875,330.5595703125,2e-05,117.0,0.0,-0.78125,-0.5,-1.0,-0.78125,-0.5,-1.0,0.002836151747033,0.49999797344207764,-1.499993920326233,0.002836151747033,0.49999797344207764,-1.499993920326233,246.8125,803.0,116.0,0.0,246.8125,803.0,116.0,0.0,0.0,1145.4000244140625,1269.0,1105.0,0.0,2.764799864962697e-05,5.846089839935303,7.9751176834106445,3.401535987854004,0.25,20.71686839400354,1.0651297619988327,2.350942823999503,1.4773750770036713,0.0017686760038486682,12.389414609002415,38.004383692001284,2.902300184359774e-05,0.013264633425246428,1.0492209872881004,0.1112385376604004,1.5880082996028517e-05,111377.0,38.004383692001284,732.658901290388,,,,,,,,,,,,,,
118.0,,27145.0,34745.0,7600.0,31117.0,31118.0,31117.75,0.05509428307414055,0.00403726225864375,0.01,-1.4997199177742281e-05,0.0,0.0,0.0,0.19125251471996307,0.13298400501867086,88.7075424194336,90.21875,348.61846923828125,2e-05,118.0,0.0,-0.4893750250339508,1.0,-1.0,-0.4893750250339508,1.0,-1.0,0.0016290561761707067,1.499993920326233,-1.499997615814209,0.0016290561761707067,1.499993920326233,-1.499997615814209,303.0874938964844,1077.0,114.0,0.0,303.0874938964844,1077.0,114.0,0.0,0.0,1252.800048828125,1869.0,1101.0,0.0,2.8351001674309373e-05,6.699793815612793,10.779290199279785,3.962700605392456,0.25,23.565049602999352,5.36195146299724,2.325406156000099,1.6819146900015767,0.0019326699984958395,12.317778336997435,45.257196652994025,2.9855000320822e-05,0.013512502430297633,0.9718748547448902,0.09896102977398298,1.5527070550536586e-05,124471.0,45.257196652994025,687.5757294158736,,,,,,,,,,,,,,
119.0,,26653.0,30221.0,3568.0,28507.0,28508.0,28507.75,0.059483014047145844,0.0072276989719830455,0.01,0.0004977138713002201,0.0,0.0,0.0,0.10557540506124496,0.12066158493485865,88.7075424194336,90.21875,339.91961669921875,2e-05,119.0,0.0,-0.596875011920929,0.75,-1.0,-0.596875011920929,0.75,-1.0,-0.003211743663996458,1.4999982118606567,-1.499997615814209,-0.003211743663996458,1.4999982118606567,-1.499997615814209,272.4375,955.0,116.0,0.0,272.4375,955.0,116.0,0.0,0.0,1152.949951171875,1285.0,1101.0,0.0,2.694300201255828e-05,7.493160247802734,9.436570167541504,5.626014232635498,0.25,21.99414126999909,1.2311503310047556,2.296149433001119,1.5417096270030015,0.001742659995215945,12.37473632000183,39.442561285999545,2.9247006750665605e-05,0.013520092141636936,1.0091370162880977,0.10852080855207645,1.5282335463303356e-05,114031.0,39.442561285999545,722.766196477181,,,,,,,,,,,,,,
120.0,,25338.0,27720.0,2382.0,26447.0,26449.0,26447.75,0.05826915055513382,0.00837535205646418,0.01,-0.001750899702310562,0.0,0.0,0.0,0.06551423668861389,0.11276238585622445,88.7075424194336,90.21875,317.9368896484375,2e-05,120.0,0.0,-0.6968749761581421,0.75,-1.0,-0.6968749761581421,0.75,-1.0,0.009550871327519417,1.499997615814209,-0.8660224080085754,0.009550871327519417,1.499997615814209,-0.8660224080085754,194.8874969482422,466.0,110.0,0.0,194.8874969482422,466.0,110.0,0.0,0.0,1127.5,1205.0,1099.0,0.0,2.9214999813120812e-05,3.5077028274536133,4.728111743927002,2.576667070388794,0.25,17.55672937700001,1.1583382219978375,2.275585110000975,1.5184247889992548,0.0018713600002229214,12.230195010000898,34.74424555499718,2.9823000659234822e-05,0.014353062065764146,1.126081032454622,0.11560714058852736,1.7689217421358352e-05,105791.0,34.74424555499718,761.2123843108196,,,,,,,,,,,,,,
121.0,,27258.0,30200.0,2942.0,27870.0,28688.0,28075.0,0.0596785843372345,0.008504578258143738,0.01,0.0,0.0,0.0,0.0,0.0026978226378560066,0.11961245754893637,88.7075424194336,90.21875,337.76068115234375,2e-05,121.0,0.0,-0.574999988079071,0.75,-1.0,-0.574999988079071,0.75,-1.0,0.0,0.0,0.0,0.0,0.0,0.0,255.64999389648438,1557.0,114.0,0.0,255.64999389648438,1557.0,114.0,0.0,0.0,1148.0999755859375,1261.0,1097.0,0.0,2.7518995921127498e-05,6.782625198364258,15.011529922485352,3.8998923301696777,0.25,27.421636361999845,1.1050525669998024,2.2991850320031517,1.5443259359963122,0.0018244820021209307,12.287972170001012,44.66286422700068,2.892699558287859e-05,0.013751789278684881,1.340780185898682,0.10942094541407847,1.624650046412227e-05,112300.0,44.66286422700068,628.5982882178752,,,,,,,,,,,,,,
122.0,,27876.0,31573.0,3697.0,29675.0,29770.0,29717.0,0.05537033453583717,0.005184913367920672,0.01,0.001580091044306755,0.0,0.0,0.0,0.0478137768805027,0.12477671069605194,88.7075424194336,90.21875,355.94598388671875,2e-05,122.0,0.0,-0.5612500309944153,0.75,-1.0,-0.5612500309944153,0.75,-1.0,-0.020265784114599228,0.8660245537757874,-1.499993920326233,-0.020265784114599228,0.8660245537757874,-1.499993920326233,270.20001220703125,1279.0,136.0,0.0,270.20001220703125,1279.0,136.0,0.0,0.0,1215.6500244140625,2250.0,1103.0,0.05000000074505806,2.9662995075341314e-05,7.349531173706055,12.471344947814941,3.9285359382629395,0.25,24.95567382399895,1.0629090139991604,2.327803894004319,1.645784773005289,0.0018426250026095659,12.512252624001121,42.50938005599892,2.774299355223775e-05,0.01384548215672249,1.1545000843818907,0.10526174095636438,1.550143859246867e-05,118868.0,42.50938005599892,699.0692397972607,,,,,,,,,,,,,,
123.0,,27688.0,30360.0,2672.0,29410.0,29411.0,29410.25,0.06942804157733917,0.007432468395563774,0.01,0.000864115618169308,0.0,0.0,0.0,0.03263579681515694,0.1249163578098609,88.7075424194336,90.21875,343.76873779296875,2e-05,123.0,0.0,-0.5299999713897705,1.0,-1.0,-0.5299999713897705,1.0,-1.0,-0.03484123945236206,0.49999797344207764,-1.499993920326233,-0.03484123945236206,0.49999797344207764,-1.499993920326233,226.5625,830.0,107.0,0.0,226.5625,830.0,107.0,0.0,0.0,1243.949951171875,2250.0,1101.0,0.05000000074505806,2.5278997782152146e-05,5.335395336151123,8.278475761413574,2.5374040603637695,0.25,21.130149753000296,1.0423713819982368,2.3139549560000887,1.5746466150012566,0.0017543720023240894,12.37369412699627,38.43953683199652,2.9982998967170715e-05,0.013385185564567257,1.165801365682775,0.10518181694304087,1.4912930035651596e-05,117641.0,38.43953683199652,765.1041720023882,,,,,,,,,,,,,,
124.0,,28115.0,31485.0,3370.0,29961.0,30108.0,30029.25,0.0500781275331974,0.004455536413719999,0.01,0.00023263789713382724,0.0,0.0,0.0,0.024735959246754646,0.1284872217669603,88.7075424194336,90.21875,348.7257080078125,2e-05,124.0,0.0,-0.4781250059604645,1.0,-1.0,-0.4781250059604645,1.0,-1.0,-0.010446575470268726,1.4999982118606567,-0.49999943375587463,-0.010446575470268726,1.4999982118606567,-0.49999943375587463,221.96249389648438,757.0,119.0,0.0,221.96249389648438,757.0,119.0,0.0,0.0,1279.5,2250.0,1101.0,0.05000000074505806,2.9535003704950213e-05,4.5665693283081055,7.513840198516846,3.279149055480957,0.25,20.41930432999652,0.9637519320021966,2.32247583699791,1.7255396940017818,0.0018481289953342639,12.290833748003934,37.726879611000186,2.9727001674473286e-05,0.014365491096196057,1.149929849073409,0.1023238488141057,1.5386073539417934e-05,120117.0,37.726879611000186,795.9643180042975,,,,,,,,,,,,,,
125.0,,26438.0,31493.0,5055.0,28663.0,29437.0,28867.5,0.052932124584913254,0.006709450583439321,0.01,0.00039308995008468655,0.0,0.0,0.0,0.08849937468767166,0.12393394572761043,88.7075424194336,90.21875,348.22174072265625,2e-05,125.0,0.0,-0.6468750238418579,0.75,-1.0,-0.6468750238418579,0.75,-1.0,-8.873193291947246e-05,0.8660224080085754,-1.4999982118606567,-8.873193291947246e-05,0.8660224080085754,-1.4999982118606567,279.7749938964844,1852.0,117.0,0.0,279.7749938964844,1852.0,117.0,0.0,0.0,1163.5999755859375,1285.0,1097.0,0.0,2.8255002689547837e-05,7.9430928230285645,17.87537956237793,2.822887897491455,0.25,30.6502049779956,1.0658788579967222,2.315229845997237,1.5528603120037587,0.0017457639987696894,12.224921462002385,47.81374348800455,3.1070994737092406e-05,0.013448171057450062,1.3694131435079797,0.10587097481599017,1.5118766768595213e-05,115470.0,47.81374348800455,603.7490038244389,,,,,,,,,,,,,,
126.0,-0.3687300977955578,29368.0,32019.0,2651.0,30575.0,30576.0,30575.75,0.07242975383996964,0.0067899707148308145,0.01,0.00012943487614393233,0.0,0.0,0.0,0.12979687750339508,0.11577681847025292,88.7075424194336,90.21875,350.94805908203125,2e-05,126.0,0.0,-0.41874998807907104,1.0,-1.0,-0.41874998807907104,1.0,-1.0,0.007896222174167633,0.8660229444503784,-1.499993920326233,0.007896222174167633,0.8660229444503784,-1.499993920326233,258.2875061035156,837.0,114.0,0.0,258.2875061035156,837.0,114.0,0.0,0.0,1270.5,2234.0,1099.0,0.0,2.9503004043363035e-05,6.031622886657715,8.413166999816895,3.8695149421691895,0.25,21.344974036997883,6.9641025150049245,2.796998559999338,1.8248704049983644,0.0018622400020831265,13.895361968003272,46.83129166800063,3.359800030011684e-05,0.014920896502934223,1.0330045993804329,0.11361423651098723,1.5226445811493801e-05,122303.0,46.83129166800063,652.8914516550077,409.4591958099991,,,,,,,,,,,,,
127.0,,27576.0,30480.0,2904.0,29326.0,29327.0,29326.25,0.05170199275016785,0.005253141581085856,0.01,0.0002691627107560636,0.0,0.0,0.0,0.026748377829790115,0.12548849005713106,88.7075424194336,90.21875,344.33734130859375,2e-05,127.0,0.0,-0.5237500071525574,1.0,-1.0,-0.5237500071525574,1.0,-1.0,-0.004139351192861795,0.49999797344207764,-1.499993920326233,-0.004139351192861795,0.49999797344207764,-1.499993920326233,246.1125030517578,958.0,115.0,0.0,246.1125030517578,958.0,115.0,0.0,0.0,1220.199951171875,1872.0,1103.0,0.0,2.972699439851567e-05,5.5958662033081055,9.453174591064453,3.6164095401763916,0.25,22.21705898399523,14.501743374996295,2.315499381002155,1.6353080940025393,0.0018514889961807057,12.261139917005494,52.93583988300088,2.8959002520423383e-05,0.01394065124250918,1.1283995623950038,0.10452359163723195,1.5783547130818856e-05,117305.0,52.93583988300088,553.9961218111786,,,,,,,,,,,,,,
128.0,,29164.0,33032.0,3868.0,30887.0,30888.0,30887.5,0.042342718690633774,0.0023625943632578127,0.01,-0.0001735160499811173,0.0,0.0,0.0,0.040136948227882385,0.13128973595643648,88.7075424194336,90.21875,361.9324951171875,2e-05,128.0,0.0,-0.6024999618530273,1.0,-1.0,-0.6024999618530273,1.0,-1.0,-3.6392189262102193e-09,0.8660227656364441,-0.8660230040550232,-3.6392189262102193e-09,0.8660227656364441,-0.8660230040550232,284.57501220703125,1113.0,117.0,0.0,284.57501220703125,1113.0,117.0,0.0,0.0,1259.800048828125,2133.0,1101.0,0.0,2.7391004550736398e-05,7.112974643707275,10.883394241333008,5.368724346160889,0.25,21.931622377000167,1.108042675004981,2.3855512349982746,1.7138707929989323,0.0018224670056952164,12.393327671998122,39.5370815080023,2.988699998240918e-05,0.01387188015377525,0.9633498364666682,0.1003102199271398,1.4750845857508833e-05,123550.0,39.5370815080023,781.228629476568,,,,,,,,,,,,,,
129.0,,26919.0,32211.0,5292.0,30036.0,30037.0,30036.5,0.05483730137348175,0.006173909892877703,0.01,0.0004893793538212777,0.0,0.0,0.0,0.06939340382814407,0.12848429543382564,88.7075424194336,90.21875,344.58404541015625,2e-05,129.0,0.0,-0.4725000262260437,0.75,-1.0,-0.4725000262260437,0.75,-1.0,-0.0008332879515364766,0.8660241961479187,-1.499993920326233,-0.0008332879515364766,0.8660241961479187,-1.499993920326233,268.07501220703125,995.0,114.0,0.0,268.07501220703125,995.0,114.0,0.0,0.0,1233.75,1951.0,1099.0,0.0,2.9374998121056706e-05,7.01112174987793,9.939388275146484,3.8800594806671143,0.25,21.840686952004035,0.8741988830006449,2.299888596004166,1.6260218280003755,0.0018419219995848835,12.295357614006207,38.94074018399988,2.9535003704950213e-05,0.013533715879016993,1.01840375603861,0.10233680367225048,1.533069764773595e-05,120146.0,38.94074018399988,771.3387022967148,,,,,,,,,,,,,,
130.0,,26105.0,28679.0,2574.0,27715.0,27786.0,27767.0,0.0602198988199234,0.007220122127328069,0.01,-0.0006040090322494508,0.0,0.0,0.0,0.05139400437474251,0.11975705876129697,88.7075424194336,90.21875,332.72161865234375,2e-05,130.0,0.0,-0.706250011920929,0.75,-1.0,-0.706250011920929,0.75,-1.0,0.006680105347186327,0.8660245537757874,-0.8660245537757874,0.006680105347186327,0.8660245537757874,-0.8660245537757874,244.6999969482422,914.0,112.0,0.0,244.6999969482422,914.0,112.0,0.0,0.0,1143.6500244140625,1273.0,1109.0,0.0,2.7679001505021006e-05,6.142597675323486,8.958234786987305,2.9091978073120117,0.25,20.21554639099486,1.0843994590031798,2.273394356998324,1.512909575998492,0.0018143390043405816,12.12397565900028,37.21505679999973,2.7422996936365962e-05,0.013621471314856594,1.0326699218938935,0.10915813428710591,1.633538917006322e-05,111068.0,37.21505679999973,746.122735999699,,,,,,,,,,,,,,
131.0,,26743.0,36166.0,9423.0,31032.0,31293.0,31162.5,0.04993134364485741,0.0074892129038926225,0.01,0.0013520850241184235,0.0,0.0,0.0,0.007058367598801851,0.13245158675553986,88.80533456802368,91.19921875,367.81085205078125,2e-05,131.0,0.0,-0.574999988079071,1.0,-1.0,-0.574999988079071,1.0,-1.0,-0.07545341551303864,0.8660224080085754,-0.8660224080085754,-0.07545341551303864,0.8660224080085754,-0.8660224080085754,345.4750061035156,2250.0,114.0,0.02500000037252903,345.4750061035156,2250.0,114.0,0.02500000037252903,0.0,1212.6500244140625,2208.0,1099.0,0.0,3.0014998628757894e-05,11.171650886535645,21.93924331665039,5.169466018676758,0.25,33.98360732600122,0.924139581999043,2.3572521370006143,1.7313262630050303,0.0018113619953510351,12.428800460002094,51.429882791002456,2.9087001166772097e-05,0.013889500706017091,1.229597196830495,0.09970959053351058,1.4531584399125834e-05,124650.0,51.429882791002456,605.9220497669851,,,,,,,,,,,,,,
132.0,,25739.0,28966.0,3227.0,27400.0,27604.0,27461.5,0.06500194221735,0.006100838675629348,0.01,-6.495691835880294e-05,0.0,0.0,0.0,0.038317397236824036,0.11714772080528926,88.80533456802368,91.19921875,324.670654296875,2e-05,132.0,0.0,-0.6937500238418579,-0.5,-1.0,-0.6937500238418579,-0.5,-1.0,0.0010033579310402274,1.499993920326233,-0.49999797344207764,0.0010033579310402274,1.499993920326233,-0.49999797344207764,230.47500610351562,874.0,115.0,0.0,230.47500610351562,874.0,115.0,0.0,0.0,1142.5999755859375,1269.0,1103.0,0.0,2.7743000828195363e-05,4.793299674987793,8.68098258972168,2.538090705871582,0.25,20.71889490600006,0.9124997530016117,2.2736269689994515,1.4630177819999517,0.00172122100048,12.252878890998545,37.62523872999736,2.8510999982245266e-05,0.01331880798572503,1.1237061994793394,0.11154597246143277,1.566940080184986e-05,109846.0,37.62523872999736,729.8691231454128,,,,,,,,,,,,,,
133.0,,29595.0,30348.0,753.0,29985.0,30159.0,30029.25,0.051616910845041275,0.00512596546264831,0.01,0.0,0.0,0.0,0.0,0.002692229812964797,0.12733947176608684,88.80533456802368,91.19921875,344.13818359375,2e-05,133.0,0.0,-0.7350000143051147,-0.20000000298023224,-1.0,-0.7350000143051147,-0.20000000298023224,-1.0,0.0,0.0,0.0,0.0,0.0,0.0,277.7124938964844,1079.0,119.0,0.0,277.7124938964844,1079.0,119.0,0.0,0.0,1223.75,2250.0,1101.0,0.05000000074505806,2.7999005396850407e-05,6.583754062652588,10.510374069213867,2.3105289936065674,0.25,22.43783161999454,0.8529561199975433,2.309177073002502,1.6277864160001627,0.0018202589999418706,12.39968542400311,39.632196202997875,2.755100285867229e-05,0.013551673917931373,1.009939758743059,0.10323006255570077,1.5154049800959652e-05,120117.0,39.632196202997875,757.6983583293957,,,,,,,,,,,,,,
134.0,,26716.0,31720.0,5004.0,28748.0,28748.0,28748.0,0.06536844372749329,0.004753840746998321,0.01,-0.0004119173623621464,0.0,0.0,0.0,0.03836343437433243,0.12277794270327189,88.80533456802368,91.19921875,338.23956298828125,2e-05,134.0,0.0,-0.737500011920929,1.0,-1.0,-0.737500011920929,1.0,-1.0,0.0056068082340061665,0.8660224080085754,-0.8660224080085754,0.0056068082340061665,0.8660224080085754,-0.8660224080085754,235.5500030517578,624.0,109.0,0.0,235.5500030517578,624.0,109.0,0.0,0.0,1201.8499755859375,2160.0,1107.0,0.0,2.9759001336060464e-05,4.852065563201904,6.240437984466553,3.175955295562744,0.25,18.14900314899569,0.938148284003546,2.3101335809988086,1.546953447003034,0.0017564200024935417,12.27475151699764,35.223397635003494,2.7391004550736398e-05,0.013452704944718188,0.9631184010292766,0.10674439541009496,1.5274279971594038e-05,114992.0,35.223397635003494,816.1620380264361,,,,,,,,,,,,,,
135.0,,25944.0,32060.0,6116.0,30377.0,30377.0,30377.0,0.042915236204862595,0.006810804605192971,0.01,0.00016050174832344058,0.0,0.0,0.0,0.014779976569116116,0.12942100595658718,88.80533456802368,91.19921875,352.3118896484375,2e-05,135.0,0.0,-0.4975000321865082,0.75,-1.0,-0.4975000321865082,0.75,-1.0,-0.0014609008794650435,0.8660224080085754,-0.8660224080085754,-0.0014609008794650435,0.8660224080085754,-0.8660224080085754,259.3500061035156,1172.0,120.0,0.0,259.3500061035156,1172.0,120.0,0.0,0.0,1259.5,2250.0,1099.0,0.05000000074505806,3.0590999813284725e-05,6.087189674377441,11.556707382202148,4.129666328430176,0.25,23.464685821003513,1.0752047409987426,2.3172670639978605,1.680246290001378,0.0017213809987879358,12.35784063799656,40.89983806099917,2.755100285867229e-05,0.01382827706818792,1.1309372383363945,0.10170392598015407,1.416681205178207e-05,121508.0,40.89983806099917,742.7168771351829,,,,,,,,,,,,,,
136.0,,28317.0,31316.0,2999.0,29928.0,30787.0,30144.25,0.04511908069252968,0.0032781914423685526,0.01,0.0003492629155516625,0.0,0.0,0.0,0.03402174636721611,0.1287615948820513,88.80533456802368,91.19921875,350.01611328125,2e-05,136.0,0.0,-0.8031250238418579,0.75,-1.0,-0.8031250238418579,0.75,-1.0,0.00017026638670358807,1.4999982118606567,-0.49999943375587463,0.00017026638670358807,1.4999982118606567,-0.49999943375587463,330.36248779296875,2250.0,111.0,0.012500000186264515,330.36248779296875,2250.0,111.0,0.012500000186264515,0.0,1176.8499755859375,1286.0,1109.0,0.0,2.7807996957562864e-05,10.549722671508789,21.402175903320312,4.516401767730713,0.25,33.51509007700224,0.9999582959935651,2.2932583129950217,1.646402599006251,0.0017787549950298853,12.31075583200436,50.76984452099714,3.0143004551064223e-05,0.013654366910822552,1.2681179793787976,0.10209870731569338,1.4752025635319217e-05,120577.0,50.76984452099714,593.7432009966682,,,,,,,,,,,,,,
137.0,,27139.0,31517.0,4378.0,29328.0,29442.0,29375.0,0.05598223954439163,0.005321813076734543,0.01,0.0,0.0,0.0,0.0,0.004273069091141224,0.12442012096742938,88.80533456802368,91.19921875,341.12738037109375,2e-05,137.0,0.0,-0.612500011920929,1.0,-1.0,-0.612500011920929,1.0,-1.0,0.0,0.0,0.0,0.0,0.0,0.0,258.20001220703125,844.0,113.0,0.0,258.20001220703125,844.0,113.0,0.0,0.0,1210.550048828125,2250.0,1097.0,0.05000000074505806,2.723099896684289e-05,5.157658576965332,8.374356269836426,3.601496934890747,0.25,20.202016292001645,1.0200204370048596,2.273945506000018,1.5782156939967535,0.0017922910046763718,12.396029578994785,37.47489938099898,2.8510999982245266e-05,0.013431622927631946,0.978021702749886,0.10549812407655136,1.5253540465330824e-05,117500.0,37.47489938099898,783.8580085659711,,,,,,,,,,,,,,
138.0,,28172.0,30438.0,2266.0,28969.0,28969.0,28969.0,0.0681019276380539,0.002860903210239485,0.01,-0.0010148967057466505,0.0,0.0,0.0,0.01209852285683155,0.12354540369021152,88.80533456802368,91.19921875,339.80828857421875,2e-05,138.0,0.0,-0.831250011920929,-0.5,-1.0,-0.831250011920929,-0.5,-1.0,0.0053736139088869095,0.49999797344207764,-1.499993920326233,0.0053736139088869095,0.49999797344207764,-1.499993920326233,297.75,948.0,109.0,0.0,297.75,948.0,109.0,0.0,0.0,1150.699951171875,1285.0,1101.0,0.0,2.9342998459469527e-05,7.729588031768799,9.376472473144531,4.926568984985352,0.25,21.311118591002014,1.1039435159982531,2.2901692390005337,1.5542025640024804,0.0017792350045056082,12.292964339001628,38.55681768300565,3.0111004889477044e-05,0.013412635610501574,0.8946733245592785,0.10608723410371111,1.5354646384977114e-05,115876.0,38.55681768300565,751.3327536045178,,,,,,,,,,,,,,
139.0,,27584.0,29520.0,1936.0,28727.0,28728.0,28727.25,0.06692013889551163,0.0049160835728980605,0.01,-0.0012029209733009339,0.0,0.0,0.0,0.06837544590234756,0.12323347096367697,88.80533456802368,91.19921875,333.10736083984375,2e-05,139.0,0.0,-0.75,-0.5,-1.0,-0.75,-0.5,-1.0,0.017432499676942825,1.499993920326233,-1.499993920326233,0.017432499676942825,1.499993920326233,-1.499993920326233,273.9125061035156,734.0,129.0,0.0,273.9125061035156,734.0,129.0,0.0,0.0,1162.449951171875,1274.0,1105.0,0.0,2.780700015136972e-05,5.72910213470459,7.334652900695801,4.861572742462158,0.25,18.974520516996563,0.9762851210034569,2.2959363529953407,1.5481157559988787,0.001776354001776781,12.220739265998418,36.02031905899639,2.8830996598117054e-05,0.013472537016237882,0.8659024559392399,0.1063514543334153,1.5458789144251373e-05,114909.0,36.02031905899639,797.5290266848738,,,,,,,,,,,,,,
140.0,-0.357265129614218,30002.0,33148.0,3146.0,31219.0,31221.0,31220.0,0.05626421794295311,0.003181064163800329,0.01,-0.0006815977022051813,0.0,0.0,0.0,0.02933545969426632,0.1332294609765617,88.80533456802368,91.19921875,339.29083251953125,2e-05,140.0,0.0,-0.6937500238418579,-0.5,-1.0,-0.6937500238418579,-0.5,-1.0,0.012499016709625721,0.8660224080085754,-1.499993920326233,0.012499016709625721,0.8660224080085754,-1.499993920326233,367.3999938964844,935.0,122.0,0.0,367.3999938964844,935.0,122.0,0.0,0.0,1193.5999755859375,1289.0,1101.0,0.0,2.7039000997319818e-05,8.86381721496582,9.212557792663574,8.582612991333008,0.25,21.41599381299602,0.9106369340006495,2.308840418001637,1.6658721220010193,0.0017894089978653938,12.34028054800001,38.64608281500114,3.5486998967826366e-05,0.01333978316784929,0.7286334313077035,0.09881710880845619,1.4329027849658822e-05,124880.0,38.64608281500114,807.8438414948856,445.37242707599944,,,,,,,,,,,,,
141.0,,27934.0,32105.0,4171.0,29744.0,29745.0,29744.75,0.05179815739393234,0.005269378537777812,0.01,0.0016477335663512348,0.0,0.0,0.0,0.03487688675522804,0.11399775426671595,88.80533456802368,91.19921875,343.4561767578125,2e-05,141.0,0.0,-0.596875011920929,1.0,-1.0,-0.596875011920929,1.0,-1.0,-0.013561645522713661,1.4999982118606567,-1.499993920326233,-0.013561645522713661,1.4999982118606567,-1.499993920326233,252.6374969482422,980.0,114.0,0.0,252.6374969482422,980.0,114.0,0.0,0.0,1234.5999755859375,1872.0,1105.0,0.0,3.1775001843925565e-05,7.583748817443848,9.536696434020996,5.805001735687256,0.25,20.556454945995938,43.27707138500409,3.193081366000115,1.635769861000881,0.0018632969949976541,13.70465639000031,82.37186386399844,3.100699541391805e-05,0.013748391405213367,1.017092422245111,0.11518550660200799,1.566072159790933e-05,118979.0,82.37186386399844,361.1032773170048,,,,,,,,,,,,,,
142.0,,26294.0,34143.0,7849.0,30163.0,30164.0,30163.25,0.052189815789461136,0.0038193034914297637,0.01,0.0,0.0,0.0,0.0,0.004548185970634222,0.12885859299590768,88.80533456802368,91.19921875,347.47515869140625,2e-05,142.0,0.0,-0.5550000071525574,1.0,-1.0,-0.5550000071525574,1.0,-1.0,0.0,0.0,0.0,0.0,0.0,0.0,268.01251220703125,842.0,117.0,0.0,268.01251220703125,842.0,117.0,0.0,0.0,1240.1500244140625,2186.0,1108.0,0.0,3.174300218233839e-05,5.954689979553223,8.318631172180176,3.1021833419799805,0.25,19.929249002998404,0.7745710289964336,2.312552918003348,1.6445426830032375,0.0017346620006719604,12.312183376001485,36.97744328000408,3.07180016534403e-05,0.013630350534203356,0.9294925144815263,0.10204622658368614,1.4377280305271817e-05,120653.0,36.97744328000408,815.7202695598772,,,,,,,,,,,,,,
143.0,,27609.0,34278.0,6669.0,31467.0,31468.0,31467.75,0.05133706331253052,0.0037037199176347705,0.01,0.0,0.0,0.0,0.0,0.0026656710542738438,0.12346376464557181,88.80533456802368,91.19921875,359.87738037109375,2e-05,143.0,0.0,-0.45500001311302185,1.0,-1.0,-0.45500001311302185,1.0,-1.0,0.0,0.0,0.0,0.0,0.0,0.0,269.0375061035156,808.0,131.0,0.0,269.0375061035156,808.0,131.0,0.0,0.0,1304.3499755859375,2250.0,1099.0,0.05000000074505806,2.6079003873746842e-05,6.635252952575684,8.14894962310791,3.9274697303771973,0.25,20.265188391000265,6.231519943001331,3.095635202000267,1.673905988005572,0.0018602250056574121,13.437610798995593,44.708390092004265,2.9310998797882348e-05,0.01329858337508697,0.9415596520466601,0.10675700359094305,1.4778821219005268e-05,125871.0,44.708390092004265,703.844400016268,,,,,,,,,,,,,,
144.0,,30182.0,37308.0,7126.0,32844.0,32844.0,32844.0,0.06038311496376991,0.00433030143409269,0.01,0.001075865477323532,0.0,0.0,0.0,0.026106124743819237,0.14032991742084627,88.80533456802368,91.19921875,360.38934326171875,2e-05,144.0,0.0,-0.5087500214576721,1.0,-1.0,-0.5087500214576721,1.0,-1.0,-0.004699230659753084,1.499993920326233,-0.49999797344207764,-0.004699230659753084,1.499993920326233,-0.49999797344207764,325.8500061035156,989.0,125.0,0.0,325.8500061035156,989.0,125.0,0.0,0.0,1316.3499755859375,2145.0,1099.0,0.0,3.190199640812352e-05,8.101673126220703,9.755439758300781,6.839809894561768,0.25,21.76334126900474,0.7121576210047351,2.369241640997643,1.7815472610018332,0.0017576370009919629,12.367902473000868,38.99852960699354,2.924699947470799e-05,0.01356067516899459,0.8348680861210964,0.09414126227774379,1.3378676478138798e-05,131376.0,38.99852960699354,842.1855985593401,,,,,,,,,,,,,,
145.0,,28026.0,30612.0,2586.0,29244.0,29245.0,29244.25,0.062209662050008774,0.005991440421203152,0.01,-0.000402572639286518,0.0,0.0,0.0,0.053951445966959,0.12054503920282494,88.80533456802368,91.19921875,341.088134765625,2e-05,145.0,0.0,-0.6031249761581421,1.0,-1.0,-0.6031249761581421,1.0,-1.0,0.0014796346658840775,1.4999982118606567,-0.49999943375587463,0.0014796346658840775,1.4999982118606567,-0.49999943375587463,266.11248779296875,1040.0,120.0,0.0,266.11248779296875,1040.0,120.0,0.0,0.0,1196.0999755859375,2039.0,1101.0,0.0,2.6974994398187846e-05,6.513993263244629,10.307113647460938,3.791384220123291,0.25,22.126998595995246,0.9005729249984142,2.5919709139998304,1.6183677640001406,0.001765572997101117,12.73422094900161,39.97649807199923,3.0559000151697546e-05,0.013834922796790314,1.0393629853912933,0.10886089529567018,1.5093334562359412e-05,116977.0,39.97649807199923,731.5360626968867,,,,,,,,,,,,,,
146.0,,26877.0,30988.0,4111.0,28366.0,28492.0,28409.0,0.05285653471946716,0.004233685088111087,0.01,0.00018490341491997236,0.0,0.0,0.0,0.019787956029176712,0.12107759084057629,88.80533456802368,91.19921875,330.90667724609375,2e-05,146.0,0.0,-0.737500011920929,-0.5,-1.0,-0.737500011920929,-0.5,-1.0,-0.0025769765488803387,0.8660224080085754,-0.8660224080085754,-0.0025769765488803387,0.8660224080085754,-0.8660224080085754,273.04998779296875,801.0,136.0,0.0,273.04998779296875,801.0,136.0,0.0,0.0,1147.4000244140625,1286.0,1106.0,0.0,2.889499592129141e-05,5.681861877441406,8.151199340820312,3.878420829772949,0.25,19.98432630100433,1.054266988998279,2.3176041719998466,1.5366345580041525,0.0017571560019860044,12.286938372002624,37.18410995500017,2.7134999982081354e-05,0.013522427382204164,0.9148656977203959,0.10812540367491484,1.5463022299148196e-05,113636.0,37.18410995500017,764.0091435395465,,,,,,,,,,,,,,
147.0,,27079.0,33119.0,6040.0,29873.0,29914.0,29883.25,0.04953395202755928,0.0038844509885959375,0.01,-0.0004894532635807992,0.0,0.0,0.0,0.012872584164142609,0.12472018766014462,88.80533456802368,91.19921875,349.43785095214844,2e-05,147.0,0.0,-0.6362500190734863,0.4000000059604645,-1.0,-0.6362500190734863,0.4000000059604645,-1.0,0.00150238536298275,0.49999797344207764,-1.499993920326233,0.00150238536298275,0.49999797344207764,-1.499993920326233,295.36248779296875,1200.0,122.0,0.0,295.36248779296875,1200.0,122.0,0.0,0.0,1198.800048828125,1859.0,1109.0,0.0,2.7134999982081354e-05,7.393767356872559,11.728038787841797,3.897315502166748,0.25,24.097940154999378,1.0035974899947178,2.5749045580014354,1.634387534999405,0.0017752359999576584,12.584213742004067,41.899434819002636,2.8766997274942696e-05,0.013673107300907742,1.0198459585678352,0.10527815533789052,1.4851430148642285e-05,119533.0,41.899434819002636,713.213677680613,,,,,,,,,,,,,,
148.0,,27631.0,32871.0,5240.0,29057.0,29058.0,29057.25,0.05327489972114563,0.00242592079564929,0.01,-0.00011641006916761412,0.0,0.0,0.0,0.03334013745188713,0.12434934279005219,88.80533456802368,91.19921875,338.17327880859375,2e-05,148.0,0.0,-0.762499988079071,-0.5,-1.0,-0.762499988079071,-0.5,-1.0,0.003143701469525695,1.499993920326233,-1.499993920326233,0.003143701469525695,1.499993920326233,-1.499993920326233,288.86248779296875,864.0,113.0,0.0,288.86248779296875,864.0,113.0,0.0,0.0,1164.0,1276.0,1106.0,0.0,2.9439004720188677e-05,5.759481430053711,8.905024528503418,3.978397846221924,0.25,21.66037134599901,0.8627724350008066,2.3212087849969976,1.5570662300015101,0.0017137960021500476,12.25399205100257,38.65972311399673,2.99179955618456e-05,0.013396538127330616,0.9373132262754342,0.1054297296802224,1.4744994813256997e-05,116229.0,38.65972311399673,751.6155745430012,,,,,,,,,,,,,,
149.0,,27011.0,35502.0,8491.0,31547.0,31547.0,31547.0,0.05529104173183441,0.004004255547770299,0.01,0.0003752454742789268,0.0,0.0,0.0,0.04377584904432297,0.13466839747231193,88.80533456802368,91.19921875,352.7938232421875,2e-05,149.0,0.0,-0.3881250023841858,1.0,-1.0,-0.3881250023841858,1.0,-1.0,0.007131288293749094,1.499997615814209,-1.499993920326233,0.007131288293749094,1.499997615814209,-1.499993920326233,278.70001220703125,1035.0,117.0,0.0,278.70001220703125,1035.0,117.0,0.0,0.0,1298.6500244140625,2107.0,1097.0,0.0,2.5599001673981547e-05,6.989211082458496,10.093457221984863,3.5866661071777344,0.25,21.750077411001257,0.8759574200012139,2.355001955998887,1.7142498679968412,0.0017406119950464927,12.355695671998546,39.05533475300035,2.9823000659234822e-05,0.01358488816683711,0.9755147744439028,0.0979149813928309,1.3793799688135898e-05,126188.0,39.05533475300035,807.7513660941406,,,,,,,,,,,,,,
150.0,,27055.0,30185.0,3130.0,28334.0,28335.0,28334.75,0.06305010616779327,0.005982693122932687,0.01,0.00024118378758430483,0.0,0.0,0.0,0.012200416065752506,0.12017948076991589,88.80533456802368,91.19921875,335.67657470703125,2e-05,150.0,0.0,-0.640625,0.75,-1.0,-0.640625,0.75,-1.0,-0.0026885487604886293,1.4999982118606567,-0.49999943375587463,-0.0026885487604886293,1.4999982118606567,-0.49999943375587463,267.3374938964844,1010.0,110.0,0.0,267.3374938964844,1010.0,110.0,0.0,0.0,1149.4000244140625,1285.0,1097.0,0.0,2.995100658154115e-05,6.177947044372559,9.930706977844238,3.4251019954681396,0.25,21.75494222999987,1.0820469410027727,2.3082819589981227,1.4972191609995207,0.0017787230026442558,12.350999552996655,38.9978702360022,4.303900641389191e-05,0.013210096798097043,1.017204013185574,0.10897395912260259,1.5693830037712137e-05,113339.0,38.9978702360022,726.5717288797433,,13.758699928999704,,,,,,,,,,,,
151.0,,26230.0,30313.0,4083.0,28869.0,28870.0,28869.75,0.05997653678059578,0.004637238412105944,0.01,-0.0002814655937254428,0.0,0.0,0.0,0.025720397010445595,0.12072173963920885,88.80533456802368,91.19921875,340.41357421875,2e-05,151.0,0.0,-0.5249999761581421,1.0,-1.0,-0.5249999761581421,1.0,-1.0,-0.0010555590270087123,0.8660224080085754,-0.8660224080085754,-0.0010555590270087123,0.8660224080085754,-0.8660224080085754,256.38751220703125,802.0,113.0,0.0,256.38751220703125,802.0,113.0,0.0,0.0,1187.0999755859375,1867.0,1101.0,0.0,2.6110996259376407e-05,5.699760437011719,8.058167457580566,2.9246163368225098,0.25,20.30525597599626,0.8678364259976661,2.3046866490039974,1.5789828759952798,0.0017966099985642359,12.533670377000817,37.59481829700235,2.9471004381775856e-05,0.013673333471845787,0.9899690885864297,0.10853636052443143,1.5557893630566908e-05,115479.0,37.59481829700235,767.918327784602,,,,,,,,,,,,,,
152.0,,25219.0,31790.0,6571.0,28883.0,28885.0,28884.25,0.05142020434141159,0.004677238579606638,0.01,-7.484080269932747e-05,0.0,0.0,0.0,0.06346139311790466,0.1216623604947484,88.80533456802368,91.19921875,346.1822509765625,2e-05,152.0,0.0,-0.7456250190734863,0.75,-1.0,-0.7456250190734863,0.75,-1.0,0.002971571870148182,1.4999982118606567,-0.8660224080085754,0.002971571870148182,1.4999982118606567,-0.8660224080085754,255.91250610351562,1061.0,110.0,0.0,255.91250610351562,1061.0,110.0,0.0,0.0,1188.300048828125,1883.0,1107.0,0.0,2.7326997951604426e-05,5.8628997802734375,10.426231384277344,2.6671273708343506,0.25,23.025506613004836,5.230475063995982,2.2886455050029326,1.6010699660037062,0.0017942109989235178,12.451180436997674,44.601263834003475,2.8927002858836204e-05,0.013857638384272624,1.1246767260784856,0.10776790497414399,1.552931960258201e-05,115537.0,44.601263834003475,647.6105723707989,,,,,,,,,,,,,,
153.0,,28858.0,32622.0,3764.0,30881.0,30882.0,30881.5,0.0573929026722908,0.0043080059415660805,0.01,-2.4350080639123917e-05,0.0,0.0,0.0,0.01708025112748146,0.11669666471331297,88.80533456802368,91.19921875,354.9432373046875,2e-05,153.0,0.0,-0.5049999952316284,1.0,-1.0,-0.5049999952316284,1.0,-1.0,0.0009920072043314576,0.8660224080085754,-0.8660224080085754,0.0009920072043314576,0.8660224080085754,-0.8660224080085754,283.7250061035156,1292.0,121.0,0.0,283.7250061035156,1292.0,121.0,0.0,0.0,1260.3499755859375,2196.0,1107.0,0.0,3.007899795193225e-05,7.884960651397705,12.557916641235352,4.21036958694458,0.25,25.36737513099797,0.9673618919987348,2.3017879530016216,1.6710827290007728,0.001824705999752041,13.936507380996773,44.2485711249974,2.7743000828195363e-05,0.013528186203720455,1.117603979689751,0.11282246151414903,1.4771837505885733e-05,123526.0,44.2485711249974,697.9095418191725,,,,,,,,,,,,,,
154.0,-0.3473925181207763,28505.0,33171.0,4666.0,30764.0,30765.0,30764.5,0.060738351196050644,0.0025124038109788673,0.01,0.0,0.0,0.0,0.0,0.0033118315041065216,0.11960341706297185,88.80533456802368,91.19921875,359.02691650390625,2e-05,154.0,0.0,-0.824999988079071,-0.5,-1.0,-0.824999988079071,-0.5,-1.0,0.0,0.0,0.0,0.0,0.0,0.0,356.375,1060.0,125.0,0.0,356.375,1060.0,125.0,0.0,0.0,1181.8499755859375,1284.0,1105.0,0.0,2.889499592129141e-05,8.949966430664062,10.64913272857666,6.80234956741333,0.25,23.31686363100016,1.0434825859992998,2.5473141000038595,1.718004573995131,0.0017928029992617667,13.539513857998827,42.16959821400087,3.222299710614607e-05,0.013960933657260245,0.8178486015783991,0.11002546651171664,1.4568764316515518e-05,123058.0,42.16959821400087,729.5421655164306,421.0195737510003,,,,,,,,,,,,,
155.0,,26733.0,33811.0,7078.0,29541.0,29542.0,29541.5,0.07130748778581619,0.0036828860291279854,0.01,0.0,0.0,0.0,0.0,0.0026540670078247786,0.1263567402125396,88.80533456802368,91.19921875,350.42010498046875,2e-05,155.0,0.0,-0.5674999952316284,0.75,-1.0,-0.5674999952316284,0.75,-1.0,0.0,0.0,0.0,0.0,0.0,0.0,285.4750061035156,1037.0,110.0,0.0,285.4750061035156,1037.0,110.0,0.0,0.0,1191.5999755859375,2007.0,1105.0,0.0,2.975899406010285e-05,7.074831008911133,10.198485374450684,3.711066484451294,0.25,22.90150604899827,61.057937225996284,2.3211873270047363,1.6341697059979197,0.001784483996743802,12.272220238002774,100.19178586100315,3.0079005227889866e-05,0.013829440837448333,1.0027807184954143,0.10385576424693037,1.5101501250307211e-05,118166.0,100.19178586100315,294.8495203088121,,,,,,,,,,,,,,
156.0,,28854.0,36680.0,7826.0,31895.0,31895.0,31895.0,0.056728534400463104,0.003991068230698147,0.01,0.0,0.0,0.0,0.0,0.002371439477428794,0.13682417370959216,88.80533456802368,91.19921875,369.82952880859375,2e-05,156.0,0.0,-0.5099999904632568,1.0,-1.0,-0.5099999904632568,1.0,-1.0,0.0,0.0,0.0,0.0,0.0,0.0,248.4499969482422,1192.0,120.0,0.0,248.4499969482422,1192.0,120.0,0.0,0.0,1346.300048828125,2208.0,1101.0,0.0,3.2638999982737005e-05,6.928504943847656,11.5639066696167,3.6514105796813965,0.25,24.8300467759982,0.9202881670062197,2.353703691995179,1.7156093960002181,0.001793634997738991,12.30668593700102,42.130750074997195,3.0174996936693788e-05,0.013447322432984936,1.2492476743810725,0.09646250146575498,1.4058904199239621e-05,127580.0,42.130750074997195,757.0479980352479,,,,,,,,,,,,,,
157.0,,26131.0,31360.0,5229.0,29534.0,29535.0,29534.5,0.0536365769803524,0.004112247786251829,0.01,0.0009906988311558962,0.0,0.0,0.0,0.05460831895470619,0.1268451426790728,88.80533456802368,91.19921875,346.26226806640625,2e-05,157.0,0.0,-0.7768750190734863,0.75,-1.0,-0.7768750190734863,0.75,-1.0,-0.0072037153877317905,1.499997615814209,-0.8660241961479187,-0.0072037153877317905,1.499997615814209,-0.8660241961479187,287.7250061035156,1109.0,115.0,0.0,287.7250061035156,1109.0,115.0,0.0,0.0,1189.0,1722.0,1099.0,0.0,2.684699575183913e-05,7.316471576690674,10.988423347473145,2.7313075065612793,0.25,23.979739345995768,1.175710429000901,2.28364126499946,1.600705127006222,0.0017769320038496517,12.228465129999677,41.27267349999602,2.790300641208887e-05,0.013549451717535611,1.0417820551740276,0.10351000634850493,1.5041155291689818e-05,118138.0,41.27267349999602,715.5945446568381,,,,,,,,,,,,,,
158.0,,26642.0,31538.0,4896.0,28720.0,29515.0,29085.5,0.059683650732040405,0.007548200188458809,0.01,-3.020003437995897e-05,0.0,0.0,0.0,0.06252187490463257,0.12337973169005846,88.80533456802368,91.19921875,362.869873046875,2e-05,158.0,0.0,-0.5175000429153442,0.75,-1.0,-0.5175000429153442,0.75,-1.0,-0.0027256053872406483,1.4999982118606567,-1.499997615814209,-0.0027256053872406483,1.4999982118606567,-1.499997615814209,256.82501220703125,2250.0,123.0,0.012500000186264515,256.82501220703125,2250.0,123.0,0.012500000186264515,0.0,1197.449951171875,2250.0,1103.0,0.05000000074505806,2.7904003218282014e-05,8.376026153564453,21.356775283813477,3.561811923980713,0.25,34.0899607149986,0.9655338789962116,2.315170802998182,1.6683066300029168,0.0017867540009319782,12.383121834005578,51.4265377720003,2.8542999643832445e-05,0.014339676385165433,1.6592018259027839,0.1064372439360298,1.5357772781385726e-05,116342.0,51.4265377720003,565.5737535540628,,,,,,,,,,,,,,
159.0,,29043.0,32623.0,3580.0,31210.0,31676.0,31326.75,0.0441749133169651,0.005061831689530153,0.01,0.000557436589151621,0.0,0.0,0.0,0.01416853815317154,0.1334009621092041,88.80533456802368,91.19921875,371.9495849609375,2e-05,159.0,0.0,-0.59375,1.0,-1.0,-0.59375,1.0,-1.0,0.0007779592997394502,1.499993920326233,-0.49999797344207764,0.0007779592997394502,1.499993920326233,-0.49999797344207764,353.48748779296875,2250.0,118.0,0.012500000186264515,353.48748779296875,2250.0,118.0,0.012500000186264515,0.0,1212.8499755859375,2128.0,1097.0,0.0,3.0206996598280966e-05,14.303302764892578,21.616182327270508,9.835012435913086,0.25,34.14670579000085,1.1084040040004766,2.3360435330032487,1.6986154010010068,0.0018526079948060215,12.391000347000954,51.68522364099772,2.7966998459305614e-05,0.013555630579305282,1.2074933975742017,0.09888514087003084,1.4784553096044287e-05,125307.0,51.68522364099772,606.1064999465536,,,,,,,,,,,,,,
160.0,,29238.0,32103.0,2865.0,30725.0,30727.0,30726.0,0.0454273447394371,0.005136241886066274,0.01,0.001503850594162941,0.0,0.0,0.0,0.0322423055768013,0.130660944377671,88.80533456802368,91.19921875,352.41864013671875,2e-05,160.0,0.0,-0.5081250071525574,0.75,-1.0,-0.5081250071525574,0.75,-1.0,-0.006727381609380245,1.499997615814209,-0.49999919533729553,-0.006727381609380245,1.499997615814209,-0.49999919533729553,327.95001220703125,1393.0,111.0,0.0,327.95001220703125,1393.0,111.0,0.0,0.0,1208.3499755859375,1975.0,1099.0,0.0,2.7775000489782542e-05,9.256943702697754,13.595547676086426,3.9672977924346924,0.25,26.49862308799493,1.159781138994731,2.373146826001175,1.665230924001662,0.001751459996739868,12.381341492997308,44.082494711001345,2.809499710565433e-05,0.013549037655419368,1.0100100277479391,0.10073993924524269,1.4250634615145708e-05,122904.0,44.082494711001345,697.0113692846866,,,,,,,,,,,,,,
161.0,,26934.0,29966.0,3032.0,28448.0,28459.0,28451.0,0.05558524653315544,0.007561702141538262,0.01,0.0,0.0,0.0,0.0,0.0022951019927859306,0.1198280944809442,88.80533456802368,91.19921875,346.8394775390625,2e-05,161.0,0.0,-0.5,0.75,-1.0,-0.5,0.75,-1.0,0.0,0.0,0.0,0.0,0.0,0.0,276.25,1180.0,111.0,0.0,276.25,1180.0,111.0,0.0,0.0,1146.300048828125,1284.0,1103.0,0.0,2.9183000151533633e-05,7.936165809631348,11.53360652923584,4.786397457122803,0.25,24.15818925000349,1.1228436789970146,2.3031016860040836,1.557035455996811,0.001795808995666448,12.438686047004012,41.58428892399388,2.8895003197249025e-05,0.013681728726554522,1.0931307352942754,0.10929919903521855,1.577984074080391e-05,113804.0,41.58428892399388,684.1766622967057,,,,,,,,,,,,,,
162.0,,27826.0,35109.0,7283.0,31233.0,31234.0,31233.75,0.060184184461832047,0.005111978314816952,0.01,0.0017047664790879938,0.0,0.0,0.0,0.021234659478068352,0.13270414144828893,88.80533456802368,91.19921875,358.84423828125,2e-05,162.0,0.0,-0.5175000429153442,1.0,-1.0,-0.5175000429153442,1.0,-1.0,-0.009546959772706032,1.4999982118606567,-0.49999943375587463,-0.009546959772706032,1.4999982118606567,-0.49999943375587463,300.48748779296875,1083.0,118.0,0.0,300.48748779296875,1083.0,118.0,0.0,0.0,1261.199951171875,2128.0,1097.0,0.0,2.7743000828195363e-05,8.513233184814453,10.540596961975098,5.5006327629089355,0.25,23.484323634002067,0.9672179650006001,2.3157860270002857,1.6817017849971307,0.0017695069982437417,12.408463211999333,40.86193822899804,2.9791000997647643e-05,0.013460613799152605,0.9769259800325333,0.0993193517589093,1.4163420964851656e-05,124935.0,40.86193822899804,764.3726987437587,,,,,,,,,,,,,,
163.0,,25990.0,32685.0,6695.0,28990.0,28991.0,28990.25,0.0614776611328125,0.0032769266737159345,0.01,-5.1298961043357887e-05,0.0,0.0,0.0,0.0314306914806366,0.12416880157367684,88.80533456802368,91.19921875,340.86260986328125,2e-05,163.0,0.0,-0.7437499761581421,0.75,-1.0,-0.7437499761581421,0.75,-1.0,-0.0005932211061008275,0.49999797344207764,-1.499993920326233,-0.0005932211061008275,0.49999797344207764,-1.499993920326233,284.4624938964844,847.0,116.0,0.0,284.4624938964844,847.0,116.0,0.0,0.0,1165.050048828125,1276.0,1108.0,0.0,2.8031005058437586e-05,5.764820098876953,8.673949241638184,2.894301652908325,0.25,21.267798834000132,1.0241204060002929,2.3061219139999594,1.5590615599940065,0.0017307560046901926,12.236832091999531,38.39828431899514,2.7166999643668532e-05,0.013444706064918434,0.9345607432438429,0.10552541019825226,1.4925328383596145e-05,115961.0,38.39828431899514,754.9881593448928,,,,,,,,,,,,,,
164.0,,27145.0,32063.0,4918.0,29254.0,29254.0,29254.0,0.07704389840364456,0.0029947241934132765,0.01,2.1946653723716943e-05,0.0,0.0,0.0,0.022358087822794914,0.1255459379733448,88.80533456802368,91.19921875,340.1279296875,2e-05,164.0,0.0,-0.6625000238418579,0.75,-1.0,-0.6625000238418579,0.75,-1.0,-0.0014346231473609805,1.499993920326233,-1.499993920326233,-0.0014346231473609805,1.499993920326233,-1.499993920326233,300.6000061035156,1088.0,111.0,0.0,300.6000061035156,1088.0,111.0,0.0,0.0,1162.0999755859375,1285.0,1104.0,0.0,2.7039000997319818e-05,6.499059200286865,10.786778450012207,3.9514412879943848,0.25,23.45373585299967,1.0565201659992454,2.2821991039963905,1.5946182469997439,0.0017379889977746643,12.224342521993094,40.61579849300324,2.9823000659234822e-05,0.013627352216788678,0.9752884170409045,0.1044672738941093,1.485257569712402e-05,117016.0,40.61579849300324,720.2615998067722,,,,,,,,,,,,,,
165.0,,27885.0,32566.0,4681.0,29959.0,30102.0,29996.0,0.05263182520866394,0.004456591950729489,0.01,0.00015684999525547062,0.0,0.0,0.0,0.013531258329749107,0.12558355032078988,88.80533456802368,91.19921875,352.7450256347656,2e-05,165.0,0.0,-0.793749988079071,-0.5,-1.0,-0.793749988079071,-0.5,-1.0,-0.00047248051851056516,1.499993920326233,-0.49999797344207764,-0.00047248051851056516,1.499993920326233,-0.49999797344207764,330.70001220703125,1375.0,109.0,0.0,330.70001220703125,1375.0,109.0,0.0,0.0,1169.0999755859375,1276.0,1101.0,0.0,2.803099778247997e-05,8.081268310546875,13.42381477355957,4.748291492462158,0.25,26.25344508499984,1.0245410010029445,2.3182539569970686,1.6402601459994912,0.0017724829958751798,12.544064541005355,43.784939013996336,2.8351001674309373e-05,0.013670657304303,0.9923437059646144,0.10454781088316238,1.4772661320469227e-05,119984.0,43.784939013996336,685.0757515138127,,,,,,,,,,,,,,
166.0,,28967.0,32932.0,3965.0,30175.0,30176.0,30175.75,0.05797639489173889,0.003225806970294798,0.01,-0.0007830135896801949,0.0,0.0,0.0,0.034704357385635376,0.12853299867609602,88.80533456802368,91.19921875,346.23822021484375,2e-05,166.0,0.0,-0.5718749761581421,1.0,-1.0,-0.5718749761581421,1.0,-1.0,-0.0007295114919543266,1.4999982118606567,-0.49999943375587463,-0.0007295114919543266,1.4999982118606567,-0.49999943375587463,265.5874938964844,595.0,119.0,0.0,265.5874938964844,595.0,119.0,0.0,0.0,1243.199951171875,1993.0,1101.0,0.0,2.8606998967006803e-05,4.776633262634277,6.141229629516602,3.0720980167388916,0.25,19.03940680300002,0.882434513005137,2.322391190995404,1.5789533209972433,0.001757475001795683,12.340119884996966,36.16766018799535,2.7711001166608185e-05,0.013081309669165169,0.8960985928837022,0.1022354033039524,1.456032577314303e-05,120703.0,36.16766018799535,834.3296149972077,,,,,,,,,,,,,,
167.0,,26059.0,32455.0,6396.0,29274.0,29275.0,29274.5,0.05408397689461708,0.005777549911872484,0.01,-0.00028973095118999486,0.0,0.0,0.0,0.05153532698750496,0.12481915789813644,88.80533456802368,91.19921875,349.802978515625,2e-05,167.0,0.0,-0.6112500429153442,0.75,-1.0,-0.6112500429153442,0.75,-1.0,0.00277961534447968,0.49999797344207764,-1.499993920326233,0.00277961534447968,0.49999797344207764,-1.499993920326233,263.07501220703125,968.0,110.0,0.0,263.07501220703125,968.0,110.0,0.0,0.0,1200.6500244140625,2097.0,1099.0,0.0,2.7775000489782542e-05,6.2575602531433105,9.439244270324707,3.3815431594848633,0.25,22.31776574900141,6.760743763996288,2.323948087003373,1.5896787840028992,0.0018140499960281886,12.307838066997647,45.30446776899771,2.7870999474544078e-05,0.01357562711577396,1.0604279078685455,0.10510715867903506,1.5491724846096334e-05,117098.0,45.30446776899771,646.1724735244064,,,,,,,,,,,,,,
168.0,-0.34834793207656806,28524.0,34382.0,5858.0,31003.0,31004.0,31003.25,0.03927745297551155,0.007353863496100531,0.01,0.0,0.0,0.0,0.0,0.0029643482994288206,0.1322633847831795,88.80533456802368,91.19921875,354.9154052734375,2e-05,168.0,0.0,-0.5925000309944153,1.0,-1.0,-0.5925000309944153,1.0,-1.0,0.0,0.0,0.0,0.0,0.0,0.0,295.51251220703125,1051.0,108.0,0.0,295.51251220703125,1051.0,108.0,0.0,0.0,1254.6500244140625,1993.0,1101.0,0.0,2.892699558287859e-05,8.26144790649414,10.433377265930176,5.0879435539245605,0.25,23.250645829997666,0.9857246760002454,2.324548179996782,1.7056722740016994,0.001748132002830971,12.34745723100059,40.618382220003696,3.4655000490602106e-05,0.013753979615054063,0.9834882547268586,0.09956582963883294,1.4096360888221163e-05,124013.0,40.618382220003696,763.2812609836428,406.6808940519986,,,,,,,,,,,,,
169.0,,29454.0,31244.0,1790.0,30218.0,30219.0,30218.25,0.05303442105650902,0.007325958722503856,0.01,0.0007448872923851015,0.0,0.0,0.0,0.04323748126626015,0.12919952245738714,88.80533456802368,91.19921875,355.05999755859375,2e-05,169.0,0.0,-0.581250011920929,0.75,-1.0,-0.581250011920929,0.75,-1.0,0.006108100060373545,0.8660224080085754,-1.4999948740005493,0.006108100060373545,0.8660224080085754,-1.4999948740005493,297.5625,1158.0,111.0,0.0,297.5625,1158.0,111.0,0.0,0.0,1213.3499755859375,2250.0,1101.0,0.05000000074505806,2.9566996090579778e-05,9.153815269470215,11.241759300231934,4.7482075691223145,0.25,23.245079715998145,64.22255287799635,2.315023896000639,1.671547751997423,0.0017649639994488098,12.30316128100094,103.76204066299397,2.8542999643832445e-05,0.013828958923807822,0.9764788790589433,0.10178585193551032,1.460180519593962e-05,120873.0,103.76204066299397,291.22644280045597,,,,,,,,,,,,,,
170.0,,26589.0,31031.0,4442.0,29295.0,29296.0,29295.75,0.05477432161569595,0.007362540269386955,0.01,-0.0006786335259675979,0.0,0.0,0.0,0.020721642300486565,0.12421238291208354,88.80533456802368,91.19921875,352.810546875,2e-05,170.0,0.0,-0.4050000309944153,0.75,-1.0,-0.4050000309944153,0.75,-1.0,0.0013900180347263813,0.8660224080085754,-0.8660224080085754,0.0013900180347263813,0.8660224080085754,-0.8660224080085754,264.7875061035156,1092.0,119.0,0.0,264.7875061035156,1092.0,119.0,0.0,0.0,1200.0,2007.0,1099.0,0.0,2.8063004720024765e-05,5.568306922912598,10.682633399963379,3.581786870956421,0.25,23.476526424994518,1.0402540790018975,2.364368791000743,1.6162470029958058,0.001795875003153924,12.374307497004338,40.87608946800174,7.420500332955271e-05,0.013792504057720026,1.1082720306375167,0.10559814560989511,1.532538852183272e-05,117183.0,40.87608946800174,716.6964937517578,,,,,,,,,,,,,,
171.0,,26646.0,30085.0,3439.0,28975.0,29155.0,29109.75,0.05183910205960274,0.0054672874792404975,0.01,-0.0010449639707803729,0.0,0.0,0.0,0.047383442521095276,0.1237632590222749,88.80533456802368,91.19921875,355.66766357421875,2e-05,171.0,0.0,-0.628125011920929,1.0,-1.0,-0.628125011920929,1.0,-1.0,0.00588233070448041,1.4999982118606567,-1.499993920326233,0.00588233070448041,1.4999982118606567,-1.499993920326233,228.4375,1130.0,119.0,0.0,228.4375,1130.0,119.0,0.0,0.0,1227.050048828125,2075.0,1101.0,0.0,2.755100285867229e-05,5.4655656814575195,11.079858779907227,3.3847861289978027,0.25,24.027888730000996,1.000289490999421,2.361301529999764,1.6248195380030666,0.0017832360026659444,12.352945974998875,41.37165468100284,2.8895003197249025e-05,0.013954255344026199,1.314795552941231,0.10608941999672683,1.5314765694191333e-05,116439.0,41.37165468100284,703.6158022793975,,,,,,,,,,,,,,
172.0,,28367.0,30758.0,2391.0,29426.0,29428.0,29427.25,0.05717552825808525,0.004575412037083879,0.01,0.0,0.0,0.0,0.0,0.0022497305180877447,0.12474528324887715,88.80533456802368,91.19921875,352.79736328125,2e-05,172.0,0.0,-0.675000011920929,0.75,-1.0,-0.675000011920929,0.75,-1.0,0.0,0.0,0.0,0.0,0.0,0.0,310.4624938964844,1168.0,115.0,0.0,310.4624938964844,1168.0,115.0,0.0,0.0,1160.9000244140625,1276.0,1101.0,0.0,2.8734997613355517e-05,8.667583465576172,11.49388599395752,5.334151268005371,0.25,24.10812976300076,1.155731481994735,2.2985347310022917,1.62935698399815,0.0017393000016454607,12.383874379003828,41.58003093300067,3.043100150534883e-05,0.01384224642124349,0.970653853645801,0.10520754045148482,1.4776270307669428e-05,117709.0,41.58003093300067,707.7255437211468,,,,,,,,,,,,,,
173.0,,28044.0,31975.0,3931.0,30063.0,30077.0,30067.25,0.05456557124853134,0.0041342647460987795,0.01,0.00014582975767552867,0.0,0.0,0.0,0.02481609210371971,0.128356048194692,88.80533456802368,91.19921875,345.97998046875,2e-05,173.0,0.0,-0.5425000190734863,0.75,-1.0,-0.5425000190734863,0.75,-1.0,-0.001650456222705543,0.8660224080085754,-0.8660224080085754,-0.001650456222705543,0.8660224080085754,-0.8660224080085754,301.7124938964844,1275.0,117.0,0.0,301.7124938964844,1275.0,117.0,0.0,0.0,1201.6500244140625,1910.0,1099.0,0.0,2.8895003197249025e-05,7.943112373352051,12.465468406677246,4.536087989807129,0.25,25.178822611000214,0.9409803939997801,2.3105136399972253,1.6998168879945297,0.0017301170009886846,12.312554123003792,42.44707310599915,2.7711001166608185e-05,0.014133458231086395,1.0431628873099479,0.10237512678249418,1.438539441575705e-05,120269.0,42.44707310599915,708.3468375997525,,,,,,,,,,,,,,
174.0,,27072.0,29093.0,2021.0,28254.0,28470.0,28309.0,0.053089845925569534,0.0051758020406123244,0.01,-0.00024707045406103113,0.0,0.0,0.0,0.013201812282204628,0.12034226682345195,88.80533456802368,91.19921875,338.615478515625,2e-05,174.0,0.0,-0.8187500238418579,-0.5,-1.0,-0.8187500238418579,-0.5,-1.0,0.0006168115069158375,1.499993920326233,-0.49999797344207764,0.0006168115069158375,1.499993920326233,-0.49999797344207764,263.45001220703125,1051.0,116.0,0.0,263.45001220703125,1051.0,116.0,0.0,0.0,1152.0,1275.0,1101.0,0.0,2.9471004381775856e-05,6.54075288772583,10.224942207336426,4.8593878746032715,0.25,22.83926552300545,1.0354317739984253,2.28359352699772,1.5659116899987566,0.0017177650006487966,12.315099685998575,40.04365347499697,2.95349964289926e-05,0.013828744303920632,1.0836622472483133,0.10875604653995703,1.516977816815144e-05,113236.0,40.04365347499697,706.9534756032183,,,,,,,,,,,,,,
175.0,,27393.0,29185.0,1792.0,28327.0,28347.0,28333.0,0.0568263977766037,0.008338072989718056,0.01,0.00032874042168259623,0.0,0.0,0.0,0.052956245839595795,0.12106790491197235,88.80533456802368,91.19921875,343.8200988769531,2e-05,175.0,0.0,-0.7749999761581421,0.75,-1.0,-0.7749999761581421,0.75,-1.0,-0.0016495655290782452,0.8660224080085754,-0.8660224080085754,-0.0016495655290782452,0.8660224080085754,-0.8660224080085754,262.5,1089.0,102.0,0.0,262.5,1089.0,102.0,0.0,0.0,1154.1500244140625,1273.0,1101.0,0.0,2.6047004212159663e-05,7.0002923011779785,10.566413879394531,4.390407562255859,0.25,23.51892161199794,1.1168036500021117,2.310164361995703,1.551668273001269,0.0017017979989759624,12.2571327379992,40.758975000004284,2.7934998797718436e-05,0.013691351718854949,1.119948648190378,0.1081524435993294,1.5016041356156799e-05,113332.0,40.758975000004284,695.1352432193651,,,,,,,,,,,,,,
176.0,,25317.0,33663.0,8346.0,29195.0,29195.0,29195.0,0.049207668751478195,0.007150446259183809,0.01,-0.0004922645539045334,0.0,0.0,0.0,0.044655691832304,0.12445871516755483,88.80533456802368,91.19921875,349.49810791015625,2e-05,176.0,0.0,-0.3125,1.0,-1.0,-0.3125,1.0,-1.0,0.0040164850652217865,0.8660224080085754,-0.8660224080085754,0.0040164850652217865,0.8660224080085754,-0.8660224080085754,253.35000610351562,842.0,111.0,0.0,253.35000610351562,842.0,111.0,0.0,0.0,1206.4000244140625,1982.0,1101.0,0.0,2.7743000828195363e-05,5.566411018371582,8.354011535644531,3.061877489089966,0.25,21.115986786004214,1.095657038000354,2.306400752000627,1.5739195440037292,0.0017372840011375956,12.307744540004933,38.40405132799788,3.0335002520587295e-05,0.013477646377836352,1.0418387007106875,0.10539257184453615,1.4876554214228427e-05,116780.0,38.40405132799788,760.2062540395533,,,,,,,,,,,,,,
177.0,,25569.0,30033.0,4464.0,28150.0,29037.0,28409.5,0.05332992970943451,0.007597480571712367,0.01,0.0003076078603044145,0.0,0.0,0.0,0.04828152805566788,0.10768987071796493,88.80533456802368,91.19921875,352.0082702636719,2e-05,177.0,0.0,-0.706250011920929,0.75,-1.0,-0.706250011920929,0.75,-1.0,-0.11414593458175659,0.8660224080085754,-1.499993920326233,-0.11414593458175659,0.8660224080085754,-1.499993920326233,272.4750061035156,2250.0,114.0,0.012500000186264515,272.4750061035156,2250.0,114.0,0.012500000186264515,0.0,1148.0,1283.0,1101.0,0.0,2.774299355223775e-05,9.9094877243042,21.4710693359375,2.693942070007324,0.25,34.41966017999948,1.129936555000313,2.6596231130024535,1.6237297569969087,0.0017797789987525903,13.830981120001525,53.66826980699989,2.8734997613355517e-05,0.014288616105500878,1.5790283594824976,0.12171088121932386,1.566182965867571e-05,113638.0,53.66826980699989,529.3537522667552,,,,,,,,,,,,,,
178.0,,26643.0,32888.0,6245.0,29712.0,29714.0,29713.25,0.06440563499927521,0.004035739938844926,0.01,-0.0013708066567778587,0.0,0.0,0.0,0.060231566429138184,0.12601273811470348,88.80533456802368,91.19921875,347.70123291015625,2e-05,178.0,0.0,-0.628125011920929,1.0,-1.0,-0.628125011920929,1.0,-1.0,-0.0019511026330292225,1.4999982118606567,-0.8660224080085754,-0.0019511026330292225,1.4999982118606567,-0.8660224080085754,285.8125,976.0,123.0,0.0,285.8125,976.0,123.0,0.0,0.0,1199.8499755859375,2014.0,1105.0,0.0,2.819100336637348e-05,7.294230937957764,9.638337135314941,3.349848508834839,0.25,22.58477121499891,0.9335465359981754,2.322648774999834,1.6188585329946363,0.0017547559982631356,12.383709680994798,39.847864032999496,2.7743000828195363e-05,0.013620678762796365,0.9877442035862195,0.10419349684900506,1.4764086714370992e-05,118853.0,39.847864032999496,745.6673204715153,,,,,,,,,,,,,,
179.0,,27355.0,30459.0,3104.0,28218.0,28308.0,28263.25,0.07062485814094543,0.006618591594742611,0.01,-0.00043301485478878035,0.0,0.0,0.0,0.043320268392562866,0.1203935990843187,88.80533456802368,91.19921875,342.8983154296875,2e-05,179.0,0.0,-0.4124999940395355,1.0,-1.0,-0.4124999940395355,1.0,-1.0,0.012591183185577393,1.499993920326233,-1.499993920326233,0.012591183185577393,1.499993920326233,-1.499993920326233,224.3625030517578,797.0,104.0,0.0,224.3625030517578,797.0,104.0,0.0,0.0,1188.800048828125,2115.0,1097.0,0.0,3.097499575233087e-05,5.339414596557617,7.78482723236084,3.276137113571167,0.25,20.485495402004744,1.0206974949978758,2.3506889949931065,1.5279660609958228,0.0017803219961933792,12.302451233998,37.69164137200278,2.873500488931313e-05,0.013515484427620876,1.1413168088475538,0.10882021029073088,1.574767583516916e-05,113053.0,37.69164137200278,749.8545823741665,,,,,,,,,,,,,,
180.0,,27160.0,30726.0,3566.0,28637.0,28637.0,28637.0,0.05138351395726204,0.0070838954905048015,0.01,0.0,0.0,0.0,0.0,0.005787775386124849,0.12016986191812021,88.80533456802368,91.19921875,354.5855712890625,2e-05,180.0,0.0,-0.4675000309944153,0.75,-1.0,-0.4675000309944153,0.75,-1.0,0.0,0.0,0.0,0.0,0.0,0.0,242.14999389648438,1037.0,117.0,0.0,242.14999389648438,1037.0,117.0,0.0,0.0,1189.699951171875,2020.0,1099.0,0.0,2.905500150518492e-05,5.397180080413818,10.26362419128418,3.123684883117676,0.25,22.943955886999902,6.103618301000097,2.3835839169987594,1.5911994760026573,0.001719045001664199,12.49046327600081,45.51711056700151,2.8063004720024765e-05,0.013891115305397364,1.1843875638550434,0.10904130387261943,1.5007202235431425e-05,114548.0,45.51711056700151,629.1480202339762,,,,,,,,,,,,,,
181.0,,25424.0,34490.0,9066.0,29573.0,30116.0,29844.5,0.05359656363725662,0.006857003852492198,0.01,0.0007514335215091708,0.0,0.0,0.0,0.07073991745710373,0.12530487212520464,88.80533456802368,91.19921875,373.3077392578125,2e-05,181.0,0.0,-0.8062499761581421,0.75,-1.0,-0.8062499761581421,0.75,-1.0,-0.08374414592981339,1.499993920326233,-1.499993920326233,-0.08374414592981339,1.499993920326233,-1.499993920326233,327.57501220703125,2250.0,109.0,0.02500000037252903,327.57501220703125,2250.0,109.0,0.02500000037252903,0.0,1164.6500244140625,1285.0,1099.0,0.0,2.867099829018116e-05,9.844376564025879,21.61688995361328,2.7267327308654785,0.25,34.26728906000062,1.0352998210000806,2.3773824340023566,1.66899332000321,0.001706341005046852,12.541411655001866,51.894715244998224,2.9535003704950213e-05,0.013980744525818913,1.307612342974915,0.10505630564259634,1.429359685240875e-05,119378.0,51.894715244998224,575.0970953227555,,,,,,,,,,,,,,
182.0,-0.3419785053961596,26366.0,34300.0,7934.0,29002.0,29002.0,29002.0,0.06245763227343559,0.006596986840013415,0.01,0.0003967725113034247,0.0,0.0,0.0,0.029693737626075745,0.12231491872925082,88.80533456802368,91.19921875,345.24847412109375,2e-05,182.0,0.0,-0.5612500309944153,0.75,-1.0,-0.5612500309944153,0.75,-1.0,-0.0013730900827795267,0.49999797344207764,-1.499993920326233,-0.0013730900827795267,0.49999797344207764,-1.499993920326233,259.45001220703125,1198.0,111.0,0.0,259.45001220703125,1198.0,111.0,0.0,0.0,1190.6500244140625,2098.0,1097.0,0.0,2.7934998797718436e-05,7.724643707275391,11.764008522033691,2.492546558380127,0.25,24.42078043500078,1.207539169001393,2.310969070000283,1.582053578000341,0.001731555996229872,12.446244495004066,41.97194688599848,3.443099558353424e-05,0.013637452399837434,1.1765648696762758,0.10728781200437958,1.4926177472500794e-05,116008.0,41.97194688599848,690.9853402505579,405.77772150900273,,,,,,,,,,,,,
183.0,,27285.0,30208.0,2923.0,28935.0,28936.0,28935.75,0.057319626212120056,0.006088170639122837,0.01,-0.00011230815201997771,0.0,0.0,0.0,0.03295455127954483,0.12279897528329212,88.80533456802368,91.19921875,338.60589599609375,2e-05,183.0,0.0,-0.42375001311302185,1.0,-1.0,-0.42375001311302185,1.0,-1.0,0.016216056421399117,1.499993920326233,-0.8660224080085754,0.016216056421399117,1.499993920326233,-0.8660224080085754,220.8874969482422,507.0,105.0,0.0,220.8874969482422,507.0,105.0,0.0,0.0,1225.9000244140625,1980.0,1103.0,0.0,2.7519003197085112e-05,4.50331974029541,5.18652868270874,4.137716770172119,0.25,17.837418436000007,56.941036154996254,2.2990046680060914,1.5471525749962893,0.0017762610004865564,12.355212322996522,90.98493934600265,2.806299744406715e-05,0.013367137321447425,1.0094176014939735,0.10674695077021092,1.5346595478660103e-05,115743.0,90.98493934600265,318.0279088823866,,,,,,,,,,,,,,
184.0,,27002.0,33710.0,6708.0,30601.0,30602.0,30601.5,0.053552936762571335,0.008574013963516336,0.01,-0.00021590964868664752,0.0,0.0,0.0,0.05360981822013855,0.13079194081612186,88.80533456802368,91.19921875,355.07781982421875,2e-05,184.0,0.0,-0.24375000596046448,1.0,-1.0,-0.24375000596046448,1.0,-1.0,0.0010977900819852948,0.8660245537757874,-0.8660245537757874,0.0010977900819852948,0.8660245537757874,-0.8660245537757874,246.52499389648438,946.0,89.0,0.0,246.52499389648438,946.0,89.0,0.0,0.0,1283.550048828125,2128.0,1099.0,0.0,2.78389998129569e-05,5.694250106811523,9.519530296325684,3.7369813919067383,0.25,22.233719953001128,0.9640980249969289,2.3115003740022075,1.6593424249949749,0.0017656689960858785,12.32000648000394,39.49307517299894,2.924699947470799e-05,0.013556054645973032,1.1273562495183616,0.10064871395196265,1.4424693202015247e-05,122406.0,39.49307517299894,774.857360839856,,,,,,,,,,,,,,
185.0,,27256.0,29378.0,2122.0,27919.0,27937.0,27924.0,0.05919888988137245,0.005543297437834553,0.01,-0.0007540874741971493,0.0,0.0,0.0,0.03660905361175537,0.11958985259821567,88.80533456802368,91.19921875,333.1810607910156,2e-05,185.0,0.0,-0.6968749761581421,0.75,-1.0,-0.6968749761581421,0.75,-1.0,0.0036956877447664738,1.4999982118606567,-1.499993920326233,0.0036956877447664738,1.4999982118606567,-1.499993920326233,248.60000610351562,805.0,110.0,0.0,248.60000610351562,805.0,110.0,0.0,0.0,1147.5999755859375,1227.0,1099.0,0.0,2.719899930525571e-05,5.528623104095459,8.013647079467773,3.8713696002960205,0.25,20.644252067999332,1.147297092997178,2.2435829189998913,1.517437787995732,0.0017080059988074936,12.210906858999806,37.76781213199865,2.7966998459305614e-05,0.013585426407353279,1.0380255464601433,0.10932268710607189,1.5291559221525332e-05,111696.0,37.76781213199865,739.3597464000698,,,,,,,,,,,,,,
186.0,,28413.0,30273.0,1860.0,29398.0,29399.0,29398.25,0.05879638344049454,0.005439921991201119,0.01,0.0,0.0,0.0,0.0,0.00409680837765336,0.12616472092832984,88.80533456802368,91.19921875,348.2756042480469,2e-05,186.0,0.0,-0.574999988079071,1.0,-1.0,-0.574999988079071,1.0,-1.0,0.0,0.0,0.0,0.0,0.0,0.0,287.4125061035156,1047.0,110.0,0.0,287.4125061035156,1047.0,110.0,0.0,0.0,1182.5,1706.0,1101.0,0.0,2.780700015136972e-05,7.01486873626709,10.20896053314209,3.2651681900024414,0.25,23.009309629997006,1.1114214420013013,2.274737648003793,1.584633983002277,0.0018258580021210946,12.228498802003742,40.21310522300337,2.8158996428828686e-05,0.013475580884935983,1.0007093302308097,0.10399002323270723,1.552692764128047e-05,117593.0,40.21310522300337,731.0614248009657,,,,,,,,,,,,,,
187.0,,26402.0,33271.0,6869.0,29562.0,29571.0,29567.75,0.0640931949019432,0.006124822308775038,0.01,0.0007188919186592105,0.0,0.0,0.0,0.07151160389184952,0.12741894994668873,88.80533456802368,91.19921875,354.13494873046875,2e-05,187.0,0.0,-0.518750011920929,1.0,-1.0,-0.518750011920929,1.0,-1.0,0.0009082170436158776,0.8660241961479187,-1.499993920326233,0.0009082170436158776,0.8660241961479187,-1.499993920326233,286.98748779296875,1061.0,112.0,0.0,286.98748779296875,1061.0,112.0,0.0,0.0,1191.4000244140625,1889.0,1099.0,0.0,2.694300201255828e-05,7.658444404602051,10.512602806091309,3.679931640625,0.25,23.184842420996574,0.9011982390002231,2.265760397000122,1.564419532995089,0.0017477810033597052,12.184760989999631,40.10546421300387,2.8223003027960658e-05,0.013227414437986395,1.009836770808684,0.10302408020562633,1.477776465371651e-05,118271.0,40.10546421300387,737.2499129535795,,,,,,,,,,,,,,
188.0,,27881.0,35649.0,7768.0,30824.0,31507.0,31104.0,0.0444631464779377,0.006555809188112108,0.01,-2.5567598640920466e-06,0.0,0.0,0.0,0.06019030511379242,0.1325700371164501,92.26108169555664,93.783203125,378.57952880859375,2e-05,188.0,0.0,-0.4756249785423279,1.0,-1.0,-0.4756249785423279,1.0,-1.0,-0.08738891780376434,0.8660245537757874,-1.4999982118606567,-0.08738891780376434,0.8660245537757874,-1.4999982118606567,293.8999938964844,2250.0,109.0,0.012500000186264515,293.8999938964844,2250.0,109.0,0.012500000186264515,0.0,1261.300048828125,2250.0,1104.0,0.10000000149011612,4.470300336834043e-05,12.239395141601562,21.485897064208984,4.043920993804932,0.25,34.0142538220025,1.0383029600052396,2.354518836000352,1.7343641059997026,0.0018522559985285625,12.388810485004797,51.534819426997274,2.7998998120892793e-05,0.013940040718233206,1.4466763279177655,0.09957570155771603,1.488760286883168e-05,124416.0,51.534819426997274,603.5530995516734,,,,,,,,,,,,,,
189.0,,26407.0,30287.0,3880.0,28542.0,28565.0,28553.25,0.06049901992082596,0.003608144375029952,0.01,-0.00017091207206249248,0.0,0.0,0.0,0.038894206285476685,0.12318229807123825,92.26108169555664,93.783203125,337.5506591796875,2e-05,189.0,0.0,-0.6031249761581421,0.75,-1.0,-0.6031249761581421,0.75,-1.0,-9.258177306037396e-05,0.49999943375587463,-1.4999982118606567,-9.258177306037396e-05,0.49999943375587463,-1.4999982118606567,270.01251220703125,848.0,110.0,0.0,270.01251220703125,848.0,110.0,0.0,0.0,1157.6500244140625,1269.0,1105.0,0.0,2.7166999643668532e-05,6.11247444152832,8.439847946166992,3.736701726913452,0.25,20.86686147799628,1.013908884000557,2.2648822019982617,1.5101058399959584,0.0017864670007838868,12.137772702997609,37.798024584000814,2.8542999643832445e-05,0.013221838494706893,0.9660136789035823,0.10627312742855549,1.5641538185529553e-05,114213.0,37.798024584000814,755.4164619514547,,,,,,,,,,,,,,
190.0,,30103.0,33687.0,3584.0,31623.0,31624.0,31623.75,0.04566049575805664,0.0026763281227522384,0.01,0.0,0.0,0.0,0.0,0.0020598650444298983,0.13405592750974302,92.26108169555664,93.783203125,356.4351806640625,2e-05,190.0,0.0,-0.675000011920929,1.0,-1.0,-0.675000011920929,1.0,-1.0,0.0,0.0,0.0,0.0,0.0,0.0,347.13751220703125,1033.0,118.0,0.0,347.13751220703125,1033.0,118.0,0.0,0.0,1234.050048828125,2119.0,1103.0,0.0,2.9214999813120812e-05,8.199420928955078,10.50072956085205,4.429738521575928,0.25,23.036565810005413,0.8974202079989482,2.3182326559981448,1.7190536350026377,0.0017114290021709166,12.44013224599621,40.4158294900044,2.8287002351135015e-05,0.013589893948398258,0.8295187717404996,0.09834485351987202,1.3529617788615492e-05,126495.0,40.4158294900044,782.4595065609418,,,,,,,,,,,,,,
191.0,,28575.0,29971.0,1396.0,29302.0,29303.0,29302.25,0.06452114135026932,0.007065214306348935,0.01,0.0008300832193344829,0.0,0.0,0.0,0.0486471988260746,0.12430887864306839,92.26108169555664,93.783203125,356.6007080078125,2e-05,191.0,0.0,-0.5874999761581421,0.75,-1.0,-0.5874999761581421,0.75,-1.0,0.007801998872309923,1.4999982118606567,-1.4999982118606567,0.007801998872309923,1.4999982118606567,-1.4999982118606567,306.61248779296875,1098.0,111.0,0.0,306.61248779296875,1098.0,111.0,0.0,0.0,1158.5,1286.0,1105.0,0.0,2.8351001674309373e-05,8.916805267333984,10.583298683166504,4.359228134155273,0.25,23.388488534001226,1.0224745089944918,2.3096162410001853,1.6708554200013168,0.0017344689986202866,12.376700829001493,40.77257624499907,2.8479000320658088e-05,0.01425535086897181,0.9535035482082933,0.1055951405523594,1.479808716583442e-05,117209.0,40.77257624499907,718.675460287944,,,,,,,,,,,,,,
192.0,,28975.0,35629.0,6654.0,31590.0,31592.0,31591.25,0.049968406558036804,0.004273511077701713,0.01,-0.0013143979758024216,0.0,0.0,0.0,0.015986664220690727,0.13489020282347708,92.26108169555664,93.783203125,357.85888671875,2e-05,192.0,0.0,-0.3737500309944153,1.0,-1.0,-0.3737500309944153,1.0,-1.0,-0.0007230911869555712,0.49999797344207764,-1.499993920326233,-0.0007230911869555712,0.49999797344207764,-1.499993920326233,311.1625061035156,1348.0,116.0,0.0,311.1625061035156,1348.0,116.0,0.0,0.0,1268.4000244140625,2250.0,1101.0,0.05000000074505806,2.78389998129569e-05,8.608592987060547,13.195523262023926,6.205626487731934,0.25,26.092050785002357,0.9604259390034713,2.352782736001245,1.7055324759930954,0.0017920350001077168,12.353597256995272,43.46890235000319,2.8158996428828686e-05,0.013496873944471138,1.0481681912586813,0.0977612254737884,1.4181418906403804e-05,126365.0,43.46890235000319,726.7551811093219,,,,,,,,,,,,,,
193.0,,26745.0,32263.0,5518.0,29339.0,29340.0,29339.25,0.06179830804467201,0.005060120567213744,0.01,0.00018123796209692928,0.0,0.0,0.0,0.07607059925794601,0.11594554639238709,92.26108169555664,93.783203125,349.7931823730469,2e-05,193.0,0.0,-0.581250011920929,1.0,-1.0,-0.581250011920929,1.0,-1.0,-0.0031053824350237846,0.8660245537757874,-0.8660245537757874,-0.0031053824350237846,0.8660245537757874,-0.8660245537757874,257.9624938964844,886.0,112.0,0.0,257.9624938964844,886.0,112.0,0.0,0.0,1209.0,2151.0,1101.0,0.0,2.937500539701432e-05,6.400568008422852,8.826976776123047,4.25299596786499,0.25,21.438645911002823,0.9579332560024341,2.311894944999949,1.640047061999212,0.0017303409986197948,13.277408761998231,39.630329335996066,2.934300573542714e-05,0.013974855032074882,1.0388450797597917,0.1131369135373112,1.4744250437722462e-05,117357.0,39.630329335996066,740.3231437027518,,,,,,,,,,,,,,
194.0,,27325.0,30821.0,3496.0,28946.0,28947.0,28946.75,0.060277845710515976,0.0034841407532803714,0.01,-0.00022831156849861117,0.0,0.0,0.0,0.04752017557621002,0.12246900661094395,92.26108169555664,93.783203125,342.5791015625,2e-05,194.0,0.0,-0.731249988079071,0.75,-1.0,-0.731249988079071,0.75,-1.0,0.002961827674880624,1.499993920326233,-1.499993920326233,0.002961827674880624,1.499993920326233,-1.499993920326233,285.2875061035156,768.0,92.0,0.0,285.2875061035156,768.0,92.0,0.0,0.0,1162.050048828125,1285.0,1097.0,0.0,2.8927002858836204e-05,6.297438144683838,7.749504089355469,4.728630065917969,0.25,20.353175804004422,1.0387609370009159,2.339236127001641,1.5679747809990658,0.0018096339990734123,12.389321706003102,37.69299668800522,2.8158996428828686e-05,0.013541889685362483,0.8917835430926881,0.10700097339082196,1.5628991156808727e-05,115787.0,37.69299668800522,767.9609620747273,,,,,,,,,,,,,,
195.0,,25063.0,32031.0,6968.0,28823.0,29180.0,28925.75,0.052385371178388596,0.010234118582447991,0.01,-0.0006060670688748361,0.0,0.0,0.0,0.023272277787327766,0.12192576132159691,92.26108169555664,93.783203125,351.35406494140625,2e-05,195.0,0.0,-0.3375000059604645,0.75,-1.0,-0.3375000059604645,0.75,-1.0,0.00331852026283741,1.499993920326233,-1.499993920326233,0.00331852026283741,1.499993920326233,-1.499993920326233,284.38751220703125,1658.0,111.0,0.0,284.38751220703125,1658.0,111.0,0.0,0.0,1161.9000244140625,1287.0,1097.0,0.0,2.9566996090579778e-05,7.838129043579102,16.120094299316406,1.8728479146957397,0.25,28.53851596500317,1.0933775340017746,2.308767791997525,1.5763516149963834,0.0018260500000906177,12.44775258700247,45.969507282999984,2.6911002350971103e-05,0.013624120506783605,1.2543851243902762,0.10758366323260822,1.5782218266515283e-05,115703.0,45.969507282999984,629.2377645452174,,,,,,,,,,,,,,
196.0,-0.3340167219803971,26964.0,35883.0,8919.0,30282.0,30998.0,30461.0,0.04344623535871506,0.00549928282853216,0.01,0.0008236169815063474,0.0,0.0,0.0,0.03432130813598633,0.1291259670234164,92.26108169555664,93.783203125,365.85626220703125,2e-05,196.0,0.0,-0.5012499690055847,1.0,-1.0,-0.5012499690055847,1.0,-1.0,-0.10448924452066422,0.8660229444503784,-1.499993920326233,-0.10448924452066422,0.8660229444503784,-1.499993920326233,283.3500061035156,2250.0,114.0,0.012500000186264515,283.3500061035156,2250.0,114.0,0.012500000186264515,0.0,1239.699951171875,2110.0,1099.0,0.0,2.9439004720188677e-05,7.9782915115356445,22.042139053344727,2.970527410507202,0.25,34.68011952799861,0.9747973689954961,2.3436545119984658,1.6245537319991854,0.001783555002475623,12.432561404995795,52.06018581499666,3.631900472100824e-05,0.013333063031410537,1.5299152782776873,0.10203671420009024,1.4638020768159475e-05,121844.0,52.06018581499666,585.1112423656638,408.8312429409998,,,,,,,,,,,,,
197.0,,28061.0,35333.0,7272.0,30805.0,30807.0,30806.0,0.058132871985435486,0.0036047594470437613,0.01,-0.0007206417992711066,0.0,0.0,0.0,0.0524376705288887,0.1320444884445003,92.26108169555664,93.783203125,353.7718505859375,2e-05,197.0,0.0,-0.621874988079071,0.75,-1.0,-0.621874988079071,0.75,-1.0,0.0025549745187163353,1.4999982118606567,-1.4999982118606567,0.0025549745187163353,1.4999982118606567,-1.4999982118606567,354.70001220703125,1469.0,123.0,0.0,354.70001220703125,1469.0,123.0,0.0,0.0,1185.5999755859375,1281.0,1099.0,0.0,3.385399759281427e-05,8.372642517089844,14.64350414276123,3.9278054237365723,0.25,32.04621041399514,62.66855162999855,2.28968521799834,1.6707326769974316,0.0017683559999568388,12.279433961004543,110.95955466099986,2.8063004720024765e-05,0.013558500592396218,1.1293420642090197,0.0996513176086196,1.4350743361332523e-05,123224.0,110.95955466099986,277.63269322878523,,,,,,,,,,,,,,
198.0,,26875.0,31961.0,5086.0,29400.0,30175.0,29594.75,0.054093219339847565,0.004012135267257691,0.01,0.0,0.0,0.0,0.0,0.006953217089176178,0.12690839129395193,92.26108169555664,93.783203125,353.1707763671875,2e-05,198.0,0.0,-0.7749999761581421,-0.5,-1.0,-0.7749999761581421,-0.5,-1.0,0.0,0.0,0.0,0.0,0.0,0.0,313.5874938964844,2250.0,125.0,0.012500000186264515,313.5874938964844,2250.0,125.0,0.012500000186264515,0.0,1166.1500244140625,1286.0,1101.0,0.0,2.8510999982245266e-05,10.8887357711792,21.45322036743164,3.2887511253356934,0.25,33.74898817200301,1.0283953089965507,2.3091386209998745,1.6338977289997274,0.001771780000126455,12.263887776003685,50.98876835199917,3.043100150534883e-05,0.013802259936303967,1.3452779595807793,0.1035985079786422,1.496701273136667e-05,118379.0,50.98876835199917,580.4170399977831,,,,,,,,,,,,,,
199.0,,26126.0,35208.0,9082.0,29855.0,29857.0,29856.5,0.04995955899357796,0.00685580926365219,0.01,-0.0002112223953008653,0.0,0.0,0.0,0.050818026065826416,0.1266132713471344,92.26108169555664,93.783203125,355.01548767089844,2e-05,199.0,0.0,-0.4905000329017639,0.75,-1.0,-0.4905000329017639,0.75,-1.0,-0.001473805750720203,0.8660245537757874,-0.8660245537757874,-0.001473805750720203,0.8660245537757874,-0.8660245537757874,264.42498779296875,829.0,115.0,0.0,264.42498779296875,829.0,115.0,0.0,0.0,1228.4000244140625,1952.0,1099.0,0.0,2.8798996936529875e-05,5.379401683807373,8.279118537902832,3.254464626312256,0.25,20.49116607200267,1.1724913840007503,2.311199914998724,1.6395052070001839,0.0017474289998062886,12.386264125001617,38.00512421299936,2.9695002012886107e-05,0.013728209996149782,0.9686662603764145,0.10371497098623095,1.4631897575120063e-05,119426.0,38.00512421299936,785.5914332148877,,,,,,,,,,,,,,
200.0,,27099.0,33550.0,6451.0,29909.0,29910.0,29909.25,0.04375462979078293,0.0057898910730727945,0.01,0.0002665003295987841,0.0,0.0,0.0,0.0396638885140419,0.12845477494138094,92.26108169555664,93.783203125,346.0926513671875,2e-05,200.0,0.0,-0.3737500011920929,1.0,-1.0,-0.3737500011920929,1.0,-1.0,-0.0030031236819922924,0.8660245537757874,-0.8660245537757874,-0.0030031236819922924,0.8660245537757874,-0.8660245537757874,201.8625030517578,449.0,100.0,0.0,201.8625030517578,449.0,100.0,0.0,0.0,1293.5999755859375,2250.0,1105.0,0.05000000074505806,2.9759001336060464e-05,3.6119723320007324,4.6984663009643555,2.140963077545166,0.25,17.01696159200219,14.74140069099667,2.304477648001921,1.6108164219986065,0.0017783400035114028,12.25806907099468,47.93626277200383,4.300699947634712e-05,0.01346419938646578,1.0537470798193194,0.10246051866057056,1.4864465035995575e-05,119637.0,47.93626277200383,623.9378764726705,,13.925173053001345,,,,,,,,,,,,
201.0,,27608.0,29858.0,2250.0,29060.0,29067.0,29062.0,0.05404677242040634,0.0055734833225142225,0.01,6.705708801746022e-06,0.0,0.0,0.0,0.05272664129734039,0.12397305040891725,92.26108169555664,93.783203125,343.43646240234375,2e-05,201.0,0.0,-0.6468750238418579,0.75,-1.0,-0.6468750238418579,0.75,-1.0,0.0029549533501267433,1.4999982118606567,-1.4999948740005493,0.0029549533501267433,1.4999982118606567,-1.4999948740005493,259.70001220703125,1015.0,112.0,0.0,259.70001220703125,1015.0,112.0,0.0,0.0,1193.4000244140625,1971.0,1105.0,0.0,2.4414999643340707e-05,5.941089153289795,9.887848854064941,3.1001594066619873,0.25,22.611876570997993,0.9549693410008331,2.293249302994809,1.6053660800025682,0.0017500199974165298,12.29169232500135,39.761559036996914,2.892699558287859e-05,0.01380983827680965,1.0883652565940505,0.10573680686980721,1.5054194458541478e-05,116248.0,39.761559036996914,730.9069539491321,,,,,,,,,,,,,,
202.0,,28759.0,33638.0,4879.0,30182.0,30183.0,30182.5,0.05287551507353783,0.002349495267844759,0.01,0.0005531717091798782,0.0,0.0,0.0,0.03474804013967514,0.12212461036098016,92.26108169555664,93.783203125,356.53839111328125,2e-05,202.0,0.0,-0.559374988079071,1.0,-1.0,-0.559374988079071,1.0,-1.0,-0.006566965952515602,1.4999982118606567,-1.499993920326233,-0.006566965952515602,1.4999982118606567,-1.499993920326233,288.375,998.0,101.0,0.0,288.375,998.0,101.0,0.0,0.0,1220.75,2242.0,1106.0,0.0,2.915099321398884e-05,7.968618869781494,9.747672080993652,4.515417098999023,0.25,22.392430765001336,0.9488002290017903,2.322373469003651,1.6511913770009414,0.0018050569997285493,12.991892905003624,40.3111940289964,2.7966998459305614e-05,0.013676728046060974,0.9706298554400232,0.1076111397747339,1.4951188600418697e-05,120730.0,40.3111940289964,748.7374345272261,,,,,,,,,,,,,,
203.0,,25586.0,29957.0,4371.0,28068.0,28069.0,28068.5,0.07272516191005707,0.010974416026147082,0.01,3.5107471048831906e-05,0.0,0.0,0.0,0.031867615878582,0.10764562453164653,92.26108169555664,93.783203125,345.92572021484375,2e-05,203.0,0.0,-0.32499998807907104,0.75,-1.0,-0.32499998807907104,0.75,-1.0,0.0013676992384716868,1.499993920326233,-0.8660245537757874,0.0013676992384716868,1.499993920326233,-0.8660245537757874,255.5749969482422,756.0,110.0,0.0,255.5749969482422,756.0,110.0,0.0,0.0,1147.8499755859375,1279.0,1099.0,0.0,2.6847003027796745e-05,5.969020843505859,7.649117469787598,3.1900134086608887,0.25,20.748026339999342,1.0519457880000118,2.3576500640047016,1.5352978779992554,0.001694532998953946,13.641985818001558,39.33924644000217,2.9087001166772097e-05,0.013674562926405539,1.0147719035507845,0.12150618859220798,1.5092835375545059e-05,112274.0,39.33924644000217,713.4986696506343,,,,,,,,,,,,,,
204.0,,27760.0,31198.0,3438.0,29366.0,29366.0,29366.0,0.058365970849990845,0.005107296797214076,0.01,0.0007828770950436593,0.0,0.0,0.0,0.062676340341568,0.12407842494789051,92.26108169555664,93.783203125,354.2177429199219,2e-05,204.0,0.0,-0.6518750190734863,0.75,-1.0,-0.6518750190734863,0.75,-1.0,-0.0011670853709802032,0.49999943375587463,-1.4999982118606567,-0.0011670853709802032,0.49999943375587463,-1.4999982118606567,257.04998779296875,1042.0,111.0,0.0,257.04998779296875,1042.0,111.0,0.0,0.0,1211.25,2112.0,1107.0,0.0,2.735900488914922e-05,6.56675910949707,10.121729850769043,3.9626076221466064,0.25,22.811423230996297,1.0660135809957865,2.34775124299631,1.6368872509992798,0.0017913930059876293,12.42402083199704,40.29055716599396,2.7582995244301856e-05,0.01393522484335013,1.1092892059422437,0.10576875325203501,1.525057043849715e-05,117464.0,40.29055716599396,728.8556442397747,,,,,,,,,,,,,,
205.0,,28110.0,33465.0,5355.0,30829.0,30830.0,30829.5,0.05842629447579384,0.00580487620942705,0.01,0.001136739533394575,0.0,0.0,0.0,0.045888543128967285,0.13226312421091124,92.26108169555664,93.783203125,359.34210205078125,2e-05,205.0,0.0,-0.30687499046325684,1.0,-1.0,-0.30687499046325684,1.0,-1.0,0.0004229800251778215,0.8660224080085754,-1.4999982118606567,0.0004229800251778215,0.8660224080085754,-1.4999982118606567,247.72500610351562,667.0,110.0,0.0,247.72500610351562,667.0,110.0,0.0,0.0,1293.75,2250.0,1103.0,0.10000000149011612,2.7166999643668532e-05,5.2173871994018555,6.843435764312744,3.9097330570220947,0.25,19.4683440039953,0.8997763750012382,2.333582674000354,1.6525514480017591,0.0017437479982618243,12.279690326999116,36.63837308999791,2.988699998240918e-05,0.013400731831539265,0.9823566456754111,0.09957743660292184,1.4140255260885063e-05,123318.0,36.63837308999791,841.4538474257826,,,,,,,,,,,,,,
206.0,,27040.0,28117.0,1077.0,27432.0,27523.0,27455.0,0.05300768464803696,0.0030876601935597137,0.01,0.0,0.0,0.0,0.0,0.002739593619480729,0.11739768520080451,92.26108169555664,93.783203125,328.49346923828125,2e-05,206.0,0.0,-0.800000011920929,-0.5,-1.0,-0.800000011920929,-0.5,-1.0,0.0,0.0,0.0,0.0,0.0,0.0,234.9499969482422,680.0,132.0,0.0,234.9499969482422,680.0,132.0,0.0,0.0,1137.800048828125,1220.0,1108.0,0.0,2.7103000320494175e-05,5.00639533996582,6.7261481285095215,4.081942081451416,0.25,19.538727567000024,1.1428927739980281,2.2860966730004293,1.4647839129975182,0.0017138280018116347,12.220251973005361,36.65715706800256,2.9438997444231063e-05,0.013338043279889985,1.0395151929665898,0.11127528658719141,1.5605791311342512e-05,109820.0,36.65715706800256,748.9669738727509,,,,,,,,,,,,,,
207.0,,27113.0,32288.0,5175.0,28484.0,29898.0,28838.5,0.05644039437174797,0.00437504923902452,0.01,0.000871753077954053,0.0,0.0,0.0,0.048779867589473724,0.12327771074293764,92.26108169555664,93.783203125,352.05224609375,2e-05,207.0,0.0,-0.6968749761581421,0.75,-1.0,-0.6968749761581421,0.75,-1.0,-0.11535914242267609,1.499993920326233,-1.4999982118606567,-0.11535914242267609,1.499993920326233,-1.4999982118606567,288.17498779296875,2250.0,123.0,0.012500000186264515,288.17498779296875,2250.0,123.0,0.012500000186264515,0.0,1153.75,1286.0,1099.0,0.0,2.7679001505021006e-05,8.793317794799805,21.569791793823242,3.9904115200042725,0.25,34.242224718000216,1.060893762994965,2.568638087999716,1.5887027200005832,0.0018039060014416464,12.269995590999315,51.7349609649973,2.755100285867229e-05,0.013772411186439857,1.4853051408866234,0.10636818481369796,1.5638001295504677e-05,115354.0,51.7349609649973,557.4276941952556,,,,,,,,,,,,,,
208.0,,27098.0,31235.0,4137.0,28986.0,28987.0,28986.25,0.05493640527129173,0.007501099635846914,0.01,0.0008000666834414004,0.0,0.0,0.0,0.02955729328095913,0.12439910023094308,92.26108169555664,93.783203125,342.54986572265625,2e-05,208.0,0.0,-0.6875,0.75,-1.0,-0.6875,0.75,-1.0,0.00010583846597000957,1.4999982118606567,-1.4999982118606567,0.00010583846597000957,1.4999982118606567,-1.4999982118606567,295.26251220703125,1042.0,103.0,0.0,295.26251220703125,1042.0,103.0,0.0,0.0,1154.050048828125,1283.0,1108.0,0.0,2.9439004720188677e-05,7.711516857147217,10.273603439331055,4.874953269958496,0.25,22.89512875800574,1.0195168279969948,2.289182627995615,1.5844449560026987,0.0017527390009490773,12.219888389998232,40.012630270000955,2.700700133573264e-05,0.013665487567404362,0.9692700883961619,0.10539383664667068,1.5116986510406463e-05,115945.0,40.012630270000955,724.4275071247224,,,,,,,,,,,,,,
209.0,,30189.0,32325.0,2136.0,31496.0,31498.0,31496.75,0.062048763036727905,0.003941977325594053,0.01,0.00025398442521691253,0.0,0.0,0.0,0.019976427778601646,0.13151805790657745,92.26108169555664,93.783203125,358.0526123046875,2e-05,209.0,0.0,-0.75,0.75,-1.0,-0.75,0.75,-1.0,-0.003115643747150898,1.423269271850586,-1.4999982118606567,-0.003115643747150898,1.423269271850586,-1.4999982118606567,385.9375,1018.0,113.0,0.0,385.9375,1018.0,113.0,0.0,0.0,1188.9000244140625,1285.0,1109.0,0.0,2.7775000489782542e-05,8.669869422912598,10.234688758850098,7.748631000518799,0.25,23.311906729999464,0.9480435500008753,2.3975347300001886,1.6814504409994697,0.0017789779958548024,12.613012107998657,40.95639924500574,2.7551999664865434e-05,0.01334622176097113,0.7550415135222498,0.10011359987934197,1.4120329842402806e-05,125987.0,40.95639924500574,769.0312278572864,,,,,,,,,,,,,,
210.0,-0.31363455633259124,26507.0,30889.0,4382.0,28535.0,28845.0,28767.25,0.054353270679712296,0.006143917688168585,0.01,0.0,0.0,0.0,0.0,0.0050200726836919785,0.12237491977959802,92.26108169555664,93.783203125,345.23919677734375,2e-05,210.0,0.0,-0.6175000071525574,0.75,-1.0,-0.6175000071525574,0.75,-1.0,0.0,0.0,0.0,0.0,0.0,0.0,239.5625,1036.0,110.0,0.0,239.5625,1036.0,110.0,0.0,0.0,1198.800048828125,2246.0,1107.0,0.0,2.9439004720188677e-05,5.085703372955322,10.19771957397461,2.6806092262268066,0.25,23.32699468300416,14.884166497002298,2.294554286003404,1.5210999099945184,0.0017222450042027049,12.33262845799618,54.3639010889965,3.2542993722017854e-05,0.013219024324488076,1.2171664327161054,0.10717594189569893,1.4967063276840025e-05,115069.0,54.3639010889965,529.1608847736393,411.97847465299856,,,,,,,,,,,,,
211.0,,26567.0,37491.0,10924.0,30611.0,30612.0,30611.25,0.05804620310664177,0.009927069803830478,0.01,0.00022089015692472493,0.0,0.0,0.0,0.10535092651844025,0.1299905960856001,92.26108169555664,93.783203125,359.4421691894531,2e-05,211.0,0.0,-0.5199999809265137,0.75,-1.0,-0.5199999809265137,0.75,-1.0,0.013061017729341984,1.4999982118606567,-1.4999982118606567,0.013061017729341984,1.4999982118606567,-1.4999982118606567,241.66250610351562,1063.0,106.0,0.0,241.66250610351562,1063.0,106.0,0.0,0.0,1288.9000244140625,2231.0,1103.0,0.0,3.1422998290508986e-05,6.136343479156494,10.415855407714844,4.214698314666748,0.25,22.77510723999876,79.31042768200132,2.3317221729957964,1.6641036940054619,0.0017324860018561594,12.397031100001186,118.48306910599786,2.9087001166772097e-05,0.013590621862921816,1.178043099363718,0.1012457111356216,1.4149095527429943e-05,122445.0,118.48306910599786,258.3596984022622,,,,,,,,,,,,,,
212.0,,26427.0,31192.0,4765.0,29012.0,29045.0,29023.0,0.052039410918951035,0.008049248149618507,0.01,-0.00023440238088369374,0.0,0.0,0.0,0.026397839188575745,0.1235215666248255,92.26108169555664,93.783203125,343.7620849609375,2e-05,212.0,0.0,-0.668749988079071,0.75,-1.0,-0.668749988079071,0.75,-1.0,0.0009886120678856969,0.8660245537757874,-0.8660245537757874,0.0009886120678856969,0.8660245537757874,-0.8660245537757874,284.70001220703125,904.0,107.0,0.0,284.70001220703125,904.0,107.0,0.0,0.0,1166.449951171875,1285.0,1097.0,0.0,2.870299795176834e-05,6.349829196929932,8.960057258605957,3.4054083824157715,0.25,21.6502444430007,1.00920845100336,2.2822425459962687,1.570936474003247,0.0017767079989425838,12.317798793999827,38.835013720999996,2.7775000489782542e-05,0.013531823674355226,0.9505727275641334,0.1061037693725651,1.530431036542211e-05,116092.0,38.835013720999996,747.3410517763211,,,,,,,,,,,,,,
213.0,,26196.0,33971.0,7775.0,31155.0,31156.0,31155.5,0.059976592659950256,0.003506860220804811,0.01,0.0,0.0,0.0,0.0,0.0039416030049324036,0.1323023179226645,92.26108169555664,93.783203125,369.38983154296875,2e-05,213.0,0.0,-0.4350000023841858,1.0,-1.0,-0.4350000023841858,1.0,-1.0,0.0,0.0,0.0,0.0,0.0,0.0,229.1750030517578,568.0,127.0,0.0,229.1750030517578,568.0,127.0,0.0,0.0,1328.5999755859375,2128.0,1104.0,0.0,2.6783003704622388e-05,4.489793300628662,5.989840507507324,3.900928258895874,0.25,18.833155166001234,7.592008560997783,2.3130581349978456,1.6809215419998509,0.0018222729995613918,12.408098456995504,42.83198451499629,2.7646994567476213e-05,0.013488160533451966,1.0272256553944166,0.09956587486154535,1.46224021405642e-05,124622.0,42.83198451499629,727.3886641673553,,,,,,,,,,,,,,
214.0,,28339.0,32009.0,3670.0,29891.0,29892.0,29891.75,0.05224289372563362,0.005608221999718809,0.01,-0.00017917599529027934,0.0,0.0,0.0,0.03276782110333443,0.12340380669237189,92.26108169555664,93.783203125,344.98272705078125,2e-05,214.0,0.0,-0.44437503814697266,1.0,-1.0,-0.44437503814697266,1.0,-1.0,0.00041283012251369655,0.8660224080085754,-1.4999982118606567,0.00041283012251369655,0.8660224080085754,-1.4999982118606567,255.4875030517578,863.0,108.0,0.0,255.4875030517578,863.0,108.0,0.0,0.0,1239.0999755859375,2250.0,1099.0,0.05000000074505806,2.988699998240918e-05,5.103457450866699,8.510271072387695,2.631951332092285,0.25,21.330026297000586,0.8755181820015423,2.4139559460018063,1.6099641229957342,0.001809761997719761,12.732506264001131,38.966622621999704,2.863899862859398e-05,0.013464953733017758,1.043594417388355,0.10648846474362601,1.5135965590169203e-05,119567.0,38.966622621999704,767.1116455220774,,,,,,,,,,,,,,
215.0,,29040.0,32293.0,3253.0,30675.0,30693.0,30680.5,0.05274341255426407,0.006171627626754344,0.01,0.0010703500732779504,0.0,0.0,0.0,0.05888748541474342,0.131847958338129,92.26108169555664,93.783203125,353.39129638671875,2e-05,215.0,0.0,-0.5287500023841858,1.0,-1.0,-0.5287500023841858,1.0,-1.0,-0.005587458610534668,0.49999943375587463,-1.4999982118606567,-0.005587458610534668,0.49999943375587463,-1.4999982118606567,239.375,915.0,111.0,0.0,239.375,915.0,111.0,0.0,0.0,1294.6500244140625,2250.0,1109.0,0.10000000149011612,2.8895003197249025e-05,5.9474406242370605,9.012688636779785,3.847076177597046,0.25,22.005499248996784,15.028238363003766,2.5212179460068,1.6467743670000345,0.0017900509992614388,12.254149581996899,53.460471092999796,2.7294998290017247e-05,0.013418738017633632,1.1491122323235918,0.09985291620081892,1.4586227402270488e-05,122722.0,53.460471092999796,573.8913139509793,,,,,,,,,,,,,,
216.0,,27109.0,33013.0,5904.0,29951.0,29952.0,29951.25,0.05636019632220268,0.003480252063600347,0.01,-0.0002869414538145064,0.0,0.0,0.0,0.18658232688903809,0.12801133040800883,92.26108169555664,93.783203125,348.74981689453125,2e-05,216.0,0.0,-0.5218750238418579,1.0,-1.0,-0.5218750238418579,1.0,-1.0,0.02133655920624733,1.4999982118606567,-1.4796580076217651,0.02133655920624733,1.4999982118606567,-1.4796580076217651,290.4624938964844,907.0,115.0,0.0,290.4624938964844,907.0,115.0,0.0,0.0,1207.0999755859375,2164.0,1111.0,0.0,2.927899913629517e-05,6.53157901763916,8.932975769042969,3.8065803050994873,0.25,21.87484489799681,1.0882023450030829,2.2890106409977307,1.5744532700045966,0.0017488029989181086,12.295139623995055,39.126247996005986,2.8479000320658088e-05,0.013141799340633501,0.9413799069585923,0.10262626454651355,1.4597078577005206e-05,119805.0,39.126247996005986,765.5027388022851,,,,,,,,,,,,,,
217.0,,26991.0,32822.0,5831.0,29702.0,29702.0,29702.0,0.05607703700661659,0.0048547335364855825,0.01,-0.0004035475850105285,0.0,0.0,0.0,0.034217607229948044,0.1235622850873218,92.26108169555664,93.783203125,343.9501190185547,2e-05,217.0,0.0,-0.5767499804496765,0.75,-1.0,-0.5767499804496765,0.75,-1.0,-0.0036834743805229664,0.49999943375587463,-1.4999982118606567,-0.0036834743805229664,0.49999943375587463,-1.4999982118606567,288.45001220703125,956.0,104.0,0.0,288.45001220703125,956.0,104.0,0.0,0.0,1196.6500244140625,1858.0,1099.0,0.0,2.7743000828195363e-05,6.989983558654785,9.477873802185059,4.514422416687012,0.25,22.179310872001224,1.1225544319968321,2.478575478999119,1.5855927570009953,0.0018152650009142235,12.621959619995323,39.992731876001926,2.9310998797882348e-05,0.013345841668919563,0.9611419167967249,0.1062382972526709,1.5278979537692947e-05,118808.0,39.992731876001926,742.6849481573678,,,,,,,,,,,,,,
218.0,,27187.0,37098.0,9911.0,31363.0,31364.0,31363.75,0.05860985070466995,0.0070914783974876635,0.01,0.0006199171021580699,0.0,0.0,0.0,0.04611491411924362,0.13127787583477143,92.26108169555664,93.783203125,356.8658752441406,2e-05,218.0,0.0,-0.31562501192092896,1.0,-1.0,-0.31562501192092896,1.0,-1.0,-0.00496261240914464,0.49999943375587463,-1.4999982118606567,-0.00496261240914464,0.49999943375587463,-1.4999982118606567,306.0375061035156,990.0,107.0,0.0,306.0375061035156,990.0,107.0,0.0,0.0,1262.1500244140625,2250.0,1097.0,0.05000000074505806,3.395100065972656e-05,6.325910568237305,10.160706520080566,2.4536972045898438,0.25,23.0711274100031,1.1807524940013536,2.476823755998339,1.7141708999988623,0.0017816350009525195,12.598365266996552,41.04586565199861,3.087899676756933e-05,0.013663631581035928,0.9423325331864192,0.10042138828262366,1.4201386959089071e-05,125455.0,41.04586565199861,764.1147165932126,,,,,,,,,,,,,,
219.0,,27601.0,31102.0,3501.0,29067.0,29209.0,29137.0,0.05258304253220558,0.005817227326333524,0.01,-0.0012161867879331115,0.0,0.0,0.0,0.028621478006243706,0.12399219867436999,92.26108169555664,93.783203125,345.4520263671875,2e-05,219.0,0.0,-0.5218750238418579,1.0,-1.0,-0.5218750238418579,1.0,-1.0,-0.004857123363763094,0.49999943375587463,-1.4999982118606567,-0.004857123363763094,0.49999943375587463,-1.4999982118606567,262.5,997.0,106.0,0.0,262.5,997.0,106.0,0.0,0.0,1194.3499755859375,2143.0,1099.0,0.0,2.6879002689383924e-05,5.691378593444824,9.876937866210938,2.9843780994415283,0.25,22.90785843100457,1.0704758869978832,2.2922171089958283,1.5755922629978159,0.0017848659990704618,12.328916174999904,40.17967026399856,2.809499710565433e-05,0.013518827118421731,1.090850401476408,0.10578402181933541,1.531442838204398e-05,116548.0,40.17967026399856,725.167723093713,,,,,,,,,,,,,,
220.0,,27450.0,37800.0,10350.0,30571.0,30573.0,30571.75,0.04713620990514755,0.005498697467191961,0.01,-8.762009441852549e-05,0.0,0.0,0.0,0.023618362843990326,0.12979441732840868,92.26108169555664,93.783203125,363.027587890625,2e-05,220.0,0.0,-0.512499988079071,1.0,-1.0,-0.512499988079071,1.0,-1.0,0.004686471074819565,0.8660224080085754,-0.8660224080085754,0.004686471074819565,0.8660224080085754,-0.8660224080085754,288.73748779296875,1261.0,108.0,0.0,288.73748779296875,1261.0,108.0,0.0,0.0,1239.8499755859375,2024.0,1103.0,0.0,2.838300133589655e-05,7.547353744506836,12.4498872756958,4.355445861816406,0.25,25.163351251998392,0.9249336540015065,2.316620404002606,1.6176408649989753,0.0017498280067229643,12.395081237998966,42.42219871200359,2.841500099748373e-05,0.013228232477687533,1.0893697238840812,0.10136057993081003,1.430919072937405e-05,122287.0,42.42219871200359,720.6545376760389,,,,,,,,,,,,,,
221.0,,25931.0,27176.0,1245.0,26613.0,26614.0,26613.75,0.05313628539443016,0.014869836680591109,0.01,0.0009779001399874687,0.0,0.0,0.0,0.05407261103391647,0.11448692372388722,92.26108169555664,93.783203125,325.28057861328125,2e-05,221.0,0.0,-0.328125,0.75,-1.0,-0.328125,0.75,-1.0,-0.006422065198421478,0.49999943375587463,-1.4999982118606567,-0.006422065198421478,0.49999943375587463,-1.4999982118606567,196.58749389648438,468.0,106.0,0.0,196.58749389648438,468.0,106.0,0.0,0.0,1134.0999755859375,1209.0,1099.0,0.0,2.95349964289926e-05,3.934574842453003,4.736026287078857,2.564603090286255,0.25,17.636113437001768,1.2471476179998717,2.2808227040004567,1.4325904910001555,0.0017458270012866706,12.133272963998024,34.73458043100254,2.7038993721362203e-05,0.013457240063878216,1.1213908206906447,0.11397560437741791,1.6399671234668834e-05,106455.0,34.73458043100254,766.203295671473,,,,,,,,,,,,,,
222.0,,26340.0,29943.0,3603.0,28699.0,28824.0,28735.5,0.04795144870877266,0.00584810265339911,0.01,0.0015848607569932938,0.0,0.0,0.0,0.03380439803004265,0.12293908621438339,92.26108169555664,93.783203125,338.405517578125,2e-05,222.0,0.0,-0.5562499761581421,0.75,-1.0,-0.5562499761581421,0.75,-1.0,-0.013060197234153748,0.4999993145465851,-1.4999979734420776,-0.013060197234153748,0.4999993145465851,-1.4999979734420776,272.7749938964844,1008.0,106.0,0.0,272.7749938964844,1008.0,106.0,0.0,0.0,1164.0,1289.0,1103.0,0.0,2.8831003874074668e-05,6.672588348388672,9.939672470092773,4.222520351409912,0.25,23.08590290199936,1.1032472219958436,2.386216136001167,1.5695436699970742,0.001726180998957716,12.249369643999671,40.39881628400326,2.767999831121415e-05,0.01365509274240116,1.0579187472275393,0.10657000612482531,1.5017843773013484e-05,114942.0,40.39881628400326,711.2955933656505,,,,,,,,,,,,,,
223.0,,27294.0,29803.0,2509.0,28238.0,28239.0,28238.75,0.060547538101673126,0.007871596566401424,0.01,-0.0009774203971028325,0.0,0.0,0.0,0.08505114912986755,0.1143244347510233,92.26108169555664,93.783203125,348.881103515625,2e-05,223.0,0.0,-0.578125,0.75,-1.0,-0.578125,0.75,-1.0,0.005542496684938669,1.499997615814209,-1.499993920326233,0.005542496684938669,1.499997615814209,-1.499993920326233,261.9375,918.0,106.0,0.0,261.9375,918.0,106.0,0.0,0.0,1150.0,1290.0,1101.0,0.0,2.550300268922001e-05,7.013108730316162,9.006804466247559,4.788349628448486,0.25,22.0190886430064,1.2328499420036678,2.935845640997286,1.584038341003179,0.0017336370001430623,12.931779013000778,40.708211823002785,2.7711001166608185e-05,0.014023623044603419,1.050779701408084,0.11448611405427629,1.5348032403550637e-05,112955.0,40.708211823002785,693.686819818582,,,,,,,,,,,,,,
224.0,-0.30726512948608703,26814.0,30310.0,3496.0,28417.0,28418.0,28417.5,0.05046270787715912,0.007988596612703987,0.01,-0.00026434019207954406,0.0,0.0,0.0,0.029397401958703995,0.12034303384824847,92.26108169555664,93.783203125,339.0723876953125,2e-05,224.0,0.0,-0.30812498927116394,1.0,-1.0,-0.30812498927116394,1.0,-1.0,0.005690611898899078,1.4999982118606567,-0.49999943375587463,0.005690611898899078,1.4999982118606567,-0.49999943375587463,209.77499389648438,451.0,108.0,0.0,209.77499389648438,451.0,108.0,0.0,0.0,1211.0999755859375,1997.0,1103.0,0.0,3.052700049011037e-05,4.067190647125244,4.710053443908691,2.901416540145874,0.25,17.757360493997112,1.527645668000332,2.2791638000053354,1.519143878002069,0.0017884510016301647,12.373213013001077,35.46113168900047,3.593499423004687e-05,0.013364510231389716,1.058119443093619,0.10885205430633481,1.573371163570128e-05,113670.0,35.46113168900047,801.3703637330531,470.719555347001,,,,,,,,,,,,,
225.0,,28096.0,31809.0,3713.0,29851.0,29852.0,29851.25,0.07148588448762894,0.005767182619310916,0.01,-0.0010166211426258088,0.0,0.0,0.0,0.04591740667819977,0.12030987405108622,92.26108169555664,93.783203125,349.02752685546875,2e-05,225.0,0.0,-0.6656249761581421,1.0,-1.0,-0.6656249761581421,1.0,-1.0,-0.0029612199869006872,0.4999995231628418,-1.4999985694885254,-0.0029612199869006872,0.4999995231628418,-1.4999985694885254,320.8125,1057.0,106.0,0.0,320.8125,1057.0,106.0,0.0,0.0,1171.75,1285.0,1099.0,0.0,3.187099355272949e-05,7.312297821044922,10.521846771240234,4.696691513061523,0.25,27.918235243996605,88.71829697000794,3.0701105470070615,1.6263056509924354,0.0018202890059910715,13.027583852002863,134.36555497300287,2.867099829018116e-05,0.013620079988211846,1.087794087044481,0.10910417362759402,1.5244663171484204e-05,119405.0,134.36555497300287,222.1644528316636,,,,,,,,,,,,,,
226.0,,27836.0,33936.0,6100.0,30157.0,30158.0,30157.25,0.05413491651415825,0.004478447022847831,0.01,0.0,0.0,0.0,0.0,0.002074717078357935,0.12792667329343194,92.26108169555664,93.783203125,356.71490478515625,2e-05,226.0,0.0,-0.5,1.0,-1.0,-0.5,1.0,-1.0,0.0,0.0,0.0,0.0,0.0,0.0,294.61248779296875,794.0,112.0,0.0,294.61248779296875,794.0,112.0,0.0,0.0,1213.25,2250.0,1106.0,0.05000000074505806,2.745499659795314e-05,6.04103946685791,7.993747711181641,3.9757964611053467,0.25,20.632286990003195,0.9703641910018632,2.3077788119990146,1.6040113749913871,0.0017490600002929568,12.393178844999056,37.912015005000285,2.81590037047863e-05,0.013297062688005266,0.8753993376894732,0.1027379721708632,1.4499498464655736e-05,120629.0,37.912015005000285,795.4536311515625,,,,,,,,,,,,,,
227.0,,26033.0,31532.0,5499.0,28996.0,28997.0,28996.75,0.05779382959008217,0.004614128599641845,0.01,0.0011019402742385865,0.0,0.0,0.0,0.09659577161073685,0.12323817441890746,92.26108169555664,93.783203125,356.1920166015625,2e-05,227.0,0.0,-0.6812499761581421,1.0,-1.0,-0.6812499761581421,1.0,-1.0,-0.001356072723865509,1.499993920326233,-0.8660244345664978,-0.001356072723865509,1.499993920326233,-0.8660244345664978,293.13751220703125,1237.0,107.0,0.0,293.13751220703125,1237.0,107.0,0.0,0.0,1156.699951171875,1286.0,1104.0,0.0,2.841500099748373e-05,7.84868049621582,12.198821067810059,3.176095485687256,0.25,25.21197651400871,1.0543129089928698,2.307814326006337,1.6412622229981935,0.001708548006718047,12.347493594992557,42.56731467600912,2.9022994567640126e-05,0.014150398087701152,1.0750917450858688,0.10645584069760022,1.4730512960228706e-05,115987.0,42.56731467600912,681.1975390202974,,,,,,,,,,,,,,
228.0,,25628.0,33463.0,7835.0,29636.0,29637.0,29636.5,0.06620967388153076,0.006078976553399116,0.01,-0.000882335938513279,0.0,0.0,0.0,0.029657363891601562,0.12524288702373462,92.26108169555664,93.783203125,354.3214111328125,2e-05,228.0,0.0,-0.53125,0.75,-1.0,-0.53125,0.75,-1.0,0.03343493863940239,0.8660224080085754,-1.499993920326233,0.03343493863940239,0.8660224080085754,-1.499993920326233,315.7749938964844,1059.0,106.0,0.0,315.7749938964844,1059.0,106.0,0.0,0.0,1166.050048828125,1279.0,1097.0,0.0,2.745499659795314e-05,6.1401190757751465,10.732251167297363,2.795464038848877,0.25,23.442329566998524,1.073355893997359,2.3233774560067104,1.589884767003241,0.001748002992826514,12.41979911600356,40.853386094997404,3.5007004044018686e-05,0.013411542920075254,0.9279680772305646,0.10476776201646247,1.474535617251121e-05,118546.0,40.853386094997404,725.4355839950574,,,,,,,,,,,,,,
229.0,,27495.0,31151.0,3656.0,29179.0,29180.0,29179.75,0.060195986181497574,0.005107657628832385,0.01,0.00026547327637672474,0.0,0.0,0.0,0.027128491550683975,0.12539577315193193,92.26108169555664,93.783203125,339.6688232421875,2e-05,229.0,0.0,-0.503125011920929,0.75,-1.0,-0.503125011920929,0.75,-1.0,-0.003127132309600711,1.4999982118606567,-0.8660224080085754,-0.003127132309600711,1.4999982118606567,-0.8660224080085754,295.7875061035156,1060.0,104.0,0.0,295.7875061035156,1060.0,104.0,0.0,0.0,1163.199951171875,1286.0,1099.0,0.0,2.7166999643668532e-05,7.478079795837402,10.501997947692871,5.002422332763672,0.25,23.34095056800288,1.018331223007408,2.2899855339928763,1.5824659549980424,0.001752833995851688,12.207599454006413,40.44401541900879,2.8031005058437586e-05,0.013557912207935662,0.9863901689558755,0.1045896508195445,1.5017554946938272e-05,116719.0,40.44401541900879,721.484988512922,,,,,,,,,,,,,,
230.0,,25792.0,30014.0,4222.0,27926.0,27927.0,27926.75,0.06092057004570961,0.006430224535288289,0.01,-8.065335452556617e-05,0.0,0.0,0.0,0.021367251873016357,0.11755759647241135,92.26108169555664,93.783203125,338.20550537109375,2e-05,230.0,0.0,-0.7250000238418579,0.75,-1.0,-0.7250000238418579,0.75,-1.0,0.0034138464834541082,0.8660224080085754,-0.8660224080085754,0.0034138464834541082,0.8660224080085754,-0.8660224080085754,247.33749389648438,607.0,110.0,0.0,247.33749389648438,607.0,110.0,0.0,0.0,1149.0,1283.0,1105.0,0.0,2.9695002012886107e-05,4.691987991333008,6.279569149017334,3.1291682720184326,0.25,19.135562422001385,1.1872119809995638,2.274093020998407,1.5109079529938754,0.0017940810066647828,12.42850228199677,36.54091532100574,2.838300133589655e-05,0.013525633603927018,0.9670774964371246,0.11125983404797167,1.6060596083188904e-05,111707.0,36.54091532100574,764.2597278877182,,,,,,,,,,,,,,
231.0,,27398.0,31632.0,4234.0,29406.0,29407.0,29406.25,0.04984221234917641,0.008797314817784355,0.01,9.131874889135375e-05,0.0,0.0,0.0,0.10406893491744995,0.12598638898046094,92.26108169555664,93.783203125,346.723876953125,2e-05,231.0,0.0,-0.36937499046325684,1.0,-1.0,-0.36937499046325684,1.0,-1.0,0.0004960091318935156,1.4999982118606567,-1.4999982118606567,0.0004960091318935156,1.4999982118606567,-1.4999982118606567,277.2124938964844,1074.0,106.0,0.0,277.2124938964844,1074.0,106.0,0.0,0.0,1193.0999755859375,1903.0,1103.0,0.0,2.8734997613355517e-05,6.429488182067871,10.601273536682129,2.9260027408599854,0.25,23.4847077250015,1.2404014270141488,2.325940465001622,1.6015337600110797,0.0017488029989181086,12.258398019999731,40.915643954998814,2.7487010811455548e-05,0.013615589883197277,1.0589668451549579,0.10421592365568316,1.4867613168272975e-05,117625.0,40.915643954998814,718.7043183859588,,,,,,,,,,,,,,
232.0,,28379.0,36042.0,7663.0,30852.0,30853.0,30852.75,0.05398372560739517,0.004969250063877553,0.01,-0.0002019406110048293,0.0,0.0,0.0,0.03210277482867241,0.1319639119598367,92.26108169555664,93.783203125,358.8529052734375,2e-05,232.0,0.0,-0.5943750143051147,1.0,-1.0,-0.5943750143051147,1.0,-1.0,7.769636600762908e-10,0.49999943375587463,-1.4999982118606567,7.769636600762908e-10,0.49999943375587463,-1.4999982118606567,245.4875030517578,1120.0,108.0,0.0,245.4875030517578,1120.0,108.0,0.0,0.0,1297.1500244140625,2130.0,1105.0,0.0,2.9439004720188677e-05,6.794219970703125,10.909455299377441,2.8607091903686523,0.25,23.55750447200262,10.757333679997828,2.310877807001816,1.8870576460030861,0.001777826008037664,12.31353933500941,50.830995722993976,3.107100201305002e-05,0.015290838304552155,1.1995266801773319,0.09977667578262399,1.4405733751753604e-05,123411.0,50.830995722993976,606.9672561232833,,,,,,,,,,,,,,
233.0,,29511.0,33255.0,3744.0,31034.0,31035.0,31034.75,0.0560605488717556,0.006933596938615666,0.01,0.0002138132601976395,0.0,0.0,0.0,0.7270412445068359,0.13292881570006343,92.26108169555664,93.783203125,357.250244140625,2e-05,233.0,0.0,-0.3737500309944153,1.0,-1.0,-0.3737500309944153,1.0,-1.0,-0.013794174417853355,0.49999797344207764,-1.499993920326233,-0.013794174417853355,0.49999797344207764,-1.499993920326233,306.2875061035156,1224.0,104.0,0.0,306.2875061035156,1224.0,104.0,0.0,0.0,1245.449951171875,1977.0,1107.0,0.0,2.748699625954032e-05,7.828343391418457,11.935537338256836,3.2225146293640137,0.25,24.90383327200834,1.0442671470082132,2.3329398350033443,1.693339007004397,0.0017313319985987619,12.302238315998693,42.28127581499575,2.844700065907091e-05,0.013640668983996946,1.0163585386282636,0.09910051084670163,1.3946721003059167e-05,124139.0,42.28127581499575,734.0069428319619,,,,,,,,,,,,,,
234.0,,27522.0,31571.0,4049.0,28725.0,29504.0,29096.75,0.0520971454679966,0.014870962549466644,0.01,-0.00018428988754749277,0.0,0.0,0.0,0.06170152500271797,0.12422349488910696,92.26108169555664,93.783203125,362.31182861328125,2e-05,234.0,0.0,-0.14687499403953552,1.0,-1.0,-0.14687499403953552,1.0,-1.0,-0.09044566750526428,0.49999943375587463,-1.4999982118606567,-0.09044566750526428,0.49999943375587463,-1.4999982118606567,256.4375,2250.0,106.0,0.012500000186264515,256.4375,2250.0,106.0,0.012500000186264515,0.0,1198.4000244140625,2023.0,1101.0,0.0,2.8255002689547837e-05,8.67494010925293,21.291677474975586,2.882927656173706,0.25,34.163173913009814,1.114345374997356,2.331115401000716,1.6731010310031706,0.0017824660026235506,12.309291295998264,51.595627336006146,2.8767011826857924e-05,0.014375325689322439,1.665277792493776,0.10576173710120773,1.5314992246759095e-05,116387.0,51.595627336006146,563.9382928811635,,,,,,,,,,,,,,
235.0,,27110.0,30128.0,3018.0,28150.0,28151.0,28150.5,0.04771607741713524,0.014450351934647188,0.01,-0.002676901295781135,0.0,0.0,0.0,0.04134258255362511,0.11999927061330606,92.26108169555664,93.783203125,350.94549560546875,2e-05,235.0,0.0,-0.24687500298023224,1.0,-1.0,-0.24687500298023224,1.0,-1.0,0.014412937685847282,1.499993920326233,-1.4999982118606567,0.014412937685847282,1.499993920326233,-1.4999982118606567,227.22500610351562,904.0,105.0,0.0,227.22500610351562,904.0,105.0,0.0,0.0,1180.300048828125,1877.0,1099.0,0.0,2.8606998967006803e-05,6.457672119140625,8.749385833740234,4.2395734786987305,0.25,21.504404057996,1.218873216988868,2.3042643289954867,1.6021065590030048,0.001843264006311074,12.290007194998907,38.92434124299325,2.7806992875412107e-05,0.014228047095104925,1.1829906512265376,0.10914554976820044,1.6369727059120386e-05,112602.0,38.92434124299325,723.2106980119377,,,,,,,,,,,,,,
236.0,,26148.0,29967.0,3819.0,28060.0,28438.0,28154.75,0.06137732043862343,0.00824833124061115,0.01,-0.00016519259661436082,0.0,0.0,0.0,0.01731991581618786,0.11937802943138191,92.26108169555664,93.783203125,344.5063171386719,2e-05,236.0,0.0,-0.5062500238418579,0.75,-1.0,-0.5062500238418579,0.75,-1.0,0.001417868654243648,0.8660245537757874,-0.8660245537757874,0.001417868654243648,0.8660245537757874,-0.8660245537757874,259.5874938964844,1400.0,99.0,0.0,259.5874938964844,1400.0,99.0,0.0,0.0,1148.1500244140625,1271.0,1099.0,0.0,2.911900810431689e-05,7.639164924621582,13.468085289001465,3.7705767154693604,0.25,26.51609009799722,1.170964817996719,2.5007268949993886,1.5464047069981461,0.001775811004335992,12.348204845999135,44.08702963599353,2.915100776590407e-05,0.013731294959093457,1.2768377761832341,0.10964583992043203,1.576830734011128e-05,112619.0,44.08702963599353,638.6175306538207,,,,,,,,,,,,,,
237.0,,29238.0,33421.0,4183.0,31436.0,31438.0,31437.0,0.054814208298921585,0.002965064720885948,0.01,-0.0004089734703302383,0.0,0.0,0.0,0.07616092264652252,0.13372187712351713,92.26108169555664,93.783203125,359.216796875,2e-05,237.0,0.0,-0.48624998331069946,1.0,-1.0,-0.48624998331069946,1.0,-1.0,-0.0015979751478880644,0.8660245537757874,-0.8660245537757874,-0.0015979751478880644,0.8660245537757874,-0.8660245537757874,277.75,935.0,107.0,0.0,277.75,935.0,107.0,0.0,0.0,1294.0999755859375,2021.0,1099.0,0.0,2.8031005058437586e-05,6.603117942810059,9.336454391479492,3.6412761211395264,0.25,22.00759869501053,1.0097624350019032,2.3939524620072916,1.6556945850024931,0.0018158739985665306,12.386940506010433,39.45867713200278,2.9759001336060464e-05,0.013166766747801104,0.9904409853740112,0.09850606376252849,1.4440579560442558e-05,125748.0,39.45867713200278,796.7068914863131,,,,,,,,,,,,,,
238.0,-0.3001990467072672,26620.0,30583.0,3963.0,29184.0,29185.0,29184.25,0.0616292767226696,0.01125046156012104,0.01,-0.00012949410825967782,0.0,0.0,0.0,0.08367890119552612,0.12309664450284664,92.26108169555664,93.783203125,348.1680908203125,2e-05,238.0,0.0,-0.37812501192092896,0.75,-1.0,-0.37812501192092896,0.75,-1.0,-8.360930223716423e-05,1.4999982118606567,-0.49999943375587463,-8.360930223716423e-05,1.4999982118606567,-0.49999943375587463,299.01251220703125,1170.0,106.0,0.0,299.01251220703125,1170.0,106.0,0.0,0.0,1160.199951171875,1285.0,1103.0,0.0,2.8862996259704232e-05,7.848775863647461,11.36746883392334,3.4884212017059326,0.25,24.08572946599452,1.153890751011204,2.3274775369936833,1.5607593820022885,0.001744836990837939,12.438588094999432,41.5710508350021,3.9389997255057096e-05,0.01336987743390946,1.0068863954681877,0.10655223361058988,1.4946734889863018e-05,116737.0,41.5710508350021,702.0330112855212,427.8212888249982,,,,,,,,,,,,,
239.0,,28591.0,36136.0,7545.0,31921.0,31922.0,31921.25,0.05230937898159027,0.0046314951125532395,0.01,-5.655644461512576e-05,0.0,0.0,0.0,0.02903473749756813,0.1182506458934904,92.26108169555664,93.783203125,357.5536193847656,2e-05,239.0,0.0,-0.5268750190734863,0.75,-1.0,-0.5268750190734863,0.75,-1.0,-0.0037834944669157267,0.49999943375587463,-1.4999982118606567,-0.0037834944669157267,0.49999943375587463,-1.4999982118606567,356.8125,856.0,110.0,0.0,356.8125,856.0,110.0,0.0,0.0,1239.25,2062.0,1104.0,0.0,3.1167000997811556e-05,8.242128372192383,8.749165534973145,7.447519779205322,0.25,26.591209436999634,80.54610165600025,3.1817075879953336,1.7394443939992925,0.0018889279890572652,14.224552811996546,126.28822041400417,2.9918999643996358e-05,0.013622934518536182,0.9315540177614164,0.11140347583503579,1.479365617775984e-05,127685.0,126.28822041400417,252.7650630862816,,,,,,,,,,,,,,
240.0,,26911.0,37261.0,10350.0,30374.0,30375.0,30374.75,0.06337975710630417,0.005253041066462174,0.01,0.0005464148521423338,0.0,0.0,0.0,0.04381383955478668,0.13011176203528568,92.26108169555664,93.783203125,354.63751220703125,2e-05,240.0,0.0,-0.5843750238418579,0.75,-1.0,-0.5843750238418579,0.75,-1.0,-0.0012187515385448933,0.49999943375587463,-1.4999982118606567,-0.0012187515385448933,0.49999943375587463,-1.4999982118606567,343.5874938964844,1095.0,106.0,0.0,343.5874938964844,1095.0,106.0,0.0,0.0,1175.1500244140625,1286.0,1105.0,0.0,2.9567003366537392e-05,8.073894500732422,11.390594482421875,6.198838710784912,0.25,24.34533317000023,1.0263354040071135,2.4012531740008853,1.6724113429954741,0.0018245780083816499,12.279303399001947,41.72938650500146,2.9791000997647643e-05,0.013764815702149599,0.8857035387637876,0.1010650573173602,1.5017226548215623e-05,121499.0,41.72938650500146,727.8983120530528,,,,,,,,,,,,,,
241.0,,26154.0,31606.0,5452.0,28839.0,29754.0,29067.75,0.06096401810646057,0.013643450629897419,0.01,0.00041810933500528345,0.0,0.0,0.0,0.07841809093952179,0.12415138310010847,92.26108169555664,93.783203125,358.18792724609375,2e-05,241.0,0.0,-0.34687501192092896,0.75,-1.0,-0.34687501192092896,0.75,-1.0,-0.0911097452044487,0.8660194277763367,-1.4999982118606567,-0.0911097452044487,0.8660194277763367,-1.4999982118606567,291.5375061035156,2250.0,108.0,0.012500000186264515,291.5375061035156,2250.0,108.0,0.012500000186264515,0.0,1161.8499755859375,1290.0,1099.0,0.0,2.7422996936365962e-05,10.877857208251953,21.52539825439453,3.3667054176330566,0.25,34.0922401429998,1.1608422610006528,2.2999885890021687,1.5663160490075825,0.0018104990012943745,12.292344207002316,51.41661057199235,3.0174996936693788e-05,0.013471252926418303,1.4617433496119625,0.10572149725212922,1.5571372064352886e-05,116271.0,51.41661057199235,565.3377318464042,,,,,,,,,,,,,,
242.0,,25875.0,34214.0,8339.0,29285.0,29286.0,29285.75,0.059685323387384415,0.00964879165054299,0.01,0.0,0.0,0.0,0.0,0.004113626200705767,0.12487637373219061,92.26108169555664,93.783203125,354.36663818359375,2e-05,242.0,0.0,-0.11749999225139618,1.0,-1.0,-0.11749999225139618,1.0,-1.0,0.0,0.0,0.0,0.0,0.0,0.0,231.33749389648438,773.0,107.0,0.0,231.33749389648438,773.0,107.0,0.0,0.0,1232.949951171875,2240.0,1099.0,0.0,2.9118993552401662e-05,6.286554336547852,7.714555263519287,4.118404388427734,0.25,20.68082047200005,1.2917137570038904,2.5453241759969387,1.6274800060054986,0.0017929949972312897,12.31437772900972,38.464410251006484,2.7071000658906996e-05,0.013893105059674915,1.1174593652131652,0.10512260851275552,1.5306036188515657e-05,117143.0,38.464410251006484,761.3726509490339,,,,,,,,,,,,,,
243.0,,27493.0,32032.0,4539.0,29128.0,29922.0,29352.25,0.053873077034950256,0.011878094332059847,0.01,0.0015636024624109263,0.0,0.0,0.0,0.07520068436861038,0.10978370179663988,92.26108169555664,93.783203125,357.906005859375,2e-05,243.0,0.0,-0.20678572356700897,1.0,-1.0,-0.20678572356700897,1.0,-1.0,-0.11630865931510925,0.49999797344207764,-1.499993920326233,-0.11630865931510925,0.49999797344207764,-1.499993920326233,266.26251220703125,2250.0,107.0,0.012500000186264515,266.26251220703125,2250.0,107.0,0.012500000186264515,0.0,1201.3499755859375,2102.0,1097.0,0.0,2.819100336637348e-05,10.373969078063965,21.845104217529297,4.339751243591309,0.25,34.71535540699551,1.392903796993778,2.4243648200063035,1.8793475690035848,0.0017650590016273782,14.056943193005282,54.47371689300053,2.8255002689547837e-05,0.016006844185740315,1.62975237815105,0.11972628327475135,1.5033421642526366e-05,117409.0,54.47371689300053,538.8332515964511,,,,,,,,,,,,,,
244.0,,26670.0,31480.0,4810.0,28769.0,28771.0,28770.0,0.06595508754253387,0.007560807457193733,0.01,-0.0005395644158124925,0.0,0.0,0.0,0.02329343557357788,0.1220130245629095,92.26108169555664,93.783203125,345.2955322265625,2e-05,244.0,0.0,-0.6312500238418579,0.75,-1.0,-0.6312500238418579,0.75,-1.0,0.002634221687912941,0.49999797344207764,-1.499993920326233,0.002634221687912941,0.49999797344207764,-1.499993920326233,272.8500061035156,986.0,110.0,0.0,272.8500061035156,986.0,110.0,0.0,0.0,1165.6500244140625,1283.0,1105.0,0.0,2.9919014195911586e-05,6.682741165161133,9.9461088180542,4.462177276611328,0.25,22.381134191004094,1.1237757760100067,2.298141947001568,1.5800727720052237,0.0018022110016318038,12.360749216997647,39.74860465399979,2.9822986107319593e-05,0.013730211783152795,1.0253405804931324,0.10741005576118914,1.5660505749320504e-05,115080.0,39.74860465399979,723.7989924535616,,,,,,,,,,,,,,
245.0,,26340.0,28316.0,1976.0,27470.0,27472.0,27471.0,0.05022360011935234,0.014143597395159305,0.01,-0.00026177939027547845,0.0,0.0,0.0,0.02911113202571869,0.1109358804382827,92.26108169555664,93.783203125,334.3026428222656,2e-05,245.0,0.0,-0.22812500596046448,0.75,-1.0,-0.22812500596046448,0.75,-1.0,0.01131912786513567,0.49999600648880005,-1.499988079071045,0.01131912786513567,0.49999600648880005,-1.499988079071045,230.25,790.0,108.0,0.0,230.25,790.0,108.0,0.0,0.0,1143.300048828125,1226.0,1101.0,0.0,2.9791000997647643e-05,5.542027473449707,7.77927303314209,4.622666358947754,0.25,20.47096465100185,1.1933292809990235,3.0959072209952865,1.482122918998357,0.0017798109911382198,12.940579392990912,39.18773097899975,2.8606998967006803e-05,0.013488068499493619,1.11134444359402,0.11776582025582352,1.6197180582598192e-05,109884.0,39.18773097899975,701.0102221718677,,,,,,,,,,,,,,
246.0,,27508.0,29346.0,1838.0,28605.0,28748.0,28658.75,0.04127902910113335,0.011216639191843571,0.01,0.0003399667143821717,0.0,0.0,0.0,0.0267239548265934,0.12051154193778335,92.26108169555664,93.783203125,341.826171875,2e-05,246.0,0.0,-0.24375000596046448,1.0,-1.0,-0.24375000596046448,1.0,-1.0,-0.0014560726704075933,0.4999993145465851,-1.4999979734420776,-0.0014560726704075933,0.4999993145465851,-1.4999979734420776,231.78750610351562,762.0,106.0,0.0,231.78750610351562,762.0,106.0,0.0,0.0,1201.1500244140625,2127.0,1103.0,0.0,2.8287002351135015e-05,4.725840091705322,7.622009754180908,2.959733724594116,0.25,20.288621247993433,1.1337997329974314,2.2954140350047965,1.5489526000019396,0.0018242250080220401,12.462914365998586,37.734433659992646,2.9470989829860628e-05,0.013512039080576958,1.0941390955073846,0.10871823061018525,1.591333369409029e-05,114635.0,37.734433659992646,759.4853617846927,,,,,,,,,,,,,,
247.0,,26176.0,33012.0,6836.0,30584.0,30625.0,30595.25,0.053553059697151184,0.006426051444085772,0.01,0.0,0.0,0.0,0.0,0.0018844777951017022,0.13067013316919235,92.26108169555664,93.783203125,360.85675048828125,2e-05,247.0,0.0,-0.36250001192092896,1.0,-1.0,-0.36250001192092896,1.0,-1.0,0.0,0.0,0.0,0.0,0.0,0.0,258.4624938964844,1386.0,107.0,0.0,258.4624938964844,1386.0,107.0,0.0,0.0,1271.300048828125,2250.0,1101.0,0.05000000074505806,2.6206995244137943e-05,6.2303466796875,13.53670883178711,2.8179733753204346,0.25,26.122631956997793,1.0280101120006293,2.3121973180095665,1.6736946469900431,0.0017955220100702718,12.33058429400262,43.47196654599975,2.7103000320494175e-05,0.013676098797934673,1.2633666371813026,0.10075570794488213,1.4671574918249334e-05,122381.0,43.47196654599975,703.7926376674429,,,,,,,,,,,,,,
248.0,,26872.0,30979.0,4107.0,28793.0,28794.0,28793.25,0.06191267818212509,0.007991285991156474,0.01,-5.076132714748379e-05,0.0,0.0,0.0,0.016173940151929855,0.12208868974626777,92.26108169555664,93.783203125,341.84686279296875,2e-05,248.0,0.0,-0.565625011920929,0.75,-1.0,-0.565625011920929,0.75,-1.0,0.002111070789396763,1.4999982118606567,-0.49999943375587463,0.002111070789396763,1.4999982118606567,-0.49999943375587463,269.4125061035156,764.0,108.0,0.0,269.4125061035156,764.0,108.0,0.0,0.0,1170.25,1283.0,1103.0,0.0,2.892699558287859e-05,6.1942524909973145,7.788869857788086,5.1927313804626465,0.25,20.646005565009546,1.0468328850110993,2.313571299004252,1.5504264710034477,0.0017637139972066507,12.360688857006608,37.9222592790029,2.6911002350971103e-05,0.013461718206554034,0.957917949473834,0.10732280010945801,1.531360646337814e-05,115173.0,37.9222592790029,759.2704271167323,,,,,,,,,,,,,,
249.0,,28941.0,34164.0,5223.0,30486.0,30487.0,30486.75,0.05181633681058884,0.006154064183429,0.01,-0.0014449851959943772,0.0,0.0,0.0,0.016910316422581673,0.1297558811331693,92.26108169555664,93.783203125,354.0946960449219,2e-05,249.0,0.0,-0.4737500250339508,1.0,-1.0,-0.4737500250339508,1.0,-1.0,0.007185972295701504,0.49999797344207764,-1.499993920326233,0.007185972295701504,0.49999797344207764,-1.499993920326233,283.5375061035156,1236.0,107.0,0.0,283.5375061035156,1236.0,107.0,0.0,0.0,1240.800048828125,2018.0,1099.0,0.0,2.892699558287859e-05,7.621933937072754,11.904051780700684,2.7527968883514404,0.25,24.498454337008297,1.0920832330011763,2.403168121003546,1.6352156229986576,0.0018042570009129122,12.365571189002367,41.99936222100223,2.9054994229227304e-05,0.013409232068018546,1.0800359007630516,0.10140119223107061,1.4795419328994664e-05,121947.0,41.99936222100223,725.8860227347637,,,,,,,,,,,,,,
250.0,-0.40599124418322446,26674.0,34006.0,7332.0,30379.0,31328.0,30855.0,0.05130021646618843,0.007616719521405496,0.01,0.002553309751674533,0.0,0.0,0.0,0.05012482404708862,0.1305112384276214,92.26108169555664,93.783203125,370.1549377441406,2e-05,250.0,0.0,-0.3968749940395355,1.0,-1.0,-0.3968749940395355,1.0,-1.0,-0.10109185427427292,0.9771612882614136,-1.499993920326233,-0.10109185427427292,0.9771612882614136,-1.499993920326233,303.54998779296875,2250.0,107.0,0.02500000037252903,303.54998779296875,2250.0,107.0,0.02500000037252903,0.0,1239.199951171875,1957.0,1109.0,0.0,2.7422996936365962e-05,10.129486083984375,21.55373191833496,3.0398387908935547,0.25,34.40105735100224,1.0353752130031353,2.3132171320030466,1.676600412989501,0.001937885012011975,12.467005318991141,51.898145211001975,4.4446001993492246e-05,0.013584511529650792,1.4166141225087399,0.1010128449116119,1.570154765849923e-05,123420.0,51.898145211001975,594.5299176791967,,13.685078927999712,,,,,,,,,,,,
251.0,,26631.0,31522.0,4891.0,27981.0,27982.0,27981.5,0.06458193808794022,0.010769665547413754,0.01,0.000794042199850083,0.0,0.0,0.0,0.08694634586572647,0.12127458348123556,76.90660810470581,77.248046875,312.23492431640625,2e-05,251.0,0.0,0.17000000178813934,1.0,-1.0,0.17000000178813934,1.0,-1.0,-0.012103646993637085,1.4999970197677612,-1.4999970197677612,-0.012103646993637085,1.4999970197677612,-1.4999970197677612,205.9250030517578,508.0,103.0,0.0,205.9250030517578,508.0,103.0,0.0,0.0,1193.1500244140625,2129.0,1101.0,0.0,0.00014031585305929184,6.501129150390625,7.158536434173584,5.284425258636475,0.25,22.542328532319516,10.82668444281444,2.4769117180258036,1.4833989623002708,0.001883113756775856,12.077360386028886,49.41926937922835,3.0174851417541504e-05,0.013253390296269596,1.3683579296054096,0.10790486916381258,1.6824631960186696e-05,111926.0,49.41926937922835,566.2062663306195,,,,,,,,,,,,,,
252.0,-0.29962181741264976,25952.0,30049.0,4097.0,28364.0,29211.0,28668.75,0.03606201335787773,0.010768678361782805,0.01,0.0009889905527234086,0.0,0.0,0.0,0.09566503763198853,0.12216332873641023,83.22824716567993,85.44921875,336.83441162109375,2e-05,252.0,0.0,0.11749999225139618,1.0,-1.0,0.11749999225139618,1.0,-1.0,-0.1734541654586792,1.4999970197677612,-1.4999901056289673,-0.1734541654586792,1.4999970197677612,-1.4999901056289673,196.03750610351562,2250.0,109.0,0.012500000186264515,196.03750610351562,2250.0,109.0,0.012500000186264515,0.0,1237.4000244140625,2176.0,1105.0,0.0,3.2318755984306335e-05,7.78046989440918,21.156356811523438,2.812873601913452,0.25,31.9844390489161,1.1755143511109054,2.259533490985632,1.6109891859814525,0.0016491049900650978,12.320694191381335,49.35523498337716,4.147132858633995e-05,0.014048303344071963,2.039433721157693,0.10744010631245987,1.438068445663918e-05,114675.0,49.35523498337716,580.8654342271014,477.4165243678726,,,,,,,,,,,,,
253.0,,25688.0,28919.0,3231.0,27214.0,27343.0,27279.0,0.060403671115636826,0.01142679462209344,0.01,0.002011932423338294,0.0,0.0,0.0,0.08289394527673721,0.11538560191547023,83.22824716567993,85.44921875,320.287109375,2e-05,253.0,0.0,-0.06875000149011612,0.800000011920929,-1.0,-0.06875000149011612,0.800000011920929,-1.0,-0.0196387842297554,1.4999970197677612,-0.8660238981246948,-0.0196387842297554,1.4999970197677612,-0.8660238981246948,223.5500030517578,1036.0,111.0,0.0,223.5500030517578,1036.0,111.0,0.0,0.0,1140.4000244140625,1282.0,1109.0,0.0,3.609480336308479e-05,5.611184120178223,10.01688003540039,2.7235491275787354,0.25,20.445581421256065,86.91836118791252,2.286840307060629,1.469946341123432,0.0016302261501550674,12.356524075847119,123.48141145613045,3.062328323721886e-05,0.013471409702733163,1.1432331369523634,0.11324209168084533,1.4940303439963593e-05,109116.0,123.48141145613045,220.91584213621886,,,,,,,,,,,,,,
254.0,,26412.0,34111.0,7699.0,30905.0,31044.0,30941.0,0.06947696208953857,0.00380752771277912,0.01,-0.0006773182377219203,0.0,0.0,0.0,0.06319855153560638,0.13004082594284574,83.95063209533691,86.32421875,350.7935791015625,2e-05,254.0,0.0,-0.03749999403953552,0.800000011920929,-1.0,-0.03749999403953552,0.800000011920929,-1.0,0.006564983166754246,1.4999955892562866,-1.4999970197677612,0.006564983166754246,1.4999955892562866,-1.4999970197677612,373.1000061035156,1727.0,106.0,0.0,373.1000061035156,1727.0,106.0,0.0,0.0,1173.949951171875,1281.0,1105.0,0.0,3.8655009120702744e-05,10.245462417602539,16.75521469116211,3.4026479721069336,0.25,27.522996560670435,1.088283930439502,2.356913275551051,1.7422050442546606,0.001647567842155695,12.536545172333717,45.25095669878647,7.356563583016396e-05,0.014076832069540905,0.9221052184625581,0.10129395601575351,1.3312173508901578e-05,123764.0,45.25095669878647,683.7645490228889,,,,,,,,,,,,,,
255.0,,27801.0,33380.0,5579.0,30882.0,30883.0,30882.25,0.04358657822012901,0.006593136682058685,0.01,0.0015073104947805397,0.0,0.0,0.0,0.07049277424812317,0.1306259374113785,83.95063209533691,86.32421875,338.5352783203125,2e-05,255.0,0.0,0.14000001549720764,1.0,-1.0,0.14000001549720764,1.0,-1.0,-0.02080617845058441,1.4999970197677612,-1.4999970197677612,-0.02080617845058441,1.4999970197677612,-1.4999970197677612,286.7124938964844,1011.0,107.0,0.0,286.7124938964844,1011.0,107.0,0.0,0.0,1257.4000244140625,2141.0,1099.0,0.0,3.203190863132477e-05,6.567610263824463,10.164104461669922,3.175978183746338,0.25,20.81393872620538,1.0195414032787085,2.3413416617549956,1.6621800591237843,0.0015886262990534306,12.452938889153302,38.293976781889796,2.8768088668584824e-05,0.013455788188391262,0.9074394526836718,0.1008098413259502,1.2860351003031115e-05,123529.0,38.293976781889796,806.4518912698826,,,,,,,,,,,,,,
256.0,,28117.0,28994.0,877.0,28488.0,28489.0,28488.5,0.05659577623009682,0.005525194398360328,0.01,0.0010061042290180928,0.0,0.0,0.0,0.12129133939743042,0.12181677305206051,83.95063209533691,86.32421875,321.8103942871094,2e-05,256.0,0.0,0.1837500035762787,1.0,-1.0,0.1837500035762787,1.0,-1.0,-0.01540688518434763,0.8660238981246948,-1.4999970197677612,-0.01540688518434763,0.8660238981246948,-1.4999970197677612,266.7749938964844,820.0,107.0,0.0,266.7749938964844,820.0,107.0,0.0,0.0,1157.6500244140625,1276.0,1101.0,0.0,2.540694549679756e-05,6.224862098693848,8.03859806060791,4.99323844909668,0.25,18.3752946308814,1.2010267870500684,2.332257035654038,1.564617175143212,0.002121441997587681,12.25215109391138,35.730510799214244,3.8590747863054276e-05,0.013730252339919723,0.8609921577584762,0.10751839421092177,1.861665231222845e-05,113954.0,35.730510799214244,797.3157775462447,,,,,,,,,,,,,,
257.0,,26938.0,31391.0,4453.0,28445.0,28572.0,28477.0,0.06336639076471329,0.009680879041552546,0.01,0.002167526632547378,0.0,0.0,0.0,0.05957453325390816,0.12001056449424166,83.95063209533691,86.32421875,338.53594970703125,2e-05,257.0,0.0,0.08374999463558197,0.800000011920929,-1.0,0.08374999463558197,0.800000011920929,-1.0,-0.020457476377487183,1.4999970197677612,-1.4999970197677612,-0.020457476377487183,1.4999970197677612,-1.4999970197677612,273.8999938964844,1433.0,110.0,0.0,273.8999938964844,1433.0,110.0,0.0,0.0,1149.949951171875,1261.0,1104.0,0.0,3.171060234308243e-05,8.154494285583496,13.885077476501465,4.846920967102051,0.25,24.74692559801042,1.245959626045078,2.3252703570760787,1.5377408042550087,0.0020722588524222374,12.445286085829139,42.30791529780254,3.9774924516677856e-05,0.013499849038302918,1.1293777655170876,0.10925734878875179,1.8192390810322693e-05,113908.0,42.30791529780254,673.0891796381915,,,,,,,,,,,,,,
258.0,,25851.0,28572.0,2721.0,27170.0,27347.0,27222.0,0.049906738102436066,0.011839298026170583,0.01,-0.0008277363888919351,0.0,0.0,0.0,0.09875348955392838,0.11618186750451709,83.95063209533691,86.32421875,318.23052978515625,2e-05,258.0,0.0,0.08249999582767487,1.0,-1.0,0.08249999582767487,1.0,-1.0,0.04084759205579758,1.4999970197677612,-1.4999970197677612,0.04084759205579758,1.4999970197677612,-1.4999970197677612,216.75,970.0,106.0,0.0,216.75,970.0,106.0,0.0,0.0,1144.3499755859375,1261.0,1105.0,0.0,3.1711068004369736e-05,5.287073612213135,9.440112113952637,2.481595039367676,0.25,20.065616996958852,1.2523794379085302,2.2985929921269417,1.4600168648175895,0.0022286707535386086,12.252008560113609,37.33536950312555,3.622286021709442e-05,0.013408427602835846,1.1571866780253086,0.11251936448565139,2.046755155332643e-05,108888.0,37.33536950312555,729.120947837977,,,,,,,,,,,,,,
259.0,,26788.0,28796.0,2008.0,27514.0,27514.0,27514.0,0.04825407266616821,0.009436419121921061,0.01,-0.0008429272391367712,0.0,0.0,0.0,0.1049925908446312,0.11708484841629778,83.95063209533691,86.32421875,319.50787353515625,2e-05,259.0,0.0,0.1275000125169754,0.800000011920929,-1.0,0.1275000125169754,0.800000011920929,-1.0,0.004515883978456259,1.4999970197677612,-1.4999970197677612,0.004515883978456259,1.4999970197677612,-1.4999970197677612,228.1999969482422,690.0,104.0,0.0,228.1999969482422,690.0,104.0,0.0,0.0,1147.5,1286.0,1101.0,0.0,3.6383047699928284e-05,6.045738697052002,6.7354888916015625,5.088007926940918,0.25,17.54145043483004,1.277656408958137,2.3329564123414457,1.4848772170953453,0.0020937002263963223,12.286905496846884,34.930644367821515,4.0446873754262924e-05,0.013492015129528107,0.9608594672891126,0.11164230479798361,1.902395350000293e-05,110056.0,34.930644367821515,787.6751344829526,,,,,,,,,,,,,,
260.0,,28066.0,31785.0,3719.0,30522.0,30523.0,30522.5,0.03655404970049858,0.008342540812445804,0.01,0.0016633529140381135,0.0,0.0,0.0,0.048960719257593155,0.12969274176268814,83.95063209533691,86.32421875,339.34771728515625,2e-05,260.0,0.0,0.23249998688697815,1.0,-1.0,0.23249998688697815,1.0,-1.0,0.011241271160542965,1.4999970197677612,-0.8660238981246948,0.011241271160542965,1.4999970197677612,-0.8660238981246948,230.625,1123.0,104.0,0.0,230.625,1123.0,104.0,0.0,0.0,1295.5,2230.0,1101.0,0.0,3.526266664266586e-05,5.577945709228516,11.11331844329834,1.9535130262374878,0.25,21.99351223418489,1.16663284227252,2.3509895587339997,1.706994142383337,0.002062755636870861,12.398835055995733,39.623693111818284,4.0191225707530975e-05,0.013981441087585691,1.192060283695658,0.10155487800799191,1.6895369292086667e-05,122090.0,39.623693111818284,770.3093175556688,,,,,,,,,,,,,,
261.0,,25430.0,31649.0,6219.0,28071.0,28072.0,28071.75,0.04979069158434868,0.01601558102935087,0.01,0.004211136512458325,0.0,0.0,0.0,0.05131010338664055,0.11924383669128816,83.95063209533691,86.32421875,328.679931640625,2e-05,261.0,0.0,0.3800000250339508,0.800000011920929,-1.0,0.3800000250339508,0.800000011920929,-1.0,-0.01619628071784973,1.4999970197677612,-1.4999970197677612,-0.01619628071784973,1.4999970197677612,-1.4999970197677612,254.6875,854.0,106.0,0.0,254.6875,854.0,106.0,0.0,0.0,1148.9000244140625,1288.0,1103.0,0.0,3.455905243754387e-05,6.200335502624512,8.529398918151855,3.469971179962158,0.25,19.393851813860238,1.207387221045792,2.311895939987153,1.5995315769687295,0.0021556513383984566,12.324810328893363,36.84423812804744,3.8942787796258926e-05,0.014245029050279459,0.9518454877968214,0.1097616850471859,1.9197692862027276e-05,112287.0,36.84423812804744,761.903391853028,,,,,,,,,,,,,,
262.0,,28762.0,34419.0,5657.0,31380.0,31381.0,31380.75,0.06309822201728821,0.007985920806531797,0.01,-0.004604426957666874,0.0,0.0,0.0,0.08180452883243561,0.1329754050066345,83.95063209533691,86.32421875,338.94073486328125,2e-05,262.0,0.0,-0.11812499910593033,1.0,-1.0,-0.11812499910593033,1.0,-1.0,0.009518258273601532,1.4999970197677612,-1.4999970197677612,0.009518258273601532,1.4999970197677612,-1.4999970197677612,292.4375,769.0,107.0,0.0,292.4375,769.0,107.0,0.0,0.0,1276.5999755859375,2128.0,1107.0,0.0,3.635091707110405e-05,6.368077754974365,7.89081335067749,5.500102996826172,0.25,18.45340970577672,0.9526851181872189,2.3132633571512997,1.663326702080667,0.002065638080239296,12.435058248229325,35.82436208007857,3.7278980016708374e-05,0.013251170718359719,0.7887757942199923,0.09906597395082435,1.6456251684864894e-05,125523.0,35.82436208007857,875.9611665897716,,,,,,,,,,,,,,
263.0,,28400.0,34427.0,6027.0,31686.0,31689.0,31688.25,0.0649738609790802,0.007272746106609702,0.01,0.0008812223374843598,0.0,0.0,0.0,0.13000698387622833,0.1347567393420281,83.95063209533691,86.32421875,336.11920166015625,2e-05,263.0,0.0,0.1287499964237213,1.0,-1.0,0.1287499964237213,1.0,-1.0,0.00039033443317748606,1.4999970197677612,-1.4999970197677612,0.00039033443317748606,1.4999970197677612,-1.4999970197677612,305.01251220703125,1319.0,109.0,0.0,305.01251220703125,1319.0,109.0,0.0,0.0,1279.4000244140625,1958.0,1105.0,0.0,3.5295262932777405e-05,7.891681671142578,13.055638313293457,3.7495226860046387,0.25,23.994196793064475,0.9808912919834256,2.395135061815381,1.6957836132496595,0.002088132780045271,12.401588474866003,41.47428752388805,3.68952751159668e-05,0.013378646763781997,0.9833284206821227,0.09784059134589322,1.6474030437506575e-05,126753.0,41.47428752388805,764.0456748473,,,,,,,,,,,,,,
264.0,,27636.0,33893.0,6257.0,30767.0,30768.0,30767.5,0.052399180829524994,0.009735072495761074,0.01,0.0032962722703814514,0.0,0.0,0.0,0.046840131282806396,0.131181016261652,83.95063209533691,86.32421875,335.3011474609375,2e-05,264.0,0.0,0.15375001728534698,1.0,-0.699999988079071,0.15375001728534698,1.0,-0.699999988079071,-0.02549663372337818,1.4999970197677612,-1.4999899864196777,-0.02549663372337818,1.4999970197677612,-1.4999899864196777,330.9750061035156,1242.0,108.0,0.0,330.9750061035156,1242.0,108.0,0.0,0.0,1207.4000244140625,1708.0,1099.0,0.0,3.276718780398369e-05,9.243111610412598,12.420770645141602,6.0476555824279785,0.25,22.86776024894789,1.157141457311809,2.3194973915815353,1.6776508996263146,0.002132291905581951,12.347291870042682,40.37603508727625,3.95188108086586e-05,0.013631680341483016,0.86365134258433,0.1003273898597764,1.7325846311708387e-05,123070.0,40.37603508727625,762.0238077734334,,,,,,,,,,,,,,
265.0,,25198.0,31128.0,5930.0,28161.0,28795.0,28334.0,0.05012350156903267,0.01204753436613828,0.01,-0.0012245777994394302,0.0,0.0,0.0,0.08133453875780106,0.1193657700072432,83.95063209533691,86.32421875,347.589111328125,2e-05,265.0,0.0,0.3125,0.800000011920929,-1.0,0.3125,0.800000011920929,-1.0,-0.10337067395448685,1.4999970197677612,-1.4999977350234985,-0.10337067395448685,1.4999970197677612,-1.4999977350234985,225.35000610351562,2250.0,107.0,0.012500000186264515,225.35000610351562,2250.0,107.0,0.012500000186264515,0.0,1191.3499755859375,2161.0,1099.0,0.0,3.5167206078767776e-05,8.034915924072266,21.460542678833008,2.1758334636688232,0.25,32.502885485999286,1.3611381528899074,2.3173662037588656,1.5743329511024058,0.002102564089000225,12.457930903881788,50.220412836410105,3.9614737033843994e-05,0.013890846254521121,1.8029113315952565,0.10992033337934803,1.8551599571188548e-05,113336.0,50.220412836410105,564.1928928839405,,,,,,,,,,,,,,
266.0,-0.31204219957350926,28537.0,31272.0,2735.0,29711.0,29713.0,29712.25,0.07363131642341614,0.005681876324815676,0.01,0.0013337786868214611,0.0,0.0,0.0,0.06390470266342163,0.12632997373641314,83.95063209533691,86.32421875,332.092529296875,2e-05,266.0,0.0,0.09125000238418579,1.0,-1.0,0.09125000238418579,1.0,-1.0,-0.037987932562828064,1.4999970197677612,-1.4999970197677612,-0.037987932562828064,1.4999970197677612,-1.4999970197677612,322.7124938964844,926.0,110.0,0.0,322.7124938964844,926.0,110.0,0.0,0.0,1162.9000244140625,1274.0,1104.0,0.0,3.1871721148490906e-05,8.344033241271973,9.102401733398438,6.908371448516846,0.25,20.006830718833953,1.0727178454399109,2.3927136780694127,1.5987471072003245,0.002188929822295904,12.35947980498895,37.437396224122494,4.956591874361038e-05,0.013451918881945364,0.7749479303882695,0.10399313250417715,1.841773866247006e-05,118849.0,37.437396224122494,793.6516156766037,420.21724843699485,,,,,,,,,,,,,
267.0,,27541.0,32719.0,5178.0,31068.0,31069.0,31068.25,0.061098612844944,0.005117920114425943,0.01,0.0019068861380219459,0.0,0.0,0.0,0.11513961851596832,0.11987851353349312,83.95063209533691,86.32421875,344.5227355957031,2e-05,267.0,0.0,-0.06874999403953552,1.0,-1.0,-0.06874999403953552,1.0,-1.0,-0.022988397628068924,1.4999970197677612,-1.4999970197677612,-0.022988397628068924,1.4999970197677612,-1.4999970197677612,336.8125,1200.0,108.0,0.0,336.8125,1200.0,108.0,0.0,0.0,1216.5999755859375,2000.0,1106.0,0.0,4.067085683345795e-05,8.394256591796875,11.853865623474121,4.695971488952637,0.25,22.66697055986151,70.2655378030613,3.1759396377019584,1.6764610237441957,0.0019415458664298058,13.646614100784063,111.43758270284161,3.523100167512894e-05,0.01349014688423226,0.841231046942346,0.10981157693774242,1.5623231646695626e-05,124273.0,111.43758270284161,278.7950819325137,,,,,,,,,,,,,,
268.0,,26196.0,31863.0,5667.0,28726.0,28727.0,28726.75,0.05661807209253311,0.0070591578236781066,0.01,0.0010220847651362416,0.0,0.0,0.0,0.05504680052399635,0.1209320800088128,83.95063209533691,86.32421875,324.660400390625,2e-05,268.0,0.0,0.10125000774860382,0.800000011920929,-1.0,0.10125000774860382,0.800000011920929,-1.0,-0.007986645214259624,1.4999970197677612,-1.4999970197677612,-0.007986645214259624,1.4999970197677612,-1.4999970197677612,278.88751220703125,992.0,107.0,0.0,278.88751220703125,992.0,107.0,0.0,0.0,1157.449951171875,1261.0,1103.0,0.0,4.2271334677934647e-05,6.579102993011475,10.002368927001953,3.084662437438965,0.25,20.793545801192522,1.2911219582892954,2.3270695507526398,1.5454045059159398,0.0019156592898070812,12.453169813845307,38.416065231431276,3.305496647953987e-05,0.01344917634187595,0.9319862758815168,0.10837607642567734,1.6671388947645325e-05,114907.0,38.416065231431276,747.7796028026403,,,,,,,,,,,,,,
269.0,,27999.0,32005.0,4006.0,30001.0,30002.0,30001.25,0.06374838203191757,0.003916676722001284,0.01,7.95023329555989e-05,0.0,0.0,0.0,0.10119890421628952,0.12641438561841287,83.95063209533691,86.32421875,336.391357421875,2e-05,269.0,0.0,-0.044999994337558746,0.800000011920929,-1.0,-0.044999994337558746,0.800000011920929,-1.0,0.0037743051070719957,1.4999970197677612,-1.4999970197677612,0.0037743051070719957,1.4999970197677612,-1.4999970197677612,319.7124938964844,1098.0,107.0,0.0,319.7124938964844,1098.0,107.0,0.0,0.0,1180.3499755859375,1290.0,1101.0,0.0,4.1150953620672226e-05,8.401887893676758,10.975955963134766,6.97547721862793,0.25,21.769922951236367,1.0878423782996833,2.36308179423213,1.6327260280959308,0.0018535787239670753,12.468384040053934,39.327146261930466,3.5007018595933914e-05,0.013605483338993632,0.8511523224473694,0.10389887121414886,1.54458457894844e-05,120005.0,39.327146261930466,762.8636413174445,,,,,,,,,,,,,,
270.0,,27311.0,33517.0,6206.0,30203.0,30758.0,30343.0,0.07210994511842728,0.0073454756336286675,0.01,-0.00010996362194419033,0.0,0.0,0.0,0.12542913854122162,0.12675162454829084,86.72962379455566,88.619140625,355.57708740234375,2e-05,270.0,0.0,0.17874999344348907,1.0,-1.0,0.17874999344348907,1.0,-1.0,-0.09533277153968811,1.4999970197677612,-1.4999970197677612,-0.09533277153968811,1.4999970197677612,-1.4999970197677612,313.79998779296875,2250.0,109.0,0.012500000186264515,313.79998779296875,2250.0,109.0,0.012500000186264515,0.0,1203.3499755859375,2244.0,1101.0,0.0,4.5342836529016495e-05,11.281596183776855,21.65100860595703,5.156029224395752,0.25,32.53787200478837,1.2704282542690635,2.346028330270201,1.694907904136926,0.001934568863362074,12.611880240030587,50.4669077671133,3.5422854125499725e-05,0.013964570940059701,1.2961230084762734,0.10391095343267465,1.5939169358353443e-05,121372.0,50.4669077671133,601.2454763430737,,,,,,,,,,,,,,
271.0,,25164.0,31503.0,6339.0,27871.0,28831.0,28111.75,0.05475753918290138,0.013681054792832584,0.01,0.0018051834125071768,0.0,0.0,0.0,0.13328590989112854,0.11865807732689843,86.72962379455566,88.619140625,342.28875732421875,2e-05,271.0,0.0,0.22499999403953552,0.800000011920929,-1.0,0.22499999403953552,0.800000011920929,-1.0,-0.03253058344125748,1.4999970197677612,-1.4999970197677612,-0.03253058344125748,1.4999970197677612,-1.4999970197677612,263.9375,2250.0,107.0,0.012500000186264515,263.9375,2250.0,107.0,0.012500000186264515,0.0,1141.6500244140625,1283.0,1099.0,0.0,3.9711128920316696e-05,9.91572093963623,21.559650421142578,2.213960647583008,0.25,32.49810913996771,1.269887374714017,2.291731830686331,1.5338461897335947,0.0018683308735489845,12.425863919779658,50.02498575299978,3.452831879258156e-05,0.013640614598287146,1.5391005986250395,0.11050418348003645,1.661521315418806e-05,112447.0,50.02498575299978,561.9541830317115,,,,,,,,,,,,,,
272.0,,25587.0,33901.0,8314.0,28998.0,29090.0,29021.5,0.062308646738529205,0.008921983179170638,0.01,0.0016102779284119617,0.0,0.0,0.0,0.07714448124170303,0.12123462524611663,86.72962379455566,88.619140625,348.87506103515625,2e-05,272.0,0.0,0.39250001311302185,1.0,-0.699999988079071,0.39250001311302185,1.0,-0.699999988079071,0.04637797921895981,1.4999970197677612,-1.4999970197677612,0.04637797921895981,1.4999970197677612,-1.4999970197677612,263.875,1325.0,107.0,0.0,263.875,1325.0,107.0,0.0,0.0,1187.199951171875,1852.0,1099.0,0.0,3.987085074186325e-05,6.912409782409668,12.976227760314941,2.7041985988616943,0.25,24.187188184354454,1.2453351868316531,2.3207263578660786,1.6070287707261741,0.0018973220139741898,12.56428739009425,41.93030354985967,3.526313230395317e-05,0.013843433064505401,1.1457692176387708,0.10823258093219036,1.6344107075566304e-05,116086.0,41.93030354985967,692.1366539951301,,,,,,,,,,,,,,
273.0,,28636.0,32998.0,4362.0,30642.0,30644.0,30643.0,0.07330343872308731,0.006988242901861669,0.01,0.00015732567757368015,0.0,0.0,0.0,0.06848139315843582,0.13077599962142528,86.72962379455566,88.619140625,334.8591613769531,2e-05,273.0,0.0,0.057499997317790985,1.0,-1.0,0.057499997317790985,1.0,-1.0,-0.041808340698480606,1.4999970197677612,-1.4999970197677612,-0.041808340698480606,1.4999970197677612,-1.4999970197677612,330.1000061035156,984.0,107.0,0.0,330.1000061035156,984.0,107.0,0.0,0.0,1202.050048828125,1820.0,1104.0,0.0,4.070298746228218e-05,8.315812110900879,9.854203224182129,6.963901996612549,0.25,20.68912973906845,1.2014360870234668,2.319730995222926,1.6559836301021278,0.0018773870542645454,12.332976220641285,38.20487839868292,3.503914922475815e-05,0.013510292971495348,0.7834417501919285,0.1006182180321875,1.5316606192805415e-05,122572.0,38.20487839868292,802.0703450545831,,,,,,,,,,,,,,
274.0,,26894.0,29925.0,3031.0,28219.0,28344.0,28275.0,0.0709235817193985,0.008933102900628001,0.01,0.002070611976087094,0.0,0.0,0.0,0.0615556426346302,0.11897599119892306,86.72962379455566,88.619140625,338.03125,2e-05,274.0,0.0,0.10625000298023224,0.800000011920929,-1.0,0.10625000298023224,0.800000011920929,-1.0,-0.0035792235285043716,1.4999970197677612,-1.4999970197677612,-0.0035792235285043716,1.4999970197677612,-1.4999970197677612,266.6000061035156,1248.0,105.0,0.0,266.6000061035156,1248.0,105.0,0.0,0.0,1147.1500244140625,1283.0,1099.0,0.0,4.143873229622841e-05,7.687180042266846,12.034273147583008,5.196535110473633,0.25,22.980683075264096,1.095747945830226,2.304246325045824,1.5534711237996817,0.0019359439611434937,12.453174729831517,40.39289104193449,3.4047290682792664e-05,0.013735376868255364,1.0774888913758485,0.11010764571026982,1.7117099568023818e-05,113100.0,40.39289104193449,699.9994125363763,,,,,,,,,,,,,,
275.0,,29512.0,34062.0,4550.0,30942.0,30943.0,30942.5,0.05882203206419945,0.0023461221600882707,0.01,0.0015750815952196718,0.0,0.0,0.0,0.07194746285676956,0.13112089185166584,86.72962379455566,88.619140625,340.47406005859375,2e-05,275.0,0.0,-0.011250000447034836,0.699999988079071,-1.0,-0.011250000447034836,0.699999988079071,-1.0,-0.037359125912189484,1.4999970197677612,-1.4999970197677612,-0.037359125912189484,1.4999970197677612,-1.4999970197677612,319.2250061035156,987.0,133.0,0.0,319.2250061035156,987.0,133.0,0.0,0.0,1227.9000244140625,2124.0,1105.0,0.0,3.7983059883117676e-05,8.805423736572266,9.664549827575684,7.551486492156982,0.25,20.296498702373356,1.0336609869264066,2.3210024782456458,1.6478671631775796,0.0018024127930402756,12.427677694242448,37.73214683821425,3.375904634594917e-05,0.013313946539368019,0.7947567821432123,0.10040945054732527,1.4562598311709425e-05,123770.0,37.73214683821425,820.0567047688405,,,,,,,,,,,,,,
276.0,,25510.0,34574.0,9064.0,29675.0,29676.0,29675.25,0.059146180748939514,0.012218051205418306,0.01,-0.004173365589231253,0.0,0.0,0.0,0.048752665519714355,0.12539018805942853,86.72962379455566,88.619140625,349.4501953125,2e-05,276.0,0.0,0.3387500047683716,1.0,-1.0,0.3387500047683716,1.0,-1.0,0.04281625896692276,1.4999970197677612,-1.4999970197677612,0.04281625896692276,1.4999970197677612,-1.4999970197677612,244.71249389648438,1541.0,108.0,0.0,244.71249389648438,1541.0,108.0,0.0,0.0,1239.050048828125,2250.0,1107.0,0.05000000074505806,4.45428304374218e-05,7.423904895782471,14.950518608093262,2.9497504234313965,0.25,25.82907308358699,1.1849004053510725,2.310188709292561,1.6069458927959204,0.001952553167939186,12.45054370118305,43.387424300424755,3.462284803390503e-05,0.013537762047463126,1.3193580775188738,0.10488996471119073,1.6449340510519593e-05,118701.0,43.387424300424755,683.9597067233485,,,,,,,,,,,,,,
277.0,,27789.0,31057.0,3268.0,29365.0,29367.0,29366.25,0.06600910425186157,0.009217183329164982,0.01,-0.0012045403558295221,0.0,0.0,0.0,0.03838063031435013,0.12472490933248674,86.72962379455566,88.619140625,341.2236022949219,2e-05,277.0,0.0,0.27000001072883606,1.0,-1.0,0.27000001072883606,1.0,-1.0,-0.03819265961647034,1.4999970197677612,-1.4999897480010986,-0.03819265961647034,1.4999970197677612,-1.4999897480010986,266.3125,997.0,108.0,0.0,266.3125,997.0,108.0,0.0,0.0,1202.0,2250.0,1107.0,0.05000000074505806,3.6319252103567123e-05,7.758392333984375,9.785942077636719,4.411355972290039,0.25,20.68430281523615,1.1071691662073135,2.3101387210190296,1.6021055709570646,0.0018554041162133217,12.364718276076019,38.07395541621372,3.372738137841225e-05,0.013639003711378408,0.9708661260378386,0.10526299983889685,1.5795378335787866e-05,117465.0,38.07395541621372,771.2949621066804,,,,,,,,,,,,,,
278.0,,29812.0,35292.0,5480.0,32711.0,32712.0,32711.25,0.06694839894771576,0.005684201378608122,0.01,-0.0015765572339296353,0.0,0.0,0.0,0.09182807058095932,0.1295192054881445,86.72962379455566,88.619140625,347.8232421875,2e-05,278.0,0.0,0.1274999976158142,1.0,-1.0,0.1274999976158142,1.0,-1.0,0.018677663058042526,1.4999970197677612,-1.4999970197677612,0.018677663058042526,1.4999970197677612,-1.4999970197677612,275.5625,1076.0,111.0,0.0,275.5625,1076.0,111.0,0.0,0.0,1360.0,2250.0,1110.0,0.10000000149011612,4.8863235861063004e-05,6.688639163970947,10.571307182312012,3.6623895168304443,0.25,21.42364851385355,12.539324413985014,3.1673495727591217,1.7851054184138775,0.0018630512058734894,13.35924749309197,52.28029361972585,3.5902950912714005e-05,0.013642901283303737,0.971814402987233,0.10209979359617846,1.423861214317314e-05,130845.0,52.28029361972585,625.6898677335992,,,,,,,,,,,,,,
279.0,,25507.0,33695.0,8188.0,29682.0,29682.0,29682.0,0.06775737553834915,0.010053785517811775,0.01,0.00017432760447263633,0.0,0.0,0.0,0.11224552243947983,0.12576324973756522,86.72962379455566,88.619140625,346.69976806640625,2e-05,279.0,0.0,0.11999998986721039,1.0,-1.0,0.11999998986721039,1.0,-1.0,-0.010683853179216385,1.499993920326233,-1.4999970197677612,-0.010683853179216385,1.499993920326233,-1.4999970197677612,233.64999389648438,771.0,108.0,0.0,233.64999389648438,771.0,108.0,0.0,0.0,1250.449951171875,2250.0,1101.0,0.05000000074505806,3.711879253387451e-05,5.055186748504639,7.835691928863525,2.875883102416992,0.25,18.710826861206442,8.291494517587125,2.318955868948251,1.5852870447561145,0.0018776417709887028,12.410255133640021,43.322480322793126,3.561517223715782e-05,0.013352259321778472,1.0010072149158165,0.10452677661242521,1.5814650048756002e-05,118728.0,43.322480322793126,685.1408270911834,,,,,,,,,,,,,,
280.0,-0.3133160849428101,25568.0,30772.0,5204.0,28942.0,28969.0,28950.75,0.0631212517619133,0.007817545177055579,0.01,-0.002433390840888024,0.0,0.0,0.0,0.08237698674201965,0.12285046315553376,86.72962379455566,88.619140625,346.1294250488281,2e-05,280.0,0.0,0.20125000178813934,1.0,-1.0,0.20125000178813934,1.0,-1.0,-0.007523032370954752,1.4999970197677612,-1.4999970197677612,-0.007523032370954752,1.4999970197677612,-1.4999970197677612,203.2375030517578,626.0,108.0,0.0,203.2375030517578,626.0,108.0,0.0,0.0,1244.300048828125,1932.0,1103.0,0.0,4.031788557767868e-05,4.132220268249512,6.3418049812316895,2.7127249240875244,0.25,16.9660152499564,1.0382120297290385,2.3237106851302087,1.6017558481544256,0.0018945708870887756,12.36862375587225,34.3040329888463,3.807898610830307e-05,0.013831730163764546,1.0434845470174303,0.10680745538433589,1.6360291936208696e-05,115803.0,34.3040329888463,843.9459584653828,429.00254784617573,,,,,,,,,,,,,
281.0,,28665.0,33497.0,4832.0,31065.0,31065.0,31065.0,0.06505945324897766,0.009640250858040527,0.01,0.0016773659177124506,0.0,0.0,0.0,0.06892680376768112,0.13154185253436068,86.72962379455566,88.619140625,347.0089111328125,2e-05,281.0,0.0,0.11249999701976776,1.0,-1.0,0.11249999701976776,1.0,-1.0,-0.02156008407473564,1.4999970197677612,-1.4999970197677612,-0.02156008407473564,1.4999970197677612,-1.4999970197677612,287.1000061035156,1030.0,108.0,0.0,287.1000061035156,1030.0,108.0,0.0,0.0,1266.1500244140625,2250.0,1099.0,0.05000000074505806,3.2543204724788666e-05,7.599523544311523,10.351141929626465,5.141623020172119,0.25,20.42512271506712,63.6436628960073,2.3885358185507357,1.6842941180802882,0.0016774889081716537,12.443061127793044,100.58952015824616,2.9982998967170715e-05,0.013554596153873236,0.8892860812899303,0.10013730184929216,1.3499830260515482e-05,124260.0,100.58952015824616,308.829388500203,,,,,,,,,,,,,,
282.0,,25373.0,33129.0,7756.0,29426.0,29427.0,29426.25,0.06966664642095566,0.010769704573322087,0.01,-0.00054812453687191,0.0,0.0,0.0,0.12191565334796906,0.1253171480989907,86.72962379455566,88.619140625,344.7405700683594,2e-05,282.0,0.0,0.19249999523162842,0.800000011920929,-0.699999988079071,0.19249999523162842,0.800000011920929,-0.699999988079071,-5.011639586882666e-05,1.4999970197677612,-1.4999970197677612,-5.011639586882666e-05,1.4999970197677612,-1.4999970197677612,306.6625061035156,1144.0,108.0,0.0,306.6625061035156,1144.0,108.0,0.0,0.0,1164.6500244140625,1286.0,1099.0,0.0,3.033597022294998e-05,8.066073417663574,11.369843482971191,3.1379952430725098,0.25,22.357406141236424,1.3498509777709842,2.345687409862876,1.6738197389058769,0.0016891048289835453,12.336970009841025,40.067974511068314,3.0271243304014206e-05,0.01422046420208043,0.9113196976006369,0.10481262486590226,1.435032351203046e-05,117705.0,40.067974511068314,734.4082240012242,,,,,,,,,,,,,,
283.0,,27591.0,31283.0,3692.0,29730.0,29731.0,29730.25,0.08136802911758423,0.0074253301206044856,0.01,-0.002737669283524156,0.0,0.0,0.0,0.04883271083235741,0.1265955675093327,86.72962379455566,88.619140625,338.361328125,2e-05,283.0,0.0,0.18125000596046448,1.0,-1.0,0.18125000596046448,1.0,-1.0,0.055916547775268555,1.4999970197677612,-1.4999970197677612,0.055916547775268555,1.4999970197677612,-1.4999970197677612,282.5625,1045.0,106.0,0.0,282.5625,1045.0,106.0,0.0,0.0,1203.949951171875,2236.0,1103.0,0.0,2.9854942113161087e-05,7.166372299194336,10.280588150024414,3.332773447036743,0.25,21.329498786944896,1.1476580733433366,2.3258882518857718,1.6284799193963408,0.0016561136581003666,12.34405672410503,38.77982470858842,2.851104363799095e-05,0.013693796044402089,0.943574376772612,0.10380047867159736,1.3926166598837604e-05,118921.0,38.77982470858842,766.6421966424143,,,,,,,,,,,,,,
284.0,,25947.0,29706.0,3759.0,27839.0,29051.0,28157.25,0.06336914002895355,0.01198315029963851,0.01,-0.0004747089836746453,0.0,0.0,0.0,0.10274462401866913,0.119123716834503,86.72962379455566,88.619140625,342.9653015136719,2e-05,284.0,0.0,0.2737500071525574,1.0,-1.0,0.2737500071525574,1.0,-1.0,-0.15382307767868042,1.4999977350234985,-1.4999977350234985,-0.15382307767868042,1.4999977350234985,-1.4999977350234985,264.76251220703125,2250.0,107.0,0.012500000186264515,264.76251220703125,2250.0,107.0,0.012500000186264515,0.0,1143.0999755859375,1274.0,1099.0,0.0,2.9695220291614532e-05,9.785205841064453,21.309011459350586,3.4808602333068848,0.25,32.235008005052805,1.2692356263287365,2.317492005880922,1.537010904867202,0.0016326904296875,12.38394682528451,49.74693004786968,2.7935020625591278e-05,0.013646670971660958,1.521883197443596,0.1099534473828633,1.4496181531288567e-05,112629.0,49.74693004786968,566.0098014672521,,,,,,,,,,,,,,
285.0,,27118.0,31615.0,4497.0,29217.0,29217.0,29217.0,0.07356303930282593,0.008705844357609748,0.01,-0.0005131701286882166,0.0,0.0,0.0,0.08824441581964493,0.12362902450346068,86.72962379455566,88.619140625,343.57818603515625,2e-05,285.0,0.0,0.16124999523162842,1.0,-1.0,0.16124999523162842,1.0,-1.0,-0.004903238266706467,1.4999970197677612,-1.4999970197677612,-0.004903238266706467,1.4999970197677612,-1.4999970197677612,259.3500061035156,823.0,87.0,0.0,259.3500061035156,823.0,87.0,0.0,0.0,1201.5,2224.0,1107.0,0.0,3.110291436314583e-05,6.503782272338867,8.286225318908691,4.2381720542907715,0.25,19.16387973492965,1.1064814319834113,2.335721524897963,1.598311698064208,0.0016781920567154884,12.402346508111805,36.610796625260264,2.780696377158165e-05,0.013676213318138482,0.9236494956106445,0.10612268977061133,1.4359722564906462e-05,116868.0,36.610796625260264,798.0432739297788,,,,,,,,,,,,,,
286.0,,26668.0,30580.0,3912.0,28214.0,28378.0,28305.25,0.0734078511595726,0.010257514473050833,0.01,-0.0005046161497011779,0.0,0.0,0.0,0.12815524637699127,0.12039353361533961,86.72962379455566,88.619140625,331.59393310546875,2e-05,286.0,0.0,0.28125,1.0,-1.0,0.28125,1.0,-1.0,-0.01144459843635559,1.4999970197677612,-1.4999970197677612,-0.01144459843635559,1.4999970197677612,-1.4999970197677612,274.1625061035156,1187.0,106.0,0.0,274.1625061035156,1187.0,106.0,0.0,0.0,1141.0999755859375,1281.0,1099.0,0.0,2.9694754630327225e-05,7.109598159790039,11.479125022888184,4.217001438140869,0.25,22.3817435358651,1.2126848497428,2.3078943779692054,1.5497446609660983,0.0016443380154669285,12.315644648857415,39.771807895042,2.972688525915146e-05,0.013687784606796427,1.0204597426647106,0.10877526827052768,1.4523259955899776e-05,113221.0,39.771807895042,711.6913084438529,,,,,,,,,,,,,,
287.0,,27199.0,29561.0,2362.0,28190.0,28191.0,28190.25,0.07175418734550476,0.009048643542919309,0.01,-0.003299654982984067,0.0,0.0,0.0,0.07014400511980057,0.11907437929929388,86.72962379455566,88.619140625,329.16839599609375,2e-05,287.0,0.0,0.03500000387430191,0.800000011920929,-1.0,0.03500000387430191,0.800000011920929,-1.0,0.020045550540089607,1.4999970197677612,-1.4999970197677612,0.020045550540089607,1.4999970197677612,-1.4999970197677612,259.61248779296875,1009.0,110.0,0.0,259.61248779296875,1009.0,110.0,0.0,0.0,1149.9000244140625,1276.0,1105.0,0.0,2.9215123504400253e-05,6.488725662231445,9.828049659729004,3.665398597717285,0.25,20.854894084855914,1.2179748881608248,2.3165080188773572,1.5228186240419745,0.0016141943633556366,12.3946073949337,38.31123366905376,2.835085615515709e-05,0.013504834331390946,1.0041356870747709,0.10991927523641774,1.4315183116109618e-05,112761.0,38.31123366905376,735.8220370431695,,,,,,,,,,,,,,
288.0,,25740.0,29360.0,3620.0,28114.0,28114.0,28114.0,0.0626780092716217,0.013320796051993966,0.01,-0.0016701380535960202,0.0,0.0,0.0,0.06805809587240219,0.11906114971245979,86.72962379455566,88.619140625,321.4039306640625,2e-05,288.0,0.0,0.22499997913837433,1.0,-1.0,0.22499997913837433,1.0,-1.0,0.0006463120807893574,0.8660238981246948,-1.4999970197677612,0.0006463120807893574,0.8660238981246948,-1.4999970197677612,236.39999389648438,631.0,109.0,0.0,236.39999389648438,631.0,109.0,0.0,0.0,1169.300048828125,1736.0,1099.0,0.0,2.9918737709522247e-05,5.157468318939209,6.245278358459473,2.8660926818847656,0.25,17.227255755104125,1.2771221520379186,2.401246516034007,1.5257873083464801,0.0016414890997111797,12.359700283966959,34.79520690627396,3.0079390853643417e-05,0.013567860392922388,0.9109166537174347,0.10990698836849042,1.4596723160268725e-05,112456.0,34.79520690627396,807.9848490549064,,,,,,,,,,,,,,
289.0,,26588.0,31274.0,4686.0,28939.0,29008.0,28958.0,0.0694848895072937,0.008885707217268645,0.01,0.0010804600082337857,0.0,0.0,0.0,0.08324063569307327,0.12344837590554214,86.72962379455566,88.619140625,336.9921875,2e-05,289.0,0.0,0.14500001072883606,1.0,-1.0,0.14500001072883606,1.0,-1.0,-0.039349522441625595,1.4999970197677612,-1.4999970197677612,-0.039349522441625595,1.4999970197677612,-1.4999970197677612,292.1000061035156,1131.0,110.0,0.0,292.1000061035156,1131.0,110.0,0.0,0.0,1155.800048828125,1286.0,1107.0,0.0,3.1550880521535873e-05,6.371510982513428,11.195541381835938,3.699308156967163,0.25,21.951751046348363,1.259583932813257,2.351966611109674,1.5753086120821536,0.001682383008301258,12.303167838137597,39.4458762248978,2.947123721241951e-05,0.013599943125234422,0.9393936599772493,0.1062156212284826,1.4524337042451638e-05,115832.0,39.4458762248978,734.119831307538,,,,,,,,,,,,,,
290.0,,26989.0,35312.0,8323.0,29658.0,30369.0,29934.25,0.06446344405412674,0.007043204458896071,0.01,0.0010159565135836601,0.0,0.0,0.0,0.1138770803809166,0.1269254897759471,86.72962379455566,88.619140625,347.30059814453125,2e-05,290.0,0.0,0.025000005960464478,1.0,-1.0,0.025000005960464478,1.0,-1.0,-0.11828410625457764,1.4999970197677612,-1.4999977350234985,-0.11828410625457764,1.4999970197677612,-1.4999977350234985,287.0625,2250.0,106.0,0.012500000186264515,287.0625,2250.0,106.0,0.012500000186264515,0.0,1209.6500244140625,2250.0,1103.0,0.05000000074505806,2.81590037047863e-05,8.85071086883545,21.614641189575195,4.051623344421387,0.25,32.56979470513761,1.09617652092129,2.3632479519583285,1.6393520259298384,0.001657392829656601,12.40386622119695,50.076685848180205,2.947123721241951e-05,0.013691273590701608,1.4182362162045552,0.10359259227470999,1.3841943840722592e-05,119737.0,50.076685848180205,597.7681927824266,,,,,,,,,,,,,,
291.0,,27706.0,28823.0,1117.0,28353.0,28354.0,28353.5,0.06617151200771332,0.006450598512310534,0.01,0.00028163462877273533,0.0,0.0,0.0,0.06975435465574265,0.11981281146881197,86.72962379455566,88.619140625,322.014404296875,2e-05,291.0,0.0,0.030000001192092896,0.800000011920929,-1.0,0.030000001192092896,0.800000011920929,-1.0,4.0777373214950785e-05,1.4999970197677612,-1.4999970197677612,4.0777373214950785e-05,1.4999970197677612,-1.4999970197677612,266.82501220703125,711.0,107.0,0.0,266.82501220703125,711.0,107.0,0.0,0.0,1150.8499755859375,1268.0,1099.0,0.0,2.9215123504400253e-05,5.949796199798584,7.141111373901367,5.084743499755859,0.25,18.003958682063967,1.0237561198882759,2.316891639959067,1.498444871045649,0.001689199823886156,12.38911166600883,35.23640055395663,2.7455389499664307e-05,0.013212168436398055,0.8434347738247899,0.10923793946081463,1.489410323140138e-05,113414.0,35.23640055395663,804.6650496149,,,,,,,,,,,,,,
292.0,,27499.0,40948.0,13449.0,31685.0,31686.0,31685.25,0.06321588903665543,0.007239210658008232,0.01,-0.0035893401876091954,0.0,0.0,0.0,0.08258377015590668,0.13397607198169895,86.72962379455566,88.619140625,363.3519287109375,2e-05,292.0,0.0,-0.033571429550647736,1.0,-1.0,-0.033571429550647736,1.0,-1.0,-0.01783381588757038,1.4999970197677612,-1.4999970197677612,-0.01783381588757038,1.4999970197677612,-1.4999970197677612,310.61248779296875,1129.0,106.0,0.0,310.61248779296875,1129.0,106.0,0.0,0.0,1273.6500244140625,2250.0,1101.0,0.05000000074505806,3.10712493956089e-05,7.547060489654541,11.272088050842285,5.014105319976807,0.25,21.78662059875205,1.0526309697888792,2.5064687989652157,1.7286589620634913,0.0016955360770225525,12.481290055904537,39.559859027154744,3.078393638134003e-05,0.01363930347767093,0.8767604571110327,0.09847870898844524,1.3377960383952727e-05,126741.0,39.559859027154744,800.9444618660183,,,,,,,,,,,,,,
293.0,,26834.0,30472.0,3638.0,28607.0,28608.0,28607.5,0.05578795447945595,0.01066183340270072,0.01,0.00022663149982690977,0.0,0.0,0.0,0.1266070008277893,0.12247478065684947,86.72962379455566,88.619140625,329.59967041015625,2e-05,293.0,0.0,0.16249999403953552,0.800000011920929,-1.0,0.16249999403953552,0.800000011920929,-1.0,0.021009661257267,1.4999970197677612,-1.4999970197677612,0.021009661257267,1.4999970197677612,-1.4999970197677612,275.32501220703125,830.0,107.0,0.0,275.32501220703125,830.0,107.0,0.0,0.0,1155.050048828125,1288.0,1099.0,0.0,2.755178138613701e-05,7.001035690307617,8.336515426635742,4.1362080574035645,0.25,19.13501355657354,1.0578495752997696,2.2863466599956155,1.5568502992391586,0.001695855986326933,12.24065543571487,36.28091576136649,2.988707274198532e-05,0.013605263473207714,0.8687466429026396,0.10697068457323142,1.48200295929995e-05,114430.0,36.28091576136649,788.4999427291889,,,,,,,,,,,,,,
294.0,-0.3136345562376794,27052.0,28630.0,1578.0,27688.0,27689.0,27688.25,0.04793480038642883,0.008570517140906304,0.01,0.00017501032911241017,0.0,0.0,0.0,0.21795117855072021,0.11796892935612711,86.72962379455566,88.619140625,318.3680419921875,2e-05,294.0,0.0,0.2212500125169754,1.0,-0.699999988079071,0.2212500125169754,1.0,-0.699999988079071,-0.011762824840843678,1.4999970197677612,-1.4999970197677612,-0.011762824840843678,1.4999970197677612,-1.4999970197677612,237.2624969482422,543.0,111.0,0.0,237.2624969482422,543.0,111.0,0.0,0.0,1147.1500244140625,1221.0,1103.0,0.0,3.174273297190666e-05,4.574707508087158,5.462013244628906,3.4037439823150635,0.25,16.119566021952778,1.2138217980973423,2.2868256070651114,1.483909938018769,0.0017417431809008121,12.26743644895032,33.37593373795971,3.7822872400283813e-05,0.013398372396402526,0.8492474591408661,0.11076392015521314,1.5726374733874588e-05,110753.0,33.37593373795971,829.5872773893095,436.05971652502194,,,,,,,,,,,,,
295.0,,27294.0,37265.0,9971.0,30523.0,30524.0,30523.75,0.06767231225967407,0.00852731189599581,0.01,4.494808614253949e-05,0.0,0.0,0.0,0.05678641051054001,0.12477744366296324,86.72962379455566,88.619140625,347.40216064453125,2e-05,295.0,0.0,0.10250000655651093,1.0,-0.699999988079071,0.10250000655651093,1.0,-0.699999988079071,0.004917732905596495,0.4999989867210388,-1.4999970197677612,0.004917732905596495,0.4999989867210388,-1.4999970197677612,275.7875061035156,829.0,105.0,0.0,275.7875061035156,829.0,105.0,0.0,0.0,1250.4000244140625,2224.0,1097.0,0.0,3.2735057175159454e-05,6.7619242668151855,8.396941184997559,5.519368648529053,0.25,19.017593829892576,70.02887234929949,2.9737775060348213,1.6665831501595676,0.001790447160601616,12.873791994061321,106.5651381611824,3.065494820475578e-05,0.01364988861263416,0.8619677210666081,0.10544077967206947,1.4664377415959834e-05,122095.0,106.5651381611824,286.43279149914935,,,,,,,,,,,,,,
296.0,,26936.0,30827.0,3891.0,28530.0,28531.0,28530.5,0.06981921195983887,0.007693393679801375,0.01,0.001004889095202088,0.0,0.0,0.0,0.08820395171642303,0.1198446831118189,86.72962379455566,88.619140625,333.71002197265625,2e-05,296.0,0.0,0.027499999850988388,1.0,-1.0,0.027499999850988388,1.0,-1.0,0.014667593874037266,1.4999970197677612,-1.4999970197677612,0.014667593874037266,1.4999970197677612,-1.4999970197677612,274.2250061035156,813.0,108.0,0.0,274.2250061035156,813.0,108.0,0.0,0.0,1152.300048828125,1274.0,1107.0,0.0,2.9759015887975693e-05,5.617377281188965,8.194730758666992,4.045823097229004,0.25,18.787453942000866,1.1578312036581337,2.361484460067004,1.5246240575797856,0.0016988650895655155,12.471170749980956,36.306835687253624,2.9086600989103317e-05,0.013359598128141687,0.8563886380709667,0.10927928664044581,1.4886394293523734e-05,114122.0,36.306835687253624,785.8162095358894,,,,,,,,,,,,,,
297.0,,29909.0,34779.0,4870.0,31857.0,32554.0,32032.5,0.06290670484304428,0.0062858591770054775,0.01,0.0013558169128373267,0.0,0.0,0.0,0.04970260336995125,0.13551146211289372,86.84323406219482,89.09375,354.2998962402344,2e-05,297.0,0.0,0.23125000298023224,1.0,-1.0,0.23125000298023224,1.0,-1.0,-0.1192300096154213,1.4999970197677612,-1.4999977350234985,-0.1192300096154213,1.4999970197677612,-1.4999977350234985,343.32501220703125,2250.0,105.0,0.012500000186264515,343.32501220703125,2250.0,105.0,0.012500000186264515,0.0,1258.300048828125,2172.0,1101.0,0.0,3.03671695291996e-05,11.158126831054688,21.250795364379883,6.340243339538574,0.25,31.754243224859238,1.0584939289838076,2.3591176010668278,1.7765956767834723,0.0016788328066468239,12.485787617973983,49.43838961375877,3.0016060918569565e-05,0.013865571503812318,1.1561291496708381,0.09744624692089271,1.3102574000209349e-05,128130.0,49.43838961375877,647.9276580458298,,,,,,,,,,,,,,
298.0,,26439.0,30799.0,4360.0,29001.0,29104.0,29027.0,0.06782682985067368,0.010198637265712024,0.01,-0.0009619011729955669,0.0,0.0,0.0,0.05325775220990181,0.12253205632153016,86.84323406219482,89.09375,330.39251708984375,2e-05,298.0,0.0,0.3112500309944153,1.0,-0.699999988079071,0.3112500309944153,1.0,-0.699999988079071,0.014799663797020912,1.4999899864196777,-1.4999970197677612,0.014799663797020912,1.4999899864196777,-1.4999970197677612,254.35000610351562,842.0,107.0,0.0,254.35000610351562,842.0,107.0,0.0,0.0,1197.0,2127.0,1103.0,0.0,2.780696377158165e-05,5.402860641479492,8.461426734924316,3.654191493988037,0.25,19.49018421769142,1.2341773370280862,2.3138978090137243,1.5571185490116477,0.0016659367829561234,12.428033776581287,37.0275418786332,3.033597022294998e-05,0.013410949710714574,0.957842747085287,0.10703856561633382,1.4348165354291895e-05,116108.0,37.0275418786332,783.9299755609776,,,,,,,,,,,,,,
299.0,,26984.0,30718.0,3734.0,28145.0,28146.0,28145.75,0.05189036577939987,0.009835101180942728,0.01,0.0007569751329720026,0.0,0.0,0.0,0.09200388193130493,0.11760780034075599,86.84323406219482,89.09375,332.91998291015625,2e-05,299.0,0.0,0.2199999839067459,0.800000011920929,-1.0,0.2199999839067459,0.800000011920929,-1.0,-0.010914166457951069,1.4999970197677612,-1.4999970197677612,-0.010914166457951069,1.4999970197677612,-1.4999970197677612,254.58749389648438,878.0,105.0,0.0,254.58749389648438,878.0,105.0,0.0,0.0,1152.699951171875,1286.0,1099.0,0.0,2.844724804162979e-05,5.7597432136535645,8.752522468566895,3.9484617710113525,0.25,19.74928332772106,1.295934877358377,2.3171942410990596,1.4981665699742734,0.0016115698963403702,12.53138275211677,37.396070193033665,2.8030946850776672e-05,0.013307218407523991,0.9696707088781391,0.11130794837690211,1.4314504821690398e-05,112583.0,37.396070193033665,752.6392440359451,,,,,,,,,,,,,,
300.0,,26836.0,31033.0,4197.0,29467.0,29468.0,29467.75,0.056174132972955704,0.009974241538438946,0.01,-0.0006470162048935891,0.0,0.0,0.0,0.04038713499903679,0.12515666803278724,86.84323406219482,89.09375,335.9727783203125,2e-05,300.0,0.0,0.1525000035762787,0.800000011920929,-1.0,0.1525000035762787,0.800000011920929,-1.0,0.04811549559235573,1.4999970197677612,-1.4999970197677612,0.04811549559235573,1.4999970197677612,-1.4999970197677612,296.0375061035156,964.0,107.0,0.0,296.0375061035156,964.0,107.0,0.0,0.0,1177.3499755859375,1285.0,1099.0,0.0,3.6798883229494095e-05,6.6402506828308105,9.314419746398926,3.4002554416656494,0.25,19.992257547099143,1.0756608499214053,2.32782484870404,1.635842285118997,0.001661872025579214,12.363920554053038,37.399580880999565,4.323013126850128e-05,0.013878242189503755,0.8441606868681816,0.10489365962834826,1.4099074628867271e-05,117871.0,37.399580880999565,787.9165837115238,,14.539644611999393,,,,,,,,,,,,
301.0,,28954.0,34867.0,5913.0,32229.0,32230.0,32229.5,0.05482972413301468,0.010728078402095245,0.01,0.0022178966179490093,0.0,0.0,0.0,0.06561673432588577,0.13537535052972288,86.84323406219482,89.09375,358.51576232910156,2e-05,301.0,0.0,0.35285714268684387,1.0,-1.0,0.35285714268684387,1.0,-1.0,-0.02389471046626568,1.4999977350234985,-1.4999970197677612,-0.02389471046626568,1.4999977350234985,-1.4999970197677612,338.17498779296875,1095.0,106.0,0.0,338.17498779296875,1095.0,106.0,0.0,0.0,1273.300048828125,2134.0,1103.0,0.0,2.6174820959568024e-05,9.519041061401367,10.611050605773926,7.2301177978515625,0.25,20.67103979876265,1.1309397942386568,2.41943967808038,1.793882038909942,0.0016137463971972466,12.574496119748801,38.59387350734323,2.9150862246751785e-05,0.013914907452100885,0.7640659347513362,0.09753871546059356,1.2517618929841036e-05,128918.0,38.59387350734323,835.0936838166222,,,,,,,,,,,,,,
302.0,,26788.0,30032.0,3244.0,28424.0,28839.0,28553.25,0.06468851119279861,0.008851634424645455,0.01,-0.0009902760852128275,0.0,0.0,0.0,0.09527641534805298,0.12161464413273887,86.84323406219482,89.09375,336.7324523925781,2e-05,302.0,0.0,0.24124999344348907,1.0,-0.699999988079071,0.24124999344348907,1.0,-0.699999988079071,-0.051926445215940475,1.4999970197677612,-1.4999970197677612,-0.051926445215940475,1.4999970197677612,-1.4999970197677612,273.36248779296875,1169.0,108.0,0.0,273.36248779296875,1169.0,108.0,0.0,0.0,1154.300048828125,1273.0,1109.0,0.0,3.0046794563531876e-05,6.728500843048096,11.396528244018555,4.205424785614014,0.25,22.92974070692435,1.2775482079014182,2.3136083050630987,1.5466997940093279,0.0016992799937725067,12.30076025472954,40.37247158586979,3.0046794563531876e-05,0.013542239447430047,1.0485043077838194,0.10770017646616006,1.4878166178740657e-05,114213.0,40.37247158586979,707.2455284108374,,,,,,,,,,,,,,
303.0,,29356.0,35854.0,6498.0,32403.0,32888.0,32664.75,0.04027748480439186,0.005681340626906604,0.01,0.0032138795219361764,0.0,0.0,0.0,0.056951165199279785,0.13734187113810192,89.41752862930298,91.806640625,374.63055419921875,2e-05,303.0,0.0,0.19625000655651093,1.0,-1.0,0.19625000655651093,1.0,-1.0,-0.14321990311145782,1.4999970197677612,-1.4999970197677612,-0.14321990311145782,1.4999970197677612,-1.4999970197677612,383.0874938964844,2250.0,111.0,0.02500000037252903,383.0874938964844,2250.0,111.0,0.02500000037252903,0.0,1250.1500244140625,1992.0,1106.0,0.0,2.873595803976059e-05,12.60243034362793,21.384382247924805,5.377862930297852,0.25,33.07044086186215,1.1013098401017487,2.388718075118959,1.8452814132906497,0.0016914079897105694,12.585940546356142,50.9957321556285,2.8703361749649048e-05,0.014122880270709631,1.0790759572506983,0.09632662538635793,1.2945208441137384e-05,130659.0,50.9957321556285,640.5388964769422,,,,,,,,,,,,,,
304.0,,26411.0,35465.0,9054.0,31193.0,31193.0,31193.0,0.05181911587715149,0.004669763422571123,0.01,0.002762201651930808,0.0,0.0,0.0,0.11275088042020798,0.1307943422707643,89.41752862930298,91.806640625,344.50555419921875,2e-05,304.0,0.0,0.021250003948807716,0.699999988079071,-1.0,0.021250003948807716,0.699999988079071,-1.0,0.004634059499949217,1.4999970197677612,-1.4999977350234985,0.004634059499949217,1.4999970197677612,-1.4999977350234985,377.8999938964844,1121.0,127.0,0.0,377.8999938964844,1121.0,127.0,0.0,0.0,1181.75,1285.0,1105.0,0.0,3.0206982046365738e-05,7.4050703048706055,11.553914070129395,3.0842909812927246,0.25,23.50977517804131,0.9684851318597794,2.3381469352170825,1.7139293681830168,0.0016715694218873978,12.559560431167483,41.09397174604237,2.867216244339943e-05,0.013736490303778225,0.7776453816499507,0.10066008744884657,1.3396991487572515e-05,124772.0,41.09397174604237,759.0651055286253,,,,,,,,,,,,,,
305.0,,26091.0,31294.0,5203.0,28524.0,28525.0,28524.75,0.057590942829847336,0.011646709881024436,0.01,0.0010031123179942377,0.0,0.0,0.0,0.05755104497075081,0.11888887787027047,89.41752862930298,91.806640625,331.8514709472656,2e-05,305.0,0.0,0.22999998927116394,1.0,-1.0,0.22999998927116394,1.0,-1.0,-0.004292493686079979,1.4999970197677612,-1.4999970197677612,-0.004292493686079979,1.4999970197677612,-1.4999970197677612,269.88751220703125,915.0,108.0,0.0,269.88751220703125,915.0,108.0,0.0,0.0,1156.3499755859375,1276.0,1107.0,0.0,2.9470771551132202e-05,5.962604522705078,9.142659187316895,3.253398895263672,0.25,20.701871919911355,1.2897811541333795,2.3986384449526668,1.5479596881195903,0.0016417140141129494,12.574854995589703,38.51724288566038,2.8767157346010208e-05,0.013566812050233483,0.9588195044190336,0.1102100368591285,1.438850484327601e-05,114099.0,38.51724288566038,740.5709200078676,,,,,,,,,,,,,,
306.0,,27047.0,29270.0,2223.0,28189.0,28400.0,28242.25,0.059392206370830536,0.01020103801973164,0.01,-0.0015193849336355924,0.0,0.0,0.0,0.08672894537448883,0.11915884918482463,89.41752862930298,91.806640625,326.5953674316406,2e-05,306.0,0.0,0.3400000035762787,1.0,-1.0,0.3400000035762787,1.0,-1.0,0.008449112065136433,1.4999970197677612,-1.4999970197677612,0.008449112065136433,1.4999970197677612,-1.4999970197677612,257.36248779296875,960.0,105.0,0.0,257.36248779296875,960.0,105.0,0.0,0.0,1154.75,1285.0,1101.0,0.0,3.0270777642726898e-05,6.088475704193115,9.389364242553711,3.843149423599243,0.25,21.22317157825455,1.2387784072197974,2.368771036621183,1.5042375028133392,0.0017015188932418823,12.409467490389943,38.74852644326165,2.790382131934166e-05,0.013315489229906783,1.0308014754604182,0.1098484317856221,1.5061821324804878e-05,112969.0,38.74852644326165,728.8599746200493,,,,,,,,,,,,,,
307.0,,27127.0,33494.0,6367.0,29204.0,29205.0,29204.5,0.04631694778800011,0.01197699596901657,0.01,-0.0023118820972740637,0.0,0.0,0.0,0.14036712050437927,0.12225051621935136,89.41752862930298,91.806640625,359.9493713378906,2e-05,307.0,0.0,0.3199999928474426,1.0,-1.0,0.3199999928474426,1.0,-1.0,-0.0308912955224514,1.4999970197677612,-1.4999970197677612,-0.0308912955224514,1.4999970197677612,-1.4999970197677612,226.3249969482422,578.0,106.0,0.0,226.3249969482422,578.0,106.0,0.0,0.0,1233.9000244140625,2250.0,1099.0,0.05000000074505806,2.8510577976703644e-05,4.762502670288086,5.7646026611328125,3.334291696548462,0.25,17.624796776100993,1.166224712971598,2.320964377373457,1.558466506190598,0.0016277297399938107,12.543263187166303,35.21773096593097,2.9247254133224487e-05,0.013340979182922135,0.9734229965812986,0.10737440451956294,1.3933894947643433e-05,116818.0,35.21773096593097,829.2555823159628,,,,,,,,,,,,,,
308.0,-0.30433917422867884,26790.0,34710.0,7920.0,30633.0,30634.0,30633.5,0.04626202955842018,0.00873312296695076,0.01,-0.00018170533701777452,0.0,0.0,0.0,0.07658331096172333,0.13020822520789227,89.41752862930298,91.806640625,340.94580078125,2e-05,308.0,0.0,0.3124999701976776,1.0,-1.0,0.3124999701976776,1.0,-1.0,0.013192509301006794,1.4999899864196777,-1.4999970197677612,0.013192509301006794,1.4999899864196777,-1.4999970197677612,199.52499389648438,525.0,108.0,0.0,199.52499389648438,525.0,108.0,0.0,0.0,1332.1500244140625,2233.0,1105.0,0.0,2.988707274198532e-05,4.346930980682373,5.423068523406982,2.976963520050049,0.25,16.427307636011392,1.068622259888798,2.340947087854147,1.6518346332013607,0.0016787359490990639,12.397929848637432,33.8907793648541,4.723109304904938e-05,0.013480622792052498,1.0291509607825706,0.10117950812539729,1.3700164436801736e-05,122534.0,33.8907793648541,903.8889212376152,430.9877008632757,,,,,,,,,,,,,
309.0,,26632.0,28405.0,1773.0,27636.0,27649.0,27639.75,0.060748640447854996,0.009690410098992288,0.01,0.0012399265589192535,0.0,0.0,0.0,0.06149935722351074,0.11994564973698266,89.41752862930298,91.806640625,325.1833801269531,2e-05,309.0,0.0,0.32374998927116394,1.0,-1.0,0.32374998927116394,1.0,-1.0,0.0038086650893092155,1.4999970197677612,-1.4999970197677612,0.0038086650893092155,1.4999970197677612,-1.4999970197677612,243.7375030517578,556.0,106.0,0.0,243.7375030517578,556.0,106.0,0.0,0.0,1138.25,1199.0,1103.0,0.0,2.937624230980873e-05,4.451126575469971,5.660912036895752,3.5441203117370605,0.25,16.941680731717497,67.75438765669242,2.265357421245426,1.4516264628618956,0.0016445629298686981,12.046844431199133,100.46439773403108,2.8703827410936356e-05,0.013129880542171108,0.8688486964314835,0.10896303721270212,1.4874980145159581e-05,110559.0,100.46439773403108,275.1198496523448,,,,,,,,,,,,,,
310.0,,27767.0,35549.0,7782.0,30845.0,30846.0,30845.25,0.05396757647395134,0.007220275262370707,0.01,0.0011095071025192763,0.0,0.0,0.0,0.07785934209823608,0.1330177431368481,89.41752862930298,91.806640625,359.34466552734375,2e-05,310.0,0.0,0.26375001668930054,1.0,-0.699999988079071,0.26375001668930054,1.0,-0.699999988079071,0.00015263707609847188,1.3907567262649536,-1.4999970197677612,0.00015263707609847188,1.3907567262649536,-1.4999970197677612,321.36248779296875,1215.0,109.0,0.0,321.36248779296875,1215.0,109.0,0.0,0.0,1220.9000244140625,2219.0,1103.0,0.0,3.043096512556076e-05,8.48112964630127,12.048646926879883,5.927469253540039,0.25,23.51525369891897,1.167676302138716,2.279520869255066,1.7181512489914894,0.0016558580100536346,12.218788302037865,40.90351261012256,3.0815135687589645e-05,0.01392557402672607,0.9146701038126325,0.09903298159390721,1.3420688842314737e-05,123381.0,40.90351261012256,754.0978275877118,,,,,,,,,,,,,,
311.0,,26934.0,35229.0,8295.0,29689.0,29833.0,29725.25,0.05440612509846687,0.009492466605734082,0.01,-0.001184889143332839,0.0,0.0,0.0,0.052756186574697495,0.12753773901718132,89.41752862930298,91.806640625,348.4620361328125,2e-05,311.0,0.0,0.1262499988079071,1.0,-1.0,0.1262499988079071,1.0,-1.0,0.05868269503116608,1.4999970197677612,-1.4999970197677612,0.05868269503116608,1.4999970197677612,-1.4999970197677612,313.36248779296875,1501.0,105.0,0.0,313.36248779296875,1501.0,105.0,0.0,0.0,1172.9000244140625,1286.0,1099.0,0.0,2.9759015887975693e-05,7.308119297027588,14.985142707824707,3.424245595932007,0.25,27.42350610299036,1.0745349610224366,2.317280685994774,1.5781987057998776,0.0016388660296797752,12.242587592918426,44.640150527935475,2.8030946850776672e-05,0.013273216422064386,1.0939210220986222,0.10296454691649713,1.3783450346757178e-05,118901.0,44.640150527935475,665.8859714507047,,,,,,,,,,,,,,
312.0,,25900.0,29041.0,3141.0,27322.0,27323.0,27322.25,0.06536026298999786,0.012673010339494795,0.01,-0.0010186080262064934,0.0,0.0,0.0,0.10697169601917267,0.10305207373017435,89.41752862930298,91.806640625,326.2125244140625,2e-05,312.0,0.0,0.4649999737739563,0.800000011920929,-0.699999988079071,0.4649999737739563,0.800000011920929,-0.699999988079071,0.011997913010418415,1.499984860420227,-1.4999970197677612,0.011997913010418415,1.499984860420227,-1.4999970197677612,228.8125,540.0,106.0,0.0,228.8125,540.0,106.0,0.0,0.0,1137.300048828125,1254.0,1097.0,0.0,2.959882840514183e-05,4.368678569793701,5.545820713043213,3.045992851257324,0.25,18.04593207873404,1.2396028540097177,3.083149070851505,1.4694098802283406,0.0016444660723209381,13.846978629007936,37.68916827021167,2.803141251206398e-05,0.013445176369335803,0.9858471498898683,0.12670057031364487,1.5046949577001694e-05,109289.0,37.68916827021167,724.9364009339163,,,,,,,,,,,,,,
313.0,,26827.0,33747.0,6920.0,29555.0,29723.0,29615.0,0.055916883051395416,0.006272893541026861,0.01,-0.00028396037407219383,0.0,0.0,0.0,0.08193818479776382,0.126242057631726,89.41752862930298,91.806640625,357.400634765625,2e-05,313.0,0.0,0.25999999046325684,1.0,-1.0,0.25999999046325684,1.0,-1.0,-0.006872840691357851,1.4999970197677612,-1.4999970197677612,-0.006872840691357851,1.4999970197677612,-1.4999970197677612,232.8000030517578,899.0,128.0,0.0,232.8000030517578,899.0,128.0,0.0,0.0,1247.949951171875,2250.0,1104.0,0.05000000074505806,2.918299287557602e-05,5.409775733947754,8.918293952941895,3.8232617378234863,0.25,20.237400406971574,1.1551320510916412,2.4011824689805508,1.5995069830678403,0.0016327542252838612,12.328451122157276,37.72570901410654,8.505396544933319e-05,0.013502507032482191,1.0866301764911712,0.10407269223499305,1.3783169215632797e-05,118460.0,37.72570901410654,785.0084405021055,,,,,,,,,,,,,,
314.0,,26689.0,32503.0,5814.0,29203.0,29204.0,29203.75,0.06462772190570831,0.008042477320414038,0.01,0.0011041693389415744,0.0,0.0,0.0,0.040661513805389404,0.12568045883534468,89.41752862930298,91.806640625,348.56622314453125,2e-05,314.0,0.0,0.4000000059604645,1.0,-0.699999988079071,0.4000000059604645,1.0,-0.699999988079071,-0.020767314359545708,1.4999970197677612,-1.4999970197677612,-0.020767314359545708,1.4999970197677612,-1.4999970197677612,264.5375061035156,1544.0,108.0,0.0,264.5375061035156,1544.0,108.0,0.0,0.0,1195.6500244140625,2109.0,1104.0,0.0,3.1006988137960434e-05,6.4762678146362305,15.041293144226074,3.436758041381836,0.25,26.85462216567248,1.2170181167311966,2.2959677684120834,1.652644440997392,0.001644977368414402,12.199201303068548,44.22357166185975,3.055902197957039e-05,0.014147536198239883,1.2689421237854974,0.10443180501706587,1.4081901882587014e-05,116815.0,44.22357166185975,660.3661554814337,,,,,,,,,,,,,,
315.0,,28678.0,33809.0,5131.0,30626.0,30627.0,30626.25,0.057994019240140915,0.009859002875164152,0.01,-0.0033735992282163353,0.0,0.0,0.0,0.10362561792135239,0.13133013074351862,89.41752862930298,91.806640625,343.3223876953125,2e-05,315.0,0.0,0.28312498331069946,1.0,-1.0,0.28312498331069946,1.0,-1.0,-0.0018704808317124844,1.4999970197677612,-1.4999970197677612,-0.0018704808317124844,1.4999970197677612,-1.4999970197677612,308.0625,738.0,110.0,0.0,308.0625,738.0,110.0,0.0,0.0,1223.25,2211.0,1109.0,0.0,2.9599294066429138e-05,6.484171390533447,7.553597927093506,5.5324177742004395,0.25,19.09114682720974,1.0766931399703026,2.2795295789837837,1.6552124209702015,0.0016477289609611034,12.269213908817619,36.37584983976558,2.7519185096025467e-05,0.0135113866451998,0.7746458440742439,0.10015276036747577,1.3450299669083739e-05,122505.0,36.37584983976558,841.939092417294,,,,,,,,,,,,,,
316.0,,26615.0,32669.0,6054.0,29343.0,29345.0,29344.0,0.0728408694267273,0.013707259916700423,0.01,-3.416333347558975e-05,0.0,0.0,0.0,0.10796650499105453,0.12636857572498855,89.41752862930298,91.806640625,340.23089599609375,2e-05,316.0,0.0,0.2524999976158142,1.0,-1.0,0.2524999976158142,1.0,-1.0,0.010697653517127037,0.8660238981246948,-1.4999970197677612,0.010697653517127037,0.8660238981246948,-1.4999970197677612,274.1499938964844,591.0,108.0,0.0,274.1499938964844,591.0,108.0,0.0,0.0,1193.050048828125,2142.0,1107.0,0.0,2.8351321816444397e-05,5.699387550354004,6.102441310882568,5.1288676261901855,0.25,17.929830681998283,7.5656007919460535,2.3345213076099753,1.6061107167042792,0.0016385451890528202,12.189571604598314,41.62974701821804,2.953503280878067e-05,0.013683467801801723,0.817519181196347,0.10385063049173864,1.3959797480343684e-05,117376.0,41.62974701821804,704.8805746323286,,,,,,,,,,,,,,
317.0,,24810.0,29966.0,5156.0,27752.0,27753.0,27752.25,0.04930587485432625,0.012906720859163834,0.01,-7.250038906931912e-05,0.0,0.0,0.0,0.06470343470573425,0.12029996110469854,89.41752862930298,91.806640625,340.50506591796875,2e-05,317.0,0.0,0.3487499952316284,1.0,-0.5,0.3487499952316284,1.0,-0.5,0.005244821775704622,1.4999970197677612,-1.4999970197677612,0.005244821775704622,1.4999970197677612,-1.4999970197677612,217.0625,1020.0,105.0,0.0,217.0625,1020.0,105.0,0.0,0.0,1170.550048828125,1996.0,1097.0,0.0,3.1999312341213226e-05,4.659183502197266,10.06513786315918,2.1492815017700195,0.25,21.767232570797205,1.297650319058448,2.246570959687233,1.5023923171684146,0.0016564647667109966,12.074264236260206,38.892196495085955,2.8703827410936356e-05,0.013533968571633062,1.253511809432606,0.10876833622733477,1.4921896122935947e-05,111009.0,38.892196495085955,713.5685947567016,,,,,,,,,,,,,,
318.0,,26474.0,29261.0,2787.0,28316.0,28317.0,28316.5,0.04709690064191818,0.01621013082098216,0.01,0.00028088092803955076,0.0,0.0,0.0,0.04311348497867584,0.12283710176582394,89.41752862930298,91.806640625,336.651123046875,2e-05,318.0,0.0,0.4324999749660492,1.0,-0.699999988079071,0.4324999749660492,1.0,-0.699999988079071,0.004646039102226496,0.4999989867210388,-1.4999970197677612,0.004646039102226496,0.4999989867210388,-1.4999970197677612,204.47500610351562,476.0,107.0,0.0,204.47500610351562,476.0,107.0,0.0,0.0,1211.3499755859375,1980.0,1099.0,0.0,2.8862617909908295e-05,3.903287410736084,4.9870781898498535,2.814117908477783,0.25,16.73889126908034,1.2027366128750145,2.2439247630536556,1.5208796658553183,0.0016773929819464684,12.077680116984993,33.788200442213565,2.870289608836174e-05,0.013427503980500046,1.0232847089546608,0.10663111716653711,1.4809324792492614e-05,113266.0,33.788200442213565,838.0588379789102,,,,,,,,,,,,,,
319.0,,27266.0,32351.0,5085.0,29280.0,30306.0,29555.75,0.05726524814963341,0.008878396952059121,0.01,0.001047823801636696,0.0,0.0,0.0,0.0781681090593338,0.12737092083811657,89.41752862930298,91.806640625,352.28460693359375,2e-05,319.0,0.0,0.0962500050663948,1.0,-1.0,0.0962500050663948,1.0,-1.0,-0.06689903140068054,1.4999899864196777,-1.4999970197677612,-0.06689903140068054,1.4999899864196777,-1.4999970197677612,323.23748779296875,2250.0,107.0,0.012500000186264515,323.23748779296875,2250.0,107.0,0.012500000186264515,0.0,1154.550048828125,1282.0,1107.0,0.0,3.0239112675189972e-05,9.989669799804688,21.55250358581543,3.8209826946258545,0.25,32.142644898965955,1.12138628680259,2.3428341820836067,1.636502067092806,0.0016185138374567032,12.195262789726257,49.442569728940725,2.8959009796380997e-05,0.013842501603687997,1.2429964383373664,0.10315473968454748,1.3690346526959248e-05,118223.0,49.442569728940725,597.7794067345943,,,,,,,,,,,,,,
320.0,,27514.0,33303.0,5789.0,30341.0,30342.0,30341.5,0.07048878818750381,0.007335422288160772,0.01,-0.00025368100032210244,0.0,0.0,0.0,0.05759861320257187,0.1300943181526722,89.41752862930298,91.806640625,353.3113098144531,2e-05,320.0,0.0,0.07625000178813934,0.800000011920929,-1.0,0.07625000178813934,0.800000011920929,-1.0,0.04973670095205307,1.4999970197677612,-1.4999970197677612,0.04973670095205307,1.4999970197677612,-1.4999970197677612,339.07501220703125,1144.0,110.0,0.0,339.07501220703125,1144.0,110.0,0.0,0.0,1178.0,1290.0,1105.0,0.0,3.033457323908806e-05,9.30594539642334,11.354026794433594,7.318759441375732,0.25,22.971380960661918,1.0667367270216346,2.2753136879764497,1.624180919956416,0.0016986713744699955,12.267142065335065,40.20888464292511,2.767890691757202e-05,0.013382503501445346,0.8468399675832012,0.10107560655649082,1.3996270573883917e-05,121366.0,40.20888464292511,754.5969073613359,,,,,,,,,,,,,,
321.0,,27439.0,33633.0,6194.0,29659.0,29660.0,29659.5,0.06486057490110397,0.01015427966369316,0.01,0.00030318132601678434,0.0,0.0,0.0,0.06475017219781876,0.12789042761236422,89.41752862930298,91.806640625,344.0205078125,2e-05,321.0,0.0,0.19874998927116394,1.0,-1.0,0.19874998927116394,1.0,-1.0,-0.06484038382768631,1.4999970197677612,-1.4999970197677612,-0.06484038382768631,1.4999970197677612,-1.4999970197677612,317.5249938964844,1133.0,108.0,0.0,317.5249938964844,1133.0,108.0,0.0,0.0,1165.449951171875,1286.0,1105.0,0.0,3.119930624961853e-05,8.111791610717773,10.836766242980957,5.532200813293457,0.25,22.64515408175066,1.1650051400065422,2.2727842880412936,1.6363663021475077,0.0016535529866814613,12.180484617128968,39.903821834828705,2.8094742447137833e-05,0.013792935671096173,0.8914713046906015,0.10266933543324203,1.3937802278203116e-05,118638.0,39.903821834828705,743.2746698491097,,,,,,,,,,,,,,
322.0,-0.30917595744512644,26947.0,34559.0,7612.0,30826.0,30827.0,30826.75,0.053509630262851715,0.00832226441707462,0.01,0.0007202757056802501,0.0,0.0,0.0,0.07577911019325256,0.1318688589838192,89.41752862930298,91.806640625,349.36151123046875,2e-05,322.0,0.0,0.20249998569488525,1.0,-1.0,0.20249998569488525,1.0,-1.0,-0.020920205861330032,1.4999970197677612,-1.4999970197677612,-0.020920205861330032,1.4999970197677612,-1.4999970197677612,327.0874938964844,983.0,107.0,0.0,327.0874938964844,983.0,107.0,0.0,0.0,1214.25,1996.0,1099.0,0.0,2.959882840514183e-05,6.31753396987915,10.088005065917969,3.297673463821411,0.25,21.539492432959378,1.1602059719152749,2.2532503907568753,1.6579187009483576,0.0017016800120472908,12.302718623075634,38.91770677175373,3.775907680392265e-05,0.013445454848048833,0.8231548298604876,0.09977307551944037,1.3800352064743209e-05,123307.0,38.91770677175373,792.1008856147171,437.7599399141036,,,,,,,,,,,,,
323.0,,25998.0,32967.0,6969.0,30130.0,30156.0,30136.5,0.06783243268728256,0.009908372815698386,0.01,-0.0018179832398891455,0.0,0.0,0.0,0.05080198869109154,0.12878531107913072,89.41752862930298,91.806640625,347.43450927734375,2e-05,323.0,0.0,0.23250000178813934,0.800000011920929,-0.699999988079071,0.23250000178813934,0.800000011920929,-0.699999988079071,0.016021497547626495,1.4999970197677612,-1.499993920326233,0.016021497547626495,1.4999970197677612,-1.499993920326233,344.375,1492.0,110.0,0.0,344.375,1492.0,110.0,0.0,0.0,1162.449951171875,1281.0,1107.0,0.0,3.049522638320923e-05,8.844209671020508,14.686412811279297,3.0227601528167725,0.25,26.114617728162557,77.77231580996886,2.315724970307201,1.6622169259935617,0.001760781742632389,12.306606112979352,120.17587896017358,2.9215123504400253e-05,0.01378906745967151,0.9478990100966446,0.10209053898909423,1.4606720609828523e-05,120546.0,120.17587896017358,250.76995700599178,,,,,,,,,,,,,,
324.0,,27783.0,31553.0,3770.0,30446.0,30447.0,30446.75,0.06729056686162949,0.006150341031607241,0.01,0.0037913725897669786,0.0,0.0,0.0,0.07858981937170029,0.1297170936437781,89.41752862930298,91.806640625,354.10186767578125,2e-05,324.0,0.0,0.2724999785423279,1.0,-1.0,0.2724999785423279,1.0,-1.0,-0.052218832075595856,0.8660238981246948,-1.4999970197677612,-0.052218832075595856,0.8660238981246948,-1.4999970197677612,354.6875,1529.0,112.0,0.0,354.6875,1529.0,112.0,0.0,0.0,1167.6500244140625,1290.0,1104.0,0.0,3.1614676117897034e-05,9.640453338623047,14.666848182678223,3.240206003189087,0.25,26.12198765622452,1.2068924778141081,2.292284152004868,1.6881962358020246,0.0016523059457540512,12.355634876061231,43.66908510727808,2.800021320581436e-05,0.013861875535172265,0.9205986839198068,0.10145282235428438,1.3567178317505573e-05,121787.0,43.66908510727808,697.2152021322199,,,,,,,,,,,,,,
325.0,,26231.0,29018.0,2787.0,27786.0,27787.0,27786.5,0.06815527379512787,0.016207921523600816,0.01,-0.0021583322808146474,0.0,0.0,0.0,0.0765109658241272,0.11765108437793444,89.41752862930298,91.806640625,337.475830078125,2e-05,325.0,0.0,0.26624998450279236,1.0,-0.699999988079071,0.26624998450279236,1.0,-0.699999988079071,-0.014465483836829662,1.4999970197677612,-1.4999899864196777,-0.014465483836829662,1.4999970197677612,-1.4999899864196777,246.02499389648438,870.0,104.0,0.0,246.02499389648438,870.0,104.0,0.0,0.0,1143.300048828125,1287.0,1101.0,0.0,3.279931843280792e-05,6.183915138244629,8.557656288146973,3.839306592941284,0.25,20.272968787699938,1.3267481192015111,2.2809860720299184,1.4997558798640966,0.0016216137446463108,12.35709129134193,37.741620938293636,2.9822811484336853e-05,0.013493565939072001,1.0300258504064597,0.11117891144388399,1.4589942459884393e-05,111146.0,37.741620938293636,736.2296400949513,,,,,,,,,,,,,,
326.0,,26556.0,32476.0,5920.0,30299.0,30300.0,30299.5,0.06774869561195374,0.009828453718218954,0.01,0.0005188260413706298,0.0,0.0,0.0,0.05431220307946205,0.12911241553490288,89.41752862930298,91.806640625,352.69964599609375,2e-05,326.0,0.0,0.2512499690055847,0.800000011920929,-0.699999988079071,0.2512499690055847,0.800000011920929,-0.699999988079071,0.028300050646066666,1.4999970197677612,-1.4999970197677612,0.028300050646066666,1.4999970197677612,-1.4999970197677612,347.0249938964844,1346.0,109.0,0.0,347.0249938964844,1346.0,109.0,0.0,0.0,1167.949951171875,1290.0,1101.0,0.0,3.014272078871727e-05,9.33944034576416,12.999161720275879,5.31181001663208,0.25,24.751673884224147,1.1054062549956143,2.335839905310422,1.6652102540247142,0.0016372967511415482,12.350346494931728,42.21255619917065,2.9183924198150635e-05,0.013739585257386378,0.8915666697004592,0.10190223019300423,1.350927202710893e-05,121198.0,42.21255619917065,717.7840606723385,,,,,,,,,,,,,,
327.0,,27828.0,34635.0,6807.0,30217.0,30218.0,30217.25,0.07147444039583206,0.005758611013081448,0.01,-0.0011776572838425648,0.0,0.0,0.0,0.04653194919228554,0.128617208737276,89.41752862930298,91.806640625,352.54705810546875,2e-05,327.0,0.0,0.23125000298023224,1.0,-1.0,0.23125000298023224,1.0,-1.0,-0.03294239938259125,1.4999970197677612,-1.4999970197677612,-0.03294239938259125,1.4999970197677612,-1.4999970197677612,316.4125061035156,1221.0,121.0,0.0,316.4125061035156,1221.0,121.0,0.0,0.0,1194.449951171875,1962.0,1106.0,0.0,2.790382131934166e-05,7.255545139312744,11.991235733032227,3.723942279815674,0.25,23.810955869033933,1.137770710978657,2.284261841326952,1.6487602600827813,0.0017124619334936142,12.353014572989196,41.23885811213404,2.735992893576622e-05,0.01364088608396513,0.940661157074781,0.10220167762610095,1.4167916781752263e-05,120869.0,41.23885811213404,732.7373109564578,,,,,,,,,,,,,,
328.0,,28550.0,35178.0,6628.0,32092.0,32094.0,32092.75,0.07533775269985199,0.0075314105721190575,0.01,-0.0017884363606572144,0.0,0.0,0.0,0.06849340349435806,0.1372644244091604,89.41752862930298,91.806640625,352.2979736328125,2e-05,328.0,0.0,0.26374998688697815,1.0,-1.0,0.26374998688697815,1.0,-1.0,0.00434443075209856,1.4999970197677612,-1.4999970197677612,0.00434443075209856,1.4999970197677612,-1.4999970197677612,332.98748779296875,956.0,107.0,0.0,332.98748779296875,956.0,107.0,0.0,0.0,1271.6500244140625,2153.0,1099.0,0.0,3.113504499197006e-05,8.547832489013672,9.487122535705566,7.746368885040283,0.25,21.27680926118046,7.508257656358182,2.329670235980302,1.733847628813237,0.0017312136478722095,12.342199449893087,45.195009069982916,3.1230971217155457e-05,0.013506536747499333,0.7987090078899531,0.09614476361400229,1.348601824300044e-05,128371.0,45.195009069982916,710.095000762263,,,,,,,,,,,,,,
329.0,,27622.0,30953.0,3331.0,29359.0,29360.0,29359.25,0.06102773919701576,0.012536275247111917,0.01,-0.0031523612886667244,0.0,0.0,0.0,0.058635223656892776,0.12440822465595283,89.41752862930298,91.806640625,359.81011962890625,2e-05,329.0,0.0,0.3162499964237213,1.0,-1.0,0.3162499964237213,1.0,-1.0,0.024437841027975082,1.4999970197677612,-1.4999970197677612,0.024437841027975082,1.4999970197677612,-1.4999970197677612,316.36248779296875,1138.0,106.0,0.0,316.36248779296875,1138.0,106.0,0.0,0.0,1151.5999755859375,1290.0,1097.0,0.0,2.9215123504400253e-05,8.15810775756836,11.012247085571289,4.129327774047852,0.25,22.84313557110727,1.269697180017829,2.282990423962474,1.626991368830204,0.0017217108979821205,12.396941954270005,40.42397052142769,2.9406975954771042e-05,0.013854163243528053,0.9025696618241443,0.10556248843439466,1.4660719347242526e-05,117437.0,40.42397052142769,726.2831834996869,,,,,,,,,,,,,,
330.0,,28714.0,33722.0,5008.0,30239.0,30240.0,30239.25,0.06784118711948395,0.0075079044536687425,0.01,-0.0004827034566551449,0.0,0.0,0.0,0.07108151912689209,0.12842135057799722,89.41752862930298,91.806640625,346.01434326171875,2e-05,330.0,0.0,0.044999998062849045,0.800000011920929,-1.0,0.044999998062849045,0.800000011920929,-1.0,0.0091948127374053,1.4999970197677612,-1.4999970197677612,0.0091948127374053,1.4999970197677612,-1.4999970197677612,334.5625,787.0,111.0,0.0,334.5625,787.0,111.0,0.0,0.0,1177.4000244140625,1278.0,1099.0,0.0,2.9759015887975693e-05,7.4290666580200195,8.189043998718262,6.704746246337891,0.25,20.002088063862175,1.1565500241704285,2.278961118776351,1.6615120456553996,0.0016701598651707172,12.369926386047155,37.4731797282584,2.828706055879593e-05,0.013736386035164559,0.7473225504899,0.10226713944663934,1.3807881025246305e-05,120957.0,37.4731797282584,806.9571415952375,,,,,,,,,,,,,,
331.0,,27414.0,30944.0,3530.0,28922.0,28924.0,28922.75,0.05619312450289726,0.011036947150714696,0.01,0.0014050848782062538,0.0,0.0,0.0,0.06124643236398697,0.12178261336883504,89.41752862930298,91.806640625,341.83721923828125,2e-05,331.0,0.0,0.4725000262260437,1.0,-0.699999988079071,0.4725000262260437,1.0,-0.699999988079071,-0.025680450722575188,0.8660238981246948,-1.4999970197677612,-0.025680450722575188,0.8660238981246948,-1.4999970197677612,220.6374969482422,851.0,105.0,0.0,220.6374969482422,851.0,105.0,0.0,0.0,1225.5,2113.0,1099.0,0.0,2.9470771551132202e-05,5.857375621795654,8.391733169555664,2.974848508834839,0.25,19.958489153068513,1.1961645688861609,2.326054194010794,1.5865998370572925,0.001695023849606514,12.466854183003306,37.538237212225795,3.068707883358002e-05,0.013714116370826533,1.1307285226371602,0.10775993104911624,1.4651302604407551e-05,115691.0,37.538237212225795,770.4876986226774,,,,,,,,,,,,,,
332.0,,27505.0,33132.0,5627.0,30134.0,30135.0,30134.25,0.05603823810815811,0.009924470367550385,0.01,-8.635237812996063e-05,0.0,0.0,0.0,0.08188357949256897,0.12845101995858804,89.41752862930298,91.806640625,359.76263427734375,2e-05,332.0,0.0,0.3424999713897705,1.0,-1.0,0.3424999713897705,1.0,-1.0,-0.04872976243495941,1.224741816520691,-1.4999970197677612,-0.04872976243495941,1.224741816520691,-1.4999970197677612,236.6125030517578,924.0,108.0,0.0,236.6125030517578,924.0,108.0,0.0,0.0,1270.0999755859375,2114.0,1106.0,0.0,2.9311049729585648e-05,5.9618964195251465,9.195576667785645,3.5053229331970215,0.25,20.8552539749071,1.2036676960997283,2.3107836111448705,1.6372481868602335,0.0016863830387592316,12.339927492197603,38.3510009390302,2.9344111680984497e-05,0.013582951183953753,1.101762056891917,0.1023746027543211,1.3990584125697766e-05,120537.0,38.3510009390302,785.7487226449954,,,,,,,,,,,,,,
333.0,,28203.0,30992.0,2789.0,29819.0,29821.0,29820.0,0.06933881342411041,0.013592298780567943,0.01,-0.0015126557275652896,0.0,0.0,0.0,0.09423992037773132,0.1275436286753917,89.41752862930298,91.806640625,349.10687255859375,2e-05,333.0,0.0,0.10625000298023224,0.800000011920929,-1.0,0.10625000298023224,0.800000011920929,-1.0,0.006756323389708996,1.4999970197677612,-1.4999970197677612,0.006756323389708996,1.4999970197677612,-1.4999970197677612,318.5,1065.0,107.0,0.0,318.5,1065.0,107.0,0.0,0.0,1172.5,1286.0,1099.0,0.0,3.0206982046365738e-05,8.457006454467773,10.585101127624512,7.206663608551025,0.25,21.264408147893846,1.1141373491846025,2.35491174319759,1.6063761007972062,0.001645843032747507,12.28804534021765,38.63188263680786,2.851104363799095e-05,0.013467271133444049,0.8345529100429296,0.1030184887677536,1.3798147491176284e-05,119280.0,38.63188263680786,771.9012889003749,,,,,,,,,,,,,,
334.0,,29299.0,33438.0,4139.0,31323.0,31326.0,31324.75,0.05562911182641983,0.007324315626174213,0.01,0.0014975880831480032,0.0,0.0,0.0,0.05613372474908829,0.1331208871701811,89.41752862930298,91.806640625,349.8984375,2e-05,334.0,0.0,0.16749998927116394,0.800000011920929,-1.0,0.16749998927116394,0.800000011920929,-1.0,-0.0003553251444827765,0.8660238981246948,-1.4999970197677612,-0.0003553251444827765,0.8660238981246948,-1.4999970197677612,314.4375,1000.0,104.0,0.0,314.4375,1000.0,104.0,0.0,0.0,1251.800048828125,2170.0,1099.0,0.0,2.988707274198532e-05,7.701958179473877,9.823646545410156,5.936276435852051,0.25,21.283144543878734,5.501165607012808,2.397912838961929,1.6886492096818984,0.0016785464249551296,12.401675762142986,43.27668935293332,3.084680065512657e-05,0.013476956796797248,0.8460800852267436,0.09897665394091722,1.3396327384537223e-05,125299.0,43.27668935293332,723.8250076048572,,,,,,,,,,,,,,
335.0,,28165.0,35158.0,6993.0,31045.0,31049.0,31046.25,0.06404096633195877,0.009367860507918522,0.01,-0.0005452050641179082,0.0,0.0,0.0,0.08039837330579758,0.13189620071065,89.41752862930298,91.806640625,352.46173095703125,2e-05,335.0,0.0,0.1599999964237213,0.800000011920929,-1.0,0.1599999964237213,0.800000011920929,-1.0,0.007548917550593615,1.4999970197677612,-1.4999970197677612,0.007548917550593615,1.4999970197677612,-1.4999970197677612,331.2124938964844,879.0,106.0,0.0,331.2124938964844,879.0,106.0,0.0,0.0,1221.0999755859375,2029.0,1105.0,0.0,3.0878931283950806e-05,7.528741836547852,8.883374214172363,5.3447113037109375,0.25,20.363984564319253,1.0625933902338147,2.340808073990047,1.707075574900955,0.001631889957934618,12.39721998013556,37.87568649509922,3.068707883358002e-05,0.01374623001893107,0.7685392521538006,0.09982864259077634,1.314079766424784e-05,124185.0,37.87568649509922,819.6881132178848,,,,,,,,,,,,,,
336.0,-0.3136345562376794,26776.0,32822.0,6046.0,30401.0,30403.0,30401.75,0.06465913355350494,0.006188388136215508,0.01,-0.00036867649992927915,0.0,0.0,0.0,0.08202019333839417,0.12895755965508315,89.41752862930298,91.806640625,350.46087646484375,2e-05,336.0,0.0,-0.01875000074505806,0.800000011920929,-1.0,-0.01875000074505806,0.800000011920929,-1.0,0.018714815378189087,1.4999970197677612,-1.4999970197677612,0.018714815378189087,1.4999970197677612,-1.4999970197677612,272.0375061035156,777.0,108.0,0.0,272.0375061035156,777.0,108.0,0.0,0.0,1248.050048828125,2250.0,1109.0,0.05000000074505806,2.8319191187620163e-05,5.802952766418457,7.849173069000244,3.789696455001831,0.25,19.31104098400101,1.0851810690946877,2.3233676622621715,1.5970370210707188,0.0021455399692058563,12.4095868030563,36.73105762666091,6.121397018432617e-05,0.013132772135409301,0.8873335929789556,0.10204664865555683,1.764322752149018e-05,121607.0,36.73105762666091,827.6851243709672,428.8299959790893,,,,,,,,,,,,,
337.0,,26654.0,28020.0,1366.0,27189.0,27442.0,27252.75,0.061096519231796265,0.013539767274633052,0.01,-0.0014086040947586295,0.0,0.0,0.0,0.03910340741276741,0.11592455257391333,89.41752862930298,91.806640625,328.14483642578125,2e-05,337.0,0.0,0.4375,0.800000011920929,-0.699999988079071,0.4375,0.800000011920929,-0.699999988079071,0.017590252682566643,0.8660238981246948,-1.4999970197677612,0.017590252682566643,0.8660238981246948,-1.4999970197677612,225.58749389648438,810.0,110.0,0.0,225.58749389648438,810.0,110.0,0.0,0.0,1137.050048828125,1286.0,1107.0,0.0,4.412699490785599e-05,5.1615214347839355,7.844041347503662,3.793381929397583,0.25,18.559618959203362,67.6584835848771,2.2944811559282243,1.4627741570584476,0.0019527142867445946,12.28733180789277,102.26859759679064,3.88147309422493e-05,0.013418592225174043,1.0284046633348125,0.11271643969776234,1.7913002235963292e-05,109011.0,102.26859759679064,266.4820936280761,,,,,,,,,,,,,,
338.0,,25402.0,30875.0,5473.0,28195.0,28196.0,28195.25,0.07119697332382202,0.011622149078175426,0.01,0.001045611575245857,0.0,0.0,0.0,0.05028741434216499,0.11996673774879166,89.41752862930298,91.806640625,336.7998046875,2e-05,338.0,0.0,0.2750000059604645,1.0,-1.0,0.2750000059604645,1.0,-1.0,-0.03121616132557392,1.4999970197677612,-1.4999970197677612,-0.03121616132557392,1.4999970197677612,-1.4999970197677612,266.61248779296875,877.0,109.0,0.0,266.61248779296875,877.0,109.0,0.0,0.0,1143.1500244140625,1269.0,1104.0,0.0,4.681386053562164e-05,6.109934329986572,8.637853622436523,2.448734998703003,0.25,19.279789656866342,1.1769795520231128,2.3119910317473114,1.4990611379034817,0.0019680089317262173,12.306052180938423,36.57949653593823,3.7150923162698746e-05,0.013291787959882265,0.903923749677263,0.10911458650781979,1.744982693650719e-05,112781.0,36.57949653593823,770.7938235918319,,,,,,,,,,,,,,
339.0,,28361.0,33879.0,5518.0,31605.0,31606.0,31605.5,0.06879129260778427,0.009095614752732217,0.01,0.00025731287896633146,0.0,0.0,0.0,0.06458399444818497,0.1339165471863826,89.41752862930298,91.806640625,355.0792236328125,2e-05,339.0,0.0,0.26124998927116394,1.0,-1.0,0.26124998927116394,1.0,-1.0,-0.01326014380902052,0.8660238981246948,-1.477095127105713,-0.01326014380902052,0.8660238981246948,-1.477095127105713,305.57501220703125,990.0,110.0,0.0,305.57501220703125,990.0,110.0,0.0,0.0,1274.699951171875,2250.0,1106.0,0.05000000074505806,3.8463156670331955e-05,8.998137474060059,9.728982925415039,8.281055450439453,0.25,20.69958383589983,1.3027482680045068,2.3366973609663546,1.6998467668890953,0.0019155940972268581,12.454788811970502,38.499002397060394,3.843102604150772e-05,0.01344581454880555,0.8467472730058018,0.09851757456748432,1.5152379310775484e-05,126422.0,38.499002397060394,820.9433500129668,,,,,,,,,,,,,,
340.0,,30499.0,35433.0,4934.0,33762.0,33763.0,33762.25,0.07832082360982895,0.005634699603106129,0.01,-0.0007553871721029289,0.0,0.0,0.0,0.05967121943831444,0.141433530704397,89.41752862930298,91.806640625,370.47412109375,2e-05,340.0,0.0,0.14446428418159485,1.0,-1.0,0.14446428418159485,1.0,-1.0,0.010238862596452236,1.4527413845062256,-1.4999970197677612,0.010238862596452236,1.4527413845062256,-1.4999970197677612,368.3125,1436.0,110.0,0.0,368.3125,1436.0,110.0,0.0,0.0,1319.800048828125,2189.0,1107.0,0.0,3.7023331969976425e-05,8.778166770935059,14.33041000366211,3.545459508895874,0.25,25.563085259869695,0.9858974581584334,2.36809892533347,1.822848612908274,0.002001670189201832,12.643952116835862,43.38941450091079,3.699120134115219e-05,0.013497683158766625,0.8675745888297877,0.09362492218998929,1.482180681976047e-05,135049.0,43.38941450091079,778.121815847303,,,,,,,,,,,,,,
341.0,,28737.0,30813.0,2076.0,29811.0,29814.0,29812.25,0.06675518304109573,0.010940444520674645,0.01,-0.0033569189719855784,0.0,0.0,0.0,0.08500605076551437,0.12635585012631068,89.41752862930298,91.806640625,342.946533203125,2e-05,341.0,0.0,0.2724999785423279,1.0,-1.0,0.2724999785423279,1.0,-1.0,0.05577358603477478,1.4999970197677612,-1.4999970197677612,0.05577358603477478,1.4999970197677612,-1.4999970197677612,292.26251220703125,996.0,108.0,0.0,292.26251220703125,996.0,108.0,0.0,0.0,1198.3499755859375,1797.0,1103.0,0.0,4.067085683345795e-05,7.3413238525390625,9.68555736541748,5.77372932434082,0.25,21.653305693995208,1.1658716648817062,2.3401144188828766,1.6253389432094991,0.0020590126514434814,12.394095216877759,39.184385262895375,3.999890759587288e-05,0.013629790968557381,0.9261069113380611,0.10393458407934456,1.7266498263662433e-05,119249.0,39.184385262895375,760.8196428241514,,,,,,,,,,,,,,
342.0,,25303.0,32220.0,6917.0,29484.0,29485.0,29484.75,0.07266899198293686,0.012042945396776004,0.01,0.000744800101965666,0.0,0.0,0.0,0.1262596994638443,0.12592031627807174,89.41752862930298,91.806640625,349.16339111328125,2e-05,342.0,0.0,0.3112500011920929,1.0,-1.0,0.3112500011920929,1.0,-1.0,0.006449607666581869,1.4527415037155151,-1.4999979734420776,0.006449607666581869,1.4527415037155151,-1.4999979734420776,212.2375030517578,825.0,110.0,0.0,212.2375030517578,825.0,110.0,0.0,0.0,1262.0,2161.0,1101.0,0.0,3.970973193645477e-05,4.603466033935547,8.242557525634766,2.558807373046875,0.25,19.831236531957984,6.116680416744202,2.2987750587053597,1.6131946807727218,0.002149378415197134,12.30293302796781,42.16870492231101,3.875093534588814e-05,0.013678212302738888,1.1679861318074083,0.10431607040900644,1.822449245115809e-05,117939.0,42.16870492231101,699.2092845706517,,,,,,,,,,,,,,
343.0,,26731.0,32628.0,5897.0,30058.0,30103.0,30070.25,0.07429836690425873,0.00862338772160001,0.01,0.0012564130127429953,0.0,0.0,0.0,0.07570776343345642,0.1286221631730098,89.41752862930298,91.806640625,346.0430603027344,2e-05,343.0,0.0,0.16750000417232513,1.0,-1.0,0.16750000417232513,1.0,-1.0,0.009522467851638794,1.0783506631851196,-1.4999970197677612,0.009522467851638794,1.0783506631851196,-1.4999970197677612,283.1625061035156,1103.0,110.0,0.0,283.1625061035156,1103.0,110.0,0.0,0.0,1220.3499755859375,2250.0,1107.0,0.05000000074505806,4.1087158024311066e-05,7.674909591674805,10.842668533325195,5.043422698974609,0.25,22.1367843109183,1.0996106350794435,2.4007582194171846,1.6135306870564818,0.0019633681513369083,12.29551816591993,39.5517225950025,3.916723653674126e-05,0.013414676358331589,0.977212038622624,0.1022232785387545,1.632317781974633e-05,120281.0,39.5517225950025,760.2766207659305,,,,,,,,,,,,,,
344.0,,27408.0,30532.0,3124.0,29433.0,29434.0,29433.5,0.07199931889772415,0.012410873877815903,0.01,-0.00018370928242802536,0.0,0.0,0.0,0.05462613329291344,0.12495476021092504,89.41752862930298,91.806640625,348.79229736328125,2e-05,344.0,0.0,0.2224999964237213,0.800000011920929,-1.0,0.2224999964237213,0.800000011920929,-1.0,-0.012266647070646286,0.4999989867210388,-1.4999970197677612,-0.012266647070646286,0.4999989867210388,-1.4999970197677612,306.7250061035156,911.0,109.0,0.0,306.7250061035156,911.0,109.0,0.0,0.0,1164.949951171875,1273.0,1099.0,0.0,3.779120743274689e-05,7.423789024353027,9.0342378616333,5.723612308502197,0.25,20.639957484789193,1.094588057603687,2.322477006353438,1.5989801930263638,0.002020582091063261,12.362551033031195,38.02440781518817,4.076631739735603e-05,0.013581295063672038,0.8411426149152006,0.10500408576138749,1.716226486030595e-05,117734.0,38.02440781518817,774.0685967565106,,,,,,,,,,,,,,
345.0,,26371.0,31347.0,4976.0,28760.0,28782.0,28766.0,0.06644527614116669,0.010931035992689431,0.01,-0.0006479597854195159,0.0,0.0,0.0,0.08185376971960068,0.12325821861602565,89.41752862930298,91.806640625,344.795654296875,2e-05,345.0,0.0,0.24249997735023499,0.800000011920929,-1.0,0.24249997735023499,0.800000011920929,-1.0,-0.0036884427536278963,1.4999970197677612,-1.4999970197677612,-0.0036884427536278963,1.4999970197677612,-1.4999970197677612,287.5,1205.0,107.0,0.0,287.5,1205.0,107.0,0.0,0.0,1150.800048828125,1281.0,1097.0,0.0,3.8111116737127304e-05,6.788536071777344,11.859630584716797,3.440319776535034,0.25,23.23901010910049,1.2762569012120366,2.297870002221316,1.5641330289654434,0.0019320729188621044,12.23428918607533,40.61700402991846,3.9487145841121674e-05,0.013593591644349609,1.0103917438739345,0.10632595065420401,1.6791289359505184e-05,115064.0,40.61700402991846,708.225549545973,,,,,,,,,,,,,,
346.0,,26611.0,32795.0,6184.0,29564.0,29566.0,29564.75,0.06796027719974518,0.011375316558405757,0.01,-3.6778710782527094e-05,0.0,0.0,0.0,0.11850903928279877,0.1257606745685511,89.41752862930298,91.806640625,346.13128662109375,2e-05,346.0,0.0,0.05750000476837158,0.800000011920929,-1.0,0.05750000476837158,0.800000011920929,-1.0,0.04143025353550911,1.4999970197677612,-1.4999970197677612,0.04143025353550911,1.4999970197677612,-1.4999970197677612,273.3374938964844,1300.0,105.0,0.0,273.3374938964844,1300.0,105.0,0.0,0.0,1204.9000244140625,2109.0,1101.0,0.0,3.743870183825493e-05,7.724045276641846,12.568117141723633,3.7680716514587402,0.25,24.39998709084466,1.0649345139972866,2.3062523207627237,1.5764894420281053,0.0020939549431204796,12.349880459718406,41.70336513314396,4.02228906750679e-05,0.013330819997024372,1.1158360584828582,0.10443078716815131,1.7706516570582194e-05,118259.0,41.70336513314396,708.9296008993592,,,,,,,,,,,,,,
347.0,,29473.0,33597.0,4124.0,31357.0,31358.0,31357.25,0.07053261250257492,0.007053322610445322,0.01,-0.0029098921827971943,0.0,0.0,0.0,0.08635228127241135,0.13085652090280217,89.41752862930298,91.806640625,346.53564453125,2e-05,347.0,0.0,-0.042500000447034836,1.0,-1.0,-0.042500000447034836,1.0,-1.0,0.038708675652742386,1.4999970197677612,-1.4999970197677612,0.038708675652742386,1.4999970197677612,-1.4999970197677612,393.51251220703125,1076.0,114.0,0.0,393.51251220703125,1076.0,114.0,0.0,0.0,1174.3499755859375,1289.0,1099.0,0.0,3.663916140794754e-05,8.573737144470215,10.9034423828125,5.535203456878662,0.25,22.583684923127294,1.120116249192506,2.6133285560645163,1.6572613925673068,0.001950311940163374,12.625842535868287,40.605748699977994,3.628712147474289e-05,0.013212744999699485,0.717375080941752,0.10066127080554167,1.554913090404431e-05,125429.0,40.605748699977994,772.2367153401851,,,,,,,,,,,,,,
348.0,,27034.0,32100.0,5066.0,30405.0,30407.0,30405.75,0.06215853989124298,0.0065217552776448435,0.01,-0.0017115925624966622,0.0,0.0,0.0,0.03990007936954498,0.1279149031324914,89.41752862930298,91.806640625,352.60406494140625,2e-05,348.0,0.0,0.1899999976158142,1.0,-1.0,0.1899999976158142,1.0,-1.0,0.0036811113823205233,1.4999970197677612,-1.4999970197677612,0.0036811113823205233,1.4999970197677612,-1.4999970197677612,352.73748779296875,1334.0,107.0,0.0,352.73748779296875,1334.0,107.0,0.0,0.0,1167.550048828125,1286.0,1099.0,0.0,4.2846426367759705e-05,8.868221282958984,13.071697235107422,4.107239246368408,0.25,24.912950702942908,1.2519479403272271,2.3046284783631563,1.6199221098795533,0.001992038916796446,12.504104769788682,42.59935022192076,3.9390288293361664e-05,0.013319208619089756,0.8828431447940362,0.10281036292303826,1.637880102280363e-05,121623.0,42.59935022192076,713.7608869994881,,,,,,,,,,,,,,
349.0,,27568.0,31182.0,3614.0,29143.0,29144.0,29143.5,0.0665171667933464,0.010937668489059435,0.01,0.0006470748153515158,0.0,0.0,0.0,0.06228574737906456,0.12290710272579242,89.41752862930298,91.806640625,343.05596923828125,2e-05,349.0,0.0,0.2824999690055847,0.800000011920929,-0.699999988079071,0.2824999690055847,0.800000011920929,-0.699999988079071,0.017883043736219406,1.4999970197677612,-1.4999970197677612,0.017883043736219406,1.4999970197677612,-1.4999970197677612,301.7749938964844,872.0,107.0,0.0,301.7749938964844,872.0,107.0,0.0,0.0,1155.4000244140625,1286.0,1097.0,0.0,4.0607061237096786e-05,7.552657604217529,8.795859336853027,6.0470781326293945,0.25,20.438149712979794,1.1868737218901515,2.3237963509745896,1.5942740379832685,0.0019368729554116726,12.438170064240694,37.98671256424859,3.718305379152298e-05,0.013676068745889036,0.8465806359448179,0.1066976346718882,1.6614965218759523e-05,116574.0,37.98671256424859,767.2024777271348,,,,,,,,,,,,,,
350.0,-0.305613059384428,26958.0,31718.0,4760.0,30028.0,30029.0,30028.5,0.05195613205432892,0.006009483481757344,0.01,1.7413720488548228e-05,0.0,0.0,0.0,0.07686150819063187,0.11101152434934812,89.41752862930298,91.806640625,344.44854736328125,2e-05,350.0,0.0,0.19624999165534973,0.800000011920929,-1.0,0.19624999165534973,0.800000011920929,-1.0,0.007618841249495745,0.8660238981246948,-1.4999970197677612,0.007618841249495745,0.8660238981246948,-1.4999970197677612,297.7749938964844,965.0,106.0,0.0,297.7749938964844,965.0,106.0,0.0,0.0,1203.6500244140625,2004.0,1104.0,0.0,4.140613600611687e-05,7.233092308044434,9.631434440612793,3.9630181789398193,0.25,21.442181192804128,6.542330585885793,3.190208299551159,1.600455760024488,0.002086181193590164,14.21414953097701,46.995173492934555,4.508579149842262e-05,0.013324473084107497,0.9000999577199281,0.11833882420847704,1.736834335373199e-05,120114.0,46.995173492934555,638.9698721830362,426.9840260897763,13.669375536032021,,,,,,,,,,,,
351.0,,28206.0,33385.0,5179.0,30117.0,30118.0,30117.75,0.05296676978468895,0.011426187551114709,0.01,-0.0015509045869112016,0.0,0.0,0.0,0.054036129266023636,0.12743345912735005,89.41752862930298,91.806640625,359.22930908203125,2e-05,351.0,0.0,0.3700000047683716,1.0,-1.0,0.3700000047683716,1.0,-1.0,0.02147544175386429,1.0738270282745361,-1.4999970197677612,0.02147544175386429,1.0738270282745361,-1.4999970197677612,309.5874938964844,1182.0,108.0,0.0,309.5874938964844,1182.0,108.0,0.0,0.0,1196.300048828125,1872.0,1099.0,0.0,2.822279930114746e-05,8.79934310913086,11.421165466308594,5.782032489776611,0.25,22.974899204913527,87.4244413790293,2.331475793849677,1.659749642945826,0.001700880005955696,12.425467315129936,126.82091937307268,3.0398834496736526e-05,0.013777171625916827,0.9276415877947884,0.10314073358011418,1.4118584605055956e-05,120471.0,126.82091937307268,237.4825080032874,,,,,,,,,,,,,,
352.0,,27001.0,34828.0,7827.0,29922.0,29923.0,29922.75,0.057357486337423325,0.009391488165128976,0.01,-0.0005294705182313919,0.0,0.0,0.0,0.026779381558299065,0.1264669171195073,89.41752862930298,91.806640625,350.7890625,2e-05,352.0,0.0,0.35249999165534973,1.0,-0.699999988079071,0.35249999165534973,1.0,-0.699999988079071,0.0021016078535467386,1.4999970197677612,-0.8660238981246948,0.0021016078535467386,1.4999970197677612,-0.8660238981246948,306.9375,946.0,108.0,0.0,306.9375,946.0,108.0,0.0,0.0,1189.199951171875,1893.0,1104.0,0.0,3.084773197770119e-05,6.423736572265625,9.579203605651855,3.589346408843994,0.25,21.619975588284433,1.1256641680374742,2.3354552648961544,1.6517854211851954,0.0017221271991729736,12.429583028424531,39.16695546871051,2.918299287557602e-05,0.013800414577413468,0.8804714147132736,0.10384726527829603,1.438810937474809e-05,119691.0,39.16695546871051,763.9794730510654,,,,,,,,,,,,,,
353.0,,28226.0,32011.0,3785.0,29440.0,29440.0,29440.0,0.04762430489063263,0.009598927979767354,0.01,-0.0003784053213894365,0.0,0.0,0.0,0.16468609869480133,0.12550577055275777,89.41752862930298,91.806640625,352.768798828125,2e-05,353.0,0.0,0.37999996542930603,1.0,-1.0,0.37999996542930603,1.0,-1.0,-0.0005722883506678045,1.4999970197677612,-1.4999970197677612,-0.0005722883506678045,1.4999970197677612,-1.4999970197677612,274.6499938964844,997.0,106.0,0.0,274.6499938964844,997.0,106.0,0.0,0.0,1197.3499755859375,1978.0,1105.0,0.0,2.767890691757202e-05,6.488990306854248,9.669739723205566,4.4712233543396,0.25,21.53227480268106,1.1223023859784007,2.3392043709754944,1.624391445890069,0.0020160069689154625,12.314580892212689,38.93924916908145,3.9550941437482834e-05,0.01379408496849583,0.9799870199654587,0.1045735469787083,1.7119624396360926e-05,117760.0,38.93924916908145,756.0495034756848,,,,,,,,,,,,,,
354.0,,24813.0,31275.0,6462.0,27530.0,27731.0,27591.5,0.06651373952627182,0.016039407928474247,0.01,-0.0005507608875632286,0.0,0.0,0.0,0.08797895908355713,0.11755692452217222,89.41752862930298,91.806640625,336.9619140625,2e-05,354.0,0.0,0.15000000596046448,1.0,-1.0,0.15000000596046448,1.0,-1.0,0.0028563272207975388,1.4999970197677612,-1.4999970197677612,0.0028563272207975388,1.4999970197677612,-1.4999970197677612,243.02499389648438,884.0,108.0,0.0,243.02499389648438,884.0,108.0,0.0,0.0,1136.550048828125,1286.0,1099.0,0.0,3.331108018755913e-05,5.041896820068359,8.871175765991211,2.3998661041259766,0.25,20.436838396359235,1.3942974689416587,2.2771398168988526,1.4993558302521706,0.0021145297214388847,12.276029979810119,37.88989644497633,3.96152026951313e-05,0.013585305531161504,1.051169550270509,0.11123017940135657,1.9159249419557515e-05,110366.0,37.88989644497633,728.2020429923409,,,,,,,,,,,,,,
355.0,,30148.0,32402.0,2254.0,31260.0,32217.0,31501.0,0.0664137452840805,0.0063907865574583415,0.01,0.001735085602849723,0.0,0.0,0.0,0.08761477470397949,0.133209653840574,89.41752862930298,91.806640625,358.19219970703125,2e-05,355.0,0.0,0.15000000596046448,1.0,-1.0,0.15000000596046448,1.0,-1.0,-0.11946526169776917,1.4999970197677612,-1.4999977350234985,-0.11946526169776917,1.4999970197677612,-1.4999977350234985,324.45001220703125,2250.0,111.0,0.012500000186264515,324.45001220703125,2250.0,111.0,0.012500000186264515,0.0,1250.5999755859375,2016.0,1107.0,0.0,3.372691571712494e-05,10.220293045043945,21.671823501586914,4.762283802032471,0.25,33.48865020694211,0.9808533149771392,2.347860936075449,1.7603160948492587,0.002096388954669237,12.471713861916214,51.05547574767843,3.855908289551735e-05,0.013970319155338392,1.2902084376229817,0.09897871386556152,1.6637479402790682e-05,126004.0,51.05547574767843,616.995523764802,,,,,,,,,,,,,,
356.0,,28683.0,33441.0,4758.0,30720.0,30722.0,30721.0,0.0635417178273201,0.008074079259531573,0.01,0.00042610048549249766,0.0,0.0,0.0,0.04718506708741188,0.12925144871611366,89.41752862930298,91.806640625,361.7742919921875,2e-05,356.0,0.0,0.06999999284744263,1.0,-1.0,0.06999999284744263,1.0,-1.0,0.006530815735459328,1.4999970197677612,-1.4999970197677612,0.006530815735459328,1.4999970197677612,-1.4999970197677612,279.70001220703125,1229.0,86.0,0.0,279.70001220703125,1229.0,86.0,0.0,0.0,1256.3499755859375,2250.0,1109.0,0.05000000074505806,3.699120134115219e-05,7.14914608001709,11.929454803466797,4.77894926071167,0.25,23.745411323849112,1.0340615147724748,2.4164063232019544,1.6943627051077783,0.002101027872413397,12.514191837981343,41.410539355594665,4.230299964547157e-05,0.013788310155168926,1.0612000055349085,0.10183743886902562,1.7097652032920453e-05,122884.0,41.410539355594665,741.864280882628,,,,,,,,,,,,,,
357.0,,27471.0,32760.0,5289.0,29932.0,29932.0,29932.0,0.06206319108605385,0.007802046446595341,0.01,0.0002800041064620019,0.0,0.0,0.0,0.03660755977034569,0.12744516054350824,89.41752862930298,91.806640625,346.25244140625,2e-05,357.0,0.0,0.3512499928474426,0.800000011920929,-0.699999988079071,0.3512499928474426,0.800000011920929,-0.699999988079071,-0.016013631597161293,1.499993920326233,-1.4999970197677612,-0.016013631597161293,1.499993920326233,-1.4999970197677612,301.8999938964844,934.0,109.0,0.0,301.8999938964844,934.0,109.0,0.0,0.0,1194.699951171875,1854.0,1104.0,0.0,3.443099558353424e-05,6.581920146942139,9.17454719543457,4.531049728393555,0.25,21.215894632972777,6.605609852820635,2.3150493940338492,1.5932134152390063,0.001856490969657898,12.338912250008434,44.074304728303105,2.8254929929971695e-05,0.013306940859606828,0.878432205737528,0.10305786658098719,1.5505904798024672e-05,119728.0,44.074304728303105,679.1258576741343,,,,,,,,,,,,,,
358.0,,27731.0,31013.0,3282.0,28884.0,29062.0,28972.5,0.06863173097372055,0.007624200520804153,0.01,-4.237594082951469e-05,0.0,0.0,0.0,0.0741410180926323,0.12314113558508777,89.41752862930298,91.806640625,343.77252197265625,2e-05,358.0,0.0,0.12124998867511749,1.0,-1.0,0.12124998867511749,1.0,-1.0,-0.008534867316484451,1.4999970197677612,-1.4999970197677612,-0.008534867316484451,1.4999970197677612,-1.4999970197677612,292.42498779296875,949.0,110.0,0.0,292.42498779296875,949.0,110.0,0.0,0.0,1156.199951171875,1281.0,1105.0,0.0,3.065494820475578e-05,5.960468292236328,9.445722579956055,4.2470316886901855,0.25,21.074582447763532,1.0621326551772654,2.3141402043402195,1.5362353632226586,0.0017847167328000069,12.33122421335429,38.32304697018117,2.863910049200058e-05,0.013255978628204837,0.9008541697770168,0.10640455788553188,1.5400092611959674e-05,115890.0,38.32304697018117,756.0072147327757,,,,,,,,,,,,,,
359.0,,27313.0,34447.0,7134.0,29573.0,29573.0,29573.0,0.0724005177617073,0.010728450012393297,0.01,-4.5801997184753e-05,0.0,0.0,0.0,0.10085638612508774,0.12526747412528183,89.41752862930298,91.806640625,346.84735107421875,2e-05,359.0,0.0,0.0950000062584877,1.0,-1.0,0.0950000062584877,1.0,-1.0,-0.002521343994885683,1.4999970197677612,-1.4999970197677612,-0.002521343994885683,1.4999970197677612,-1.4999970197677612,316.95001220703125,1014.0,111.0,0.0,316.95001220703125,1014.0,111.0,0.0,0.0,1161.699951171875,1286.0,1109.0,0.0,3.0526891350746155e-05,6.517895698547363,10.479864120483398,4.814658164978027,0.25,22.210319804027677,1.149499790277332,2.3403720930218697,1.585190410260111,0.001767501700669527,12.390475825872272,39.680765367113054,2.883095294237137e-05,0.013400656090522699,0.8759394148930303,0.1047448333435251,1.4941853216358901e-05,118292.0,39.680765367113054,745.272923200966,,,,,,,,,,,,,,
360.0,,29016.0,32785.0,3769.0,30927.0,30927.0,30927.0,0.04628453403711319,0.009702159850858153,0.01,-0.0015876476839184772,0.0,0.0,0.0,0.07967473566532135,0.13121233750043848,89.41752862930298,91.806640625,359.54608154296875,2e-05,360.0,0.0,0.20999999344348907,1.0,-1.0,0.20999999344348907,1.0,-1.0,-0.005289869382977486,1.4999970197677612,-1.4999970197677612,-0.005289869382977486,1.4999970197677612,-1.4999970197677612,283.54998779296875,1046.0,106.0,0.0,283.54998779296875,1046.0,106.0,0.0,0.0,1262.800048828125,2091.0,1103.0,0.0,2.87666916847229e-05,7.213787078857422,10.177600860595703,4.608757495880127,0.25,22.10514853708446,1.1764507959596813,2.339412876870483,1.7202148619107902,0.001843723002821207,12.409214111976326,39.7552733020857,2.9311049729585648e-05,0.01390544558080957,0.9744819492631133,0.10031052245591494,1.4903830009548348e-05,123708.0,39.7552733020857,777.9345337408978,,,,,,,,,,,,,,
361.0,,26940.0,32938.0,5998.0,29841.0,30564.0,30022.75,0.06147470697760582,0.012539196000469205,0.01,0.0012322724424302582,0.0,0.0,0.0,0.14101387560367584,0.12690328244911636,89.41752862930298,91.806640625,363.3865966796875,2e-05,361.0,0.0,0.22750000655651093,1.0,-1.0,0.22750000655651093,1.0,-1.0,-0.06425998359918594,1.4999970197677612,-1.4999970197677612,-0.06425998359918594,1.4999970197677612,-1.4999970197677612,295.6875,2250.0,107.0,0.012500000186264515,295.6875,2250.0,107.0,0.012500000186264515,0.0,1205.449951171875,2113.0,1103.0,0.0,2.870289608836174e-05,10.1151123046875,21.47943115234375,4.5649733543396,0.25,33.445706518832594,1.2692433618940413,2.333023647312075,1.6826608660630882,0.0018478832207620144,12.443391046021134,51.17880306439474,2.9087066650390625e-05,0.01401154845961053,1.413895857908797,0.10361634965169025,1.5387358093129497e-05,120091.0,51.17880306439474,586.6247001170475,,,,,,,,,,,,,,
362.0,,25262.0,33354.0,8092.0,29231.0,29232.0,29231.25,0.04349512979388237,0.012800416047102772,0.01,-0.0003411385416984547,0.0,0.0,0.0,0.07738983631134033,0.12451067527270317,89.41752862930298,91.806640625,350.53057861328125,2e-05,362.0,0.0,0.33125001192092896,0.800000011920929,-1.0,0.33125001192092896,0.800000011920929,-1.0,0.056129079312086105,1.4999970197677612,-1.4999970197677612,0.056129079312086105,1.4999970197677612,-1.4999970197677612,254.21249389648438,948.0,106.0,0.0,254.21249389648438,948.0,106.0,0.0,0.0,1207.3499755859375,2250.0,1103.0,0.05000000074505806,3.071874380111694e-05,6.018380641937256,9.306111335754395,3.967623233795166,0.25,20.85206002695486,7.404091065283865,2.2923049279488623,1.5378332608379424,0.001820651814341545,12.325872661080211,44.416939279064536,3.161514177918434e-05,0.01315230498899245,1.0253262539683758,0.10541691392841746,1.557110809785371e-05,116925.0,44.416939279064536,658.1104073007986,,,,,,,,,,,,,,
363.0,,27117.0,30484.0,3367.0,28106.0,28108.0,28106.75,0.06222458556294441,0.010544808108825238,0.01,-0.000635728649795056,0.0,0.0,0.0,0.06035514175891876,0.11893622330615364,89.41752862930298,91.806640625,340.16363525390625,2e-05,363.0,0.0,0.20499999821186066,1.0,-0.699999988079071,0.20499999821186066,1.0,-0.699999988079071,0.00898769125342369,1.4999970197677612,-1.4999970197677612,0.00898769125342369,1.4999970197677612,-1.4999970197677612,261.1875,822.0,108.0,0.0,261.1875,822.0,108.0,0.0,0.0,1144.1500244140625,1280.0,1104.0,0.0,3.2543204724788666e-05,5.524494171142578,8.213677406311035,4.5377516746521,0.25,19.89745425991714,1.2241881396621466,2.290313141886145,1.5059840669855475,0.0017076311632990837,12.367459862027317,37.290097799152136,2.9854942113161087e-05,0.013395217047377832,0.9522591174882574,0.1100043571564421,1.5188799517011782e-05,112427.0,37.290097799152136,753.7322683192068,,,,,,,,,,,,,,
364.0,-0.3040207027202579,28520.0,31082.0,2562.0,29408.0,29409.0,29408.25,0.0524359792470932,0.010686850848142058,0.01,-0.000993528300896287,0.0,0.0,0.0,0.06939252465963364,0.12410926143667934,89.41752862930298,91.806640625,352.23516845703125,2e-05,364.0,0.0,0.24250002205371857,1.0,-1.0,0.24250002205371857,1.0,-1.0,-0.026274146512150764,1.4999970197677612,-1.4999970197677612,-0.026274146512150764,1.4999970197677612,-1.4999970197677612,303.4125061035156,1183.0,106.0,0.0,303.4125061035156,1183.0,106.0,0.0,0.0,1167.0,1287.0,1105.0,0.0,2.8319191187620163e-05,8.340986251831055,11.593832969665527,4.601963996887207,0.25,23.226833827793598,1.1788364741951227,2.323588672094047,1.5781259438954294,0.0018037883564829826,12.434802356176078,40.74693632218987,3.67029570043087e-05,0.013415673696117836,0.9569000052648456,0.10570845218753308,1.5334033447102282e-05,117633.0,40.74693632218987,721.7291078638697,421.8104025409557,,,,,,,,,,,,,
365.0,,25740.0,33091.0,7351.0,29334.0,29384.0,29359.25,0.05972546339035034,0.016181147825991504,0.01,0.0014485421776771542,0.0,0.0,0.0,0.10508321970701218,0.12349693283442796,89.41752862930298,91.806640625,363.9759826660156,2e-05,365.0,0.0,0.40625,1.0,-1.0,0.40625,1.0,-1.0,-0.021052256226539612,1.4999897480010986,-1.4999970197677612,-0.021052256226539612,1.4999897480010986,-1.4999970197677612,228.96249389648438,1382.0,107.0,0.0,228.96249389648438,1382.0,107.0,0.0,0.0,1239.0,2138.0,1101.0,0.0,2.998439595103264e-05,7.074583053588867,13.440617561340332,3.6119089126586914,0.25,29.682375655975193,72.28185982769355,2.3362673800438643,1.6401501218788326,0.0017842380329966545,12.491528746206313,118.43736309278756,2.899114042520523e-05,0.01396621270876157,1.6204823746233112,0.10636791425365356,1.519315065095885e-05,117437.0,118.43736309278756,247.8884131943991,,,,,,,,,,,,,,
366.0,,26688.0,33207.0,6519.0,29747.0,29748.0,29747.5,0.046838901937007904,0.0113838148675859,0.01,-0.002473052106797696,0.0,0.0,0.0,0.07005253434181213,0.1263383640052952,89.41752862930298,91.806640625,352.5699462890625,2e-05,366.0,0.0,0.2774999737739563,1.0,-1.0,0.2774999737739563,1.0,-1.0,0.008574498817324638,1.4999970197677612,-1.4999970197677612,0.008574498817324638,1.4999970197677612,-1.4999970197677612,323.5249938964844,1270.0,107.0,0.0,323.5249938964844,1270.0,107.0,0.0,0.0,1163.8499755859375,1281.0,1099.0,0.0,2.8446782380342484e-05,7.286202430725098,12.6593017578125,3.4959869384765625,0.25,24.55681209312752,1.1962052453309298,2.3283604960888624,1.6334375399164855,0.0016991528682410717,12.376146322116256,42.09513777215034,2.870289608836174e-05,0.01372751945471456,0.9487988599461988,0.10400996993122326,1.42797955142539e-05,118990.0,42.09513777215034,706.6730642625573,,,,,,,,,,,,,,
367.0,,27414.0,32144.0,4730.0,30590.0,30592.0,30591.0,0.06289898604154587,0.008149595202412457,0.01,-0.0012779344059526934,0.0,0.0,0.0,0.0848347619175911,0.12863296462047458,89.41752862930298,91.806640625,356.2513427734375,2e-05,367.0,0.0,0.3037499785423279,1.0,-1.0,0.3037499785423279,1.0,-1.0,-0.008577466011047363,1.4999970197677612,-1.4999979734420776,-0.008577466011047363,1.4999970197677612,-1.4999979734420776,284.8500061035156,783.0,108.0,0.0,284.8500061035156,783.0,108.0,0.0,0.0,1244.699951171875,2124.0,1104.0,0.0,3.0399300158023834e-05,6.035532474517822,8.027084350585938,5.0845441818237305,0.25,20.029401598032564,6.894198352005333,2.3705133451148868,1.6725130113773048,0.0017079520039260387,12.5147540778853,43.48559146607295,2.9406975954771042e-05,0.013668342088991082,0.8789451289289347,0.10227480368315273,1.3957961524026991e-05,122364.0,43.48559146607295,703.474391600878,,,,,,,,,,,,,,
368.0,,28659.0,33655.0,4996.0,30956.0,30962.0,30958.5,0.05537107586860657,0.00903440063353628,0.01,-0.0011257509887218475,0.0,0.0,0.0,0.10988817363977432,0.13072553389548394,89.41752862930298,91.806640625,353.8555908203125,2e-05,368.0,0.0,0.1887499988079071,1.0,-1.0,0.1887499988079071,1.0,-1.0,0.0005057906964793801,1.4999970197677612,-0.8660238981246948,0.0005057906964793801,1.4999970197677612,-0.8660238981246948,359.625,1241.0,108.0,0.0,359.625,1241.0,108.0,0.0,0.0,1188.300048828125,1286.0,1105.0,0.0,2.870289608836174e-05,8.663493156433105,12.407343864440918,6.707507610321045,0.25,24.230286308098584,1.108238591812551,2.3452864489518106,1.6275172708556056,0.001679407898336649,12.461574589367956,41.777062259148806,2.726307138800621e-05,0.013142733585732558,0.8422066843273752,0.10063128534463843,1.3561767352557851e-05,123834.0,41.777062259148806,741.0406171683449,,,,,,,,,,,,,,
369.0,,25679.0,31098.0,5419.0,27398.0,27583.0,27474.75,0.05648162215948105,0.013673942346358672,0.01,0.0005755817890167235,0.0,0.0,0.0,0.08604783564805984,0.11523346443383992,89.41752862930298,91.806640625,338.919677734375,2e-05,369.0,0.0,0.4362499713897705,0.800000011920929,-0.699999988079071,0.4362499713897705,0.800000011920929,-0.699999988079071,0.0008331362623721361,1.4999955892562866,-1.4999970197677612,0.0008331362623721361,1.4999955892562866,-1.4999970197677612,231.6875,978.0,108.0,0.0,231.6875,978.0,108.0,0.0,0.0,1142.050048828125,1286.0,1103.0,0.0,2.7070753276348114e-05,4.903120040893555,9.718116760253906,3.1008822917938232,0.25,21.52586385468021,1.2912182151339948,2.408131974749267,1.4849344999529421,0.002068101428449154,12.467334457207471,39.182329391129315,4.0319282561540604e-05,0.013511810844074488,1.1613630350515356,0.11344356597610052,1.881820060645824e-05,109899.0,39.182329391129315,701.202568273548,,,,,,,,,,,,,,
370.0,,27259.0,34931.0,7672.0,31205.0,31439.0,31264.25,0.04402170330286026,0.01437462806003168,0.01,0.001591823324561119,0.0,0.0,0.0,0.009946031495928764,0.13141582649424155,89.41752862930298,91.806640625,369.2528076171875,2e-05,370.0,0.0,0.32750001549720764,1.0,-1.0,0.32750001549720764,1.0,-1.0,-0.04344038665294647,0.4999989867210388,-1.4999970197677612,-0.04344038665294647,0.4999989867210388,-1.4999970197677612,215.8125,909.0,103.0,0.0,215.8125,909.0,103.0,0.0,0.0,1347.4000244140625,2250.0,1101.0,0.05000000074505806,3.372691571712494e-05,5.860429763793945,8.905046463012695,3.8103787899017334,0.25,20.668714485131204,10.02173577900976,2.382506330963224,1.7196536920964718,0.0017230859957635403,12.551575543824583,47.350202328991145,2.9759015887975693e-05,0.013750959099422437,1.1971453510067307,0.10036683707289143,1.3778405013422201e-05,125057.0,47.350202328991145,660.2770096477035,,,,,,,,,,,,,,
371.0,,27397.0,29254.0,1857.0,28076.0,28102.0,28083.0,0.060972243547439575,0.00976817263290286,0.01,-0.00034363375976681764,0.0,0.0,0.0,0.05232897773385048,0.11901319181098187,89.41752862930298,91.806640625,330.088623046875,2e-05,371.0,0.0,0.19500000774860382,1.0,-1.0,0.19500000774860382,1.0,-1.0,0.01431544590741396,1.459990382194519,-1.4999970197677612,0.01431544590741396,1.459990382194519,-1.4999970197677612,255.3000030517578,722.0,110.0,0.0,255.3000030517578,722.0,110.0,0.0,0.0,1148.8499755859375,1269.0,1108.0,0.0,3.017531707882881e-05,5.0434441566467285,7.16224479675293,3.995689868927002,0.25,18.651085164863616,1.0979766948148608,2.3198313121683896,1.492670113220811,0.0017873719334602356,12.343298677355051,35.909213421400636,2.8479378670454025e-05,0.01328802223071619,0.9131945341198402,0.10988230136875557,1.5911511710467504e-05,112332.0,35.909213421400636,782.055559681614,,,,,,,,,,,,,,
372.0,,28117.0,30610.0,2493.0,28991.0,28992.0,28991.25,0.06209338828921318,0.011172207156196236,0.01,-0.0005026394315063955,0.0,0.0,0.0,0.04889718070626259,0.12235473395261044,89.41752862930298,91.806640625,348.5927734375,2e-05,372.0,0.0,0.30000001192092896,1.0,-1.0,0.30000001192092896,1.0,-1.0,0.0009124010102823377,1.4999970197677612,-1.4999970197677612,0.0009124010102823377,1.4999970197677612,-1.4999970197677612,286.86248779296875,1021.0,106.0,0.0,286.86248779296875,1021.0,106.0,0.0,0.0,1162.699951171875,1289.0,1103.0,0.0,3.116810694336891e-05,7.961957931518555,10.021134376525879,6.140487194061279,0.25,21.224741984158754,1.2286321744322777,2.41370190307498,1.5884792204014957,0.0016892962157726288,12.42545008379966,38.88524914905429,2.9854942113161087e-05,0.013697919375686592,0.9248656579440827,0.1071482782201497,1.4567293715971446e-05,115965.0,38.88524914905429,745.559065055009,,,,,,,,,,,,,,
373.0,,27126.0,32607.0,5481.0,29555.0,29557.0,29556.25,0.05696401372551918,0.010915155812456306,0.01,-0.002037992030382156,0.0,0.0,0.0,0.09963274002075195,0.12393123265519801,89.41752862930298,91.806640625,346.44903564453125,2e-05,373.0,0.0,0.1550000160932541,1.0,-1.0,0.1550000160932541,1.0,-1.0,0.026138445362448692,1.4999970197677612,-1.4999970197677612,0.026138445362448692,1.4999970197677612,-1.4999970197677612,260.9125061035156,905.0,107.0,0.0,260.9125061035156,905.0,107.0,0.0,0.0,1216.9000244140625,1855.0,1101.0,0.0,3.2895710319280624e-05,6.049744129180908,9.007401466369629,3.624969959259033,0.25,20.14097375003621,1.161961697973311,2.324867113959044,1.5797390551306307,0.0017451979219913483,12.515167949721217,37.72701101517305,2.9438640922307968e-05,0.013362140453631894,0.9649295142066885,0.10585889574727188,1.4761665654399224e-05,118225.0,37.72701101517305,783.4241092704924,,,,,,,,,,,,,,
374.0,,27908.0,33213.0,5305.0,31223.0,31225.0,31224.25,0.04683811962604523,0.007250300948508084,0.01,-0.00037340084090828915,0.0,0.0,0.0,0.071222685277462,0.13188251374323384,89.41752862930298,91.806640625,357.63214111328125,2e-05,374.0,0.0,0.26124995946884155,1.0,-1.0,0.26124995946884155,1.0,-1.0,0.005991356913000345,1.4527413845062256,-1.4999970197677612,0.005991356913000345,1.4527413845062256,-1.4999970197677612,245.96249389648438,572.0,107.0,0.0,245.96249389648438,572.0,107.0,0.0,0.0,1315.25,2250.0,1101.0,0.10000000149011612,3.0046794563531876e-05,4.893117904663086,5.870479106903076,3.756129264831543,0.25,17.082804342266172,7.5829571122303605,2.3496206533163786,1.668852053117007,0.0016623851843178272,12.476732654962689,41.165086248889565,3.071920946240425e-05,0.013361826570029761,0.8681610175466876,0.09989617568846881,1.331004895488144e-05,124897.0,41.165086248889565,758.5129255217406,,,,,,,,,,,,,,
375.0,,26845.0,35943.0,9098.0,30978.0,31072.0,31001.75,0.057408105581998825,0.011904118721451584,0.01,-0.001531020617112517,0.0,0.0,0.0,0.09742512553930283,0.1301004398999637,89.41752862930298,91.806640625,372.94140625,2e-05,375.0,0.0,0.21125002205371857,1.0,-1.0,0.21125002205371857,1.0,-1.0,0.0794529840350151,0.8660238981246948,-1.4999970197677612,0.0794529840350151,0.8660238981246948,-1.4999970197677612,285.9375,1655.0,108.0,0.0,285.9375,1655.0,108.0,0.0,0.0,1264.1500244140625,2213.0,1107.0,0.0,2.8478913009166718e-05,8.905801773071289,16.086315155029297,4.320162296295166,0.25,27.324097567237914,0.9828191129490733,2.448431816883385,1.709160687867552,0.0017353747971355915,12.558179129380733,45.02691273903474,2.8415117412805557e-05,0.013782775874487344,1.1944960685131327,0.1012699212897718,1.399416804805851e-05,124007.0,45.02691273903474,688.516003299599,,,,,,,,,,,,,,
376.0,,26757.0,29534.0,2777.0,28004.0,28004.0,28004.0,0.06487429141998291,0.011353704384528101,0.01,0.0006359889358282085,0.0,0.0,0.0,0.04712435603141785,0.11829332570417642,89.41752862930298,91.806640625,334.7401123046875,2e-05,376.0,0.0,0.29374998807907104,1.0,-1.0,0.29374998807907104,1.0,-1.0,0.004683535546064377,1.4999970197677612,-1.4999970197677612,0.004683535546064377,1.4999970197677612,-1.4999970197677612,257.54998779296875,696.0,107.0,0.0,257.54998779296875,696.0,107.0,0.0,0.0,1142.6500244140625,1276.0,1097.0,0.0,3.167940303683281e-05,4.617273330688477,6.996250152587891,3.305419921875,0.25,18.45946536073461,1.1131164473481476,2.324260101187974,1.4778984691947699,0.0016582570970058441,12.383852687198669,35.762704147957265,2.851104363799095e-05,0.013193637241061722,0.8959165871061255,0.11055431980430179,1.4803752115821348e-05,112016.0,35.762704147957265,783.05040592406,,,,,,,,,,,,,,
377.0,,25578.0,32121.0,6543.0,29556.0,30176.0,29839.5,0.06283416599035263,0.011463059819070623,0.01,-0.0027787827793508764,0.0,0.0,0.0,0.08261743932962418,0.1254667153158967,89.41752862930298,91.806640625,359.23480224609375,2e-05,377.0,0.0,0.1599999964237213,0.800000011920929,-1.0,0.1599999964237213,0.800000011920929,-1.0,0.011187327094376087,1.4999970197677612,-1.4999970197677612,0.011187327094376087,1.4999970197677612,-1.4999970197677612,284.57501220703125,2197.0,108.0,0.0,284.57501220703125,2197.0,108.0,0.0,0.0,1207.4000244140625,2250.0,1107.0,0.05000000074505806,2.9278919100761414e-05,9.247758865356445,20.99339485168457,2.9614977836608887,0.25,32.14735333388671,1.1097768950276077,2.336119960062206,1.6559215900488198,0.0018015168607234955,12.508528036996722,49.76203860389069,2.8094742447137833e-05,0.013873570184225774,1.4120773668578894,0.10479840510897236,1.5093390143295762e-05,119358.0,49.76203860389069,599.6438417148564,,,,,,,,,,,,,,
378.0,-0.29956210399888883,26182.0,29197.0,3015.0,27598.0,27744.0,27669.25,0.047219399362802505,0.0164458434516564,0.01,0.000431208191439509,0.0,0.0,0.0,0.061314914375543594,0.11694072789566334,89.41752862930298,91.806640625,336.31451416015625,2e-05,378.0,0.0,0.23125000298023224,0.800000011920929,-1.0,0.23125000298023224,0.800000011920929,-1.0,0.010221527889370918,1.4999970197677612,-1.4999970197677612,0.010221527889370918,1.4999970197677612,-1.4999970197677612,240.91250610351562,762.0,106.0,0.0,240.91250610351562,762.0,106.0,0.0,0.0,1142.550048828125,1286.0,1103.0,0.0,2.9150862246751785e-05,4.789921760559082,7.555770397186279,3.490844964981079,0.25,18.957622562069446,1.188452485948801,2.3865479952655733,1.4689209656789899,0.0017424789257347584,12.37090498674661,36.37663419218734,3.907131031155586e-05,0.013272142953630744,0.9836363078954727,0.11177484921660877,1.5743821441986668e-05,110677.0,36.37663419218734,760.6324943043401,419.47595781832933,,,,,,,,,,,,,
379.0,,26440.0,30796.0,4356.0,28779.0,28802.0,28791.0,0.05867955461144447,0.014392285756766796,0.01,-0.0027755460957996545,0.0,0.0,0.0,0.08242304623126984,0.11727111236872725,89.41752862930298,91.806640625,353.7447509765625,2e-05,379.0,0.0,0.26875001192092896,1.0,-1.0,0.26875001192092896,1.0,-1.0,0.047020092606544495,1.4999970197677612,-1.4999970197677612,0.047020092606544495,1.4999970197677612,-1.4999970197677612,247.35000610351562,1207.0,105.0,0.0,247.35000610351562,1207.0,105.0,0.0,0.0,1192.199951171875,1847.0,1101.0,0.0,3.091106191277504e-05,6.174039840698242,11.742950439453125,3.5997583866119385,0.25,27.760776782874018,86.01125238416716,3.045510640833527,1.6160555710084736,0.0017141271382570267,12.869967349804938,131.30816711019725,2.9087066650390625e-05,0.0140326453666812,1.4029096817704678,0.11175338951239049,1.4884227173917427e-05,115164.0,131.30816711019725,219.2628275424623,,,,,,,,,,,,,,
380.0,,26513.0,32644.0,6131.0,29533.0,29818.0,29605.0,0.06365832686424255,0.00768991643562913,0.01,-0.0018516213260591039,0.0,0.0,0.0,0.12905968725681305,0.12519788530563639,89.41752862930298,91.806640625,346.330078125,2e-05,380.0,0.0,0.009999999776482582,0.699999988079071,-1.0,0.009999999776482582,0.699999988079071,-1.0,0.034364938735961914,1.4999970197677612,-1.4999970197677612,0.034364938735961914,1.4999970197677612,-1.4999970197677612,302.45001220703125,1369.0,115.0,0.0,302.45001220703125,1369.0,115.0,0.0,0.0,1177.800048828125,1290.0,1104.0,0.0,3.3214688301086426e-05,8.012049674987793,13.262243270874023,2.920271158218384,0.25,24.78930840594694,1.0635683513246477,2.325249067042023,1.5689570717513561,0.0017033428885042667,12.412640314083546,42.16389470687136,2.822326496243477e-05,0.013249088597798988,1.0245209293249686,0.10481878326366785,1.4383912248811575e-05,118420.0,42.16389470687136,702.1410191306481,,,,,,,,,,,,,,
381.0,,27451.0,32004.0,4553.0,29174.0,29176.0,29175.0,0.06314245611429214,0.008673034859821202,0.01,-0.0004086604341864587,0.0,0.0,0.0,0.04406994208693504,0.12298036525274743,89.41752862930298,91.806640625,339.5035400390625,2e-05,381.0,0.0,0.02250000461935997,0.699999988079071,-1.0,0.02250000461935997,0.699999988079071,-1.0,-0.00023699592566117644,1.4999970197677612,-0.8660238981246948,-0.00023699592566117644,1.4999970197677612,-0.8660238981246948,292.8999938964844,689.0,120.0,0.0,292.8999938964844,689.0,120.0,0.0,0.0,1165.8499755859375,1283.0,1108.0,0.0,2.979068085551262e-05,5.418308734893799,6.989640235900879,4.062614440917969,0.25,18.242202674038708,1.0644856048747897,2.341576092876494,1.5799853270873427,0.001665423158556223,12.435561339836568,35.667958312202245,2.822279930114746e-05,0.013538863128426245,0.7785166726715051,0.10656008003287547,1.4270978222418363e-05,116700.0,35.667958312202245,817.9610322696559,,,,,,,,,,,,,,
382.0,,27877.0,32045.0,4168.0,29565.0,29567.0,29566.0,0.04605195298790932,0.008626559081021699,0.01,0.0002628413587808617,0.0,0.0,0.0,0.05774404853582382,0.12520797166308945,89.41752862930298,91.806640625,346.57470703125,2e-05,382.0,0.0,0.2750000059604645,1.0,-1.0,0.2750000059604645,1.0,-1.0,-0.0041907900013029575,0.8660238981246948,-1.4999970197677612,-0.0041907900013029575,0.8660238981246948,-1.4999970197677612,251.35000610351562,627.0,107.0,0.0,251.35000610351562,627.0,107.0,0.0,0.0,1226.949951171875,2001.0,1097.0,0.0,3.059115260839462e-05,5.368537902832031,6.289969444274902,4.081153392791748,0.25,17.639272129163146,1.0734151336364448,2.3421655101701617,1.598200473934412,0.00163611164316535,12.394864195026457,35.05204311385751,3.0302908271551132e-05,0.01351383746477721,0.8772265829104409,0.10480673911779119,1.3834401366141428e-05,118264.0,35.05204311385751,843.4886349980367,,,,,,,,,,,,,,
383.0,,28729.0,35777.0,7048.0,30926.0,30926.0,30926.0,0.05143661051988602,0.00796167016307436,0.01,0.0011661936901509763,0.0,0.0,0.0,0.04738578200340271,0.1290166004955963,89.41752862930298,91.806640625,368.07427978515625,2e-05,383.0,0.0,0.2562499940395355,1.0,-1.0,0.2562499940395355,1.0,-1.0,-0.006351660005748272,1.4999970197677612,-0.8660238981246948,-0.006351660005748272,1.4999970197677612,-0.8660238981246948,275.54998779296875,1266.0,109.0,0.0,275.54998779296875,1266.0,109.0,0.0,0.0,1270.75,2244.0,1109.0,0.0,3.0239112675189972e-05,6.976874351501465,12.3997802734375,3.1327264308929443,0.25,23.954772762022913,1.1778049720451236,2.361202104948461,1.7543834270909429,0.0016604000702500343,12.626013807952404,41.87832127697766,3.1422823667526245e-05,0.014182107507363892,1.0866799474697384,0.1020663342167788,1.3422363628096378e-05,123704.0,41.87832127697766,738.4727719972236,,,,,,,,,,,,,,
384.0,,27228.0,30345.0,3117.0,28161.0,28446.0,28232.25,0.06924734264612198,0.011305802552960813,0.01,0.0010516054183244705,0.0,0.0,0.0,0.03899440914392471,0.10529902602342388,89.41752862930298,91.806640625,346.9222412109375,2e-05,384.0,0.0,0.10499999672174454,0.800000011920929,-1.0,0.10499999672174454,0.800000011920929,-1.0,-0.0010999327059835196,1.4999970197677612,-0.4999989867210388,-0.0010999327059835196,1.4999970197677612,-0.4999989867210388,267.0625,1051.0,109.0,0.0,267.0625,1051.0,109.0,0.0,0.0,1144.550048828125,1269.0,1105.0,0.0,2.953503280878067e-05,5.534575462341309,10.38223648071289,3.7657675743103027,0.25,21.641117791179568,1.0718223019503057,3.116775194182992,1.4958519260399044,0.0016868957318365574,14.027829797938466,41.35753190005198,7.801363244652748e-05,0.013245950340832775,1.0129238376400453,0.12421813527028899,1.4937666426131086e-05,112929.0,41.35753190005198,682.6386561999972,,,,,,,,,,,,,,
385.0,,27641.0,32185.0,4544.0,29179.0,29180.0,29179.75,0.06004016846418381,0.013349564941599968,0.01,0.0007616783678531635,0.0,0.0,0.0,0.09315847605466843,0.1221301237797144,89.41752862930298,91.806640625,351.13897705078125,2e-05,385.0,0.0,0.2800000011920929,0.800000011920929,-1.0,0.2800000011920929,0.800000011920929,-1.0,0.04762674868106842,1.4999970197677612,-1.4999970197677612,0.04762674868106842,1.4999970197677612,-1.4999970197677612,259.88751220703125,881.0,108.0,0.0,259.88751220703125,881.0,108.0,0.0,0.0,1199.0999755859375,2046.0,1107.0,0.0,2.953503280878067e-05,6.670456409454346,8.656904220581055,5.3735761642456055,0.25,20.056422056164593,1.339733845088631,2.3457143320702016,1.5965364603325725,0.0016670231707394123,12.535366341937333,37.87789294682443,2.8543639928102493e-05,0.013678462463973924,0.9646684650168146,0.10739782162233512,1.4282363374766852e-05,116719.0,37.87789294682443,770.3636007674588,,,,,,,,,,,,,,
386.0,,28611.0,29892.0,1281.0,29124.0,29124.0,29124.0,0.05970807373523712,0.012201171135529876,0.01,0.0005530364159494637,0.0,0.0,0.0,0.10294877737760544,0.12303758847292953,89.41752862930298,91.806640625,341.19354248046875,2e-05,386.0,0.0,0.21250000596046448,1.0,-1.0,0.21250000596046448,1.0,-1.0,-0.03207636624574661,1.4999970197677612,-1.4999970197677612,-0.03207636624574661,1.4999970197677612,-1.4999970197677612,264.70001220703125,755.0,107.0,0.0,264.70001220703125,755.0,107.0,0.0,0.0,1191.5,1904.0,1103.0,0.0,2.851104363799095e-05,5.893744468688965,7.562958717346191,3.7337536811828613,0.25,18.998107162304223,1.1274696751497686,2.349329489748925,1.5598192596808076,0.001650799997150898,12.410294920671731,36.4491529641673,2.9502902179956436e-05,0.01338946624502822,0.8971527749482539,0.10652979433346838,1.4170443595925165e-05,116496.0,36.4491529641673,799.0309137946617,,,,,,,,,,,,,,
387.0,,28534.0,30737.0,2203.0,29740.0,29741.0,29740.5,0.04095672816038132,0.008481907304376365,0.01,0.0014904279075562952,0.0,0.0,0.0,0.05702602118253708,0.12489739745076675,89.41752862930298,91.806640625,345.01129150390625,2e-05,387.0,0.0,0.4324999749660492,1.0,-0.699999988079071,0.4324999749660492,1.0,-0.699999988079071,-0.019248854368925095,0.8660238981246948,-1.4999970197677612,-0.019248854368925095,0.8660238981246948,-1.4999970197677612,245.3249969482422,1024.0,107.0,0.0,245.3249969482422,1024.0,107.0,0.0,0.0,1241.699951171875,1988.0,1099.0,0.0,2.9472168534994125e-05,5.535384178161621,9.919918060302734,2.738281488418579,0.25,21.298690900206566,1.269341150764376,2.3418798316270113,1.5965958600863814,0.0016654240898787975,12.505975523032248,39.016576460562646,2.863910049200058e-05,0.013421057649387043,1.085228314491316,0.10512580086945619,1.399963088951764e-05,118962.0,39.016576460562646,762.2529370320648,,,,,,,,,,,,,,
388.0,,26705.0,30476.0,3771.0,29092.0,29094.0,29092.75,0.054096952080726624,0.010400307103991509,0.01,-0.0015559933602344246,0.0,0.0,0.0,0.068215511739254,0.12217679774416605,89.41752862930298,91.806640625,341.12750244140625,2e-05,388.0,0.0,0.3112500309944153,1.0,-1.0,0.3112500309944153,1.0,-1.0,-0.0005812147865071893,1.4999970197677612,-1.4999979734420776,-0.0005812147865071893,1.4999970197677612,-1.4999979734420776,253.8874969482422,616.0,109.0,0.0,253.8874969482422,616.0,109.0,0.0,0.0,1200.75,1987.0,1109.0,0.0,3.0111055821180344e-05,4.611403942108154,6.32905912399292,3.864795684814453,0.25,17.934217213187367,1.5146139501594007,2.3255174020305276,1.5366696738637984,0.0016295528039336205,12.48537739412859,35.8005240932107,3.119884058833122e-05,0.013204919385962124,0.8829805136717723,0.10728942257202044,1.400308327619098e-05,116371.0,35.8005240932107,812.6347514984348,,,,,,,,,,,,,,
389.0,,27997.0,30443.0,2446.0,29393.0,29436.0,29409.25,0.042886894196271896,0.007812150795944037,0.01,0.00035878518596291556,0.0,0.0,0.0,0.028184551745653152,0.12272282967300964,89.41752862930298,91.806640625,347.5338134765625,2e-05,389.0,0.0,0.061250001192092896,0.699999988079071,-1.0,0.061250001192092896,0.699999988079071,-1.0,0.006890908814966679,1.4309940338134766,-0.8660238981246948,0.006890908814966679,1.4309940338134766,-0.8660238981246948,261.76251220703125,742.0,141.0,0.0,261.76251220703125,742.0,141.0,0.0,0.0,1208.699951171875,2031.0,1106.0,0.0,2.9375310987234116e-05,4.819900989532471,7.469085216522217,3.467327356338501,0.25,18.865466272924095,1.0640620621852577,2.326542108785361,1.533855611924082,0.0016267383471131325,12.567865645047277,36.3618800630793,2.8254929929971695e-05,0.013038887526238191,0.9008865991559188,0.10683599246025721,1.3828458283644878e-05,117637.0,36.3618800630793,808.7934383200725,,,,,,,,,,,,,,
390.0,,26155.0,31295.0,5140.0,28403.0,28404.0,28403.5,0.05485548824071884,0.011799310431815686,0.01,-0.002731390413828194,0.0,0.0,0.0,0.0668252632021904,0.12014158654167202,89.41752862930298,91.806640625,341.9638671875,2e-05,390.0,0.0,0.12250001728534698,0.800000011920929,-1.0,0.12250001728534698,0.800000011920929,-1.0,-0.0014843520475551486,1.4999899864196777,-1.4999970197677612,-0.0014843520475551486,1.4999899864196777,-1.4999970197677612,272.2250061035156,674.0,107.0,0.0,272.2250061035156,674.0,107.0,0.0,0.0,1147.949951171875,1283.0,1101.0,0.0,2.8959009796380997e-05,5.290633678436279,7.0371317863464355,3.2807013988494873,0.25,18.336331547703594,1.1347962860018015,2.3381524551659822,1.5249071549624205,0.0016764020547270775,12.377353501971811,35.71566668711603,3.049476072192192e-05,0.01342182437870703,0.8419658163147945,0.10894215063259644,1.4755241913206801e-05,113614.0,35.71566668711603,795.2672492110081,,,,,,,,,,,,,,
391.0,,27321.0,36351.0,9030.0,31689.0,31997.0,31767.0,0.05606653168797493,0.008746991651132702,0.01,0.0022717861551791426,0.0,0.0,0.0,0.07677872478961945,0.13278265693031846,89.41752862930298,91.806640625,373.816650390625,2e-05,391.0,0.0,0.21250000596046448,1.0,-1.0,0.21250000596046448,1.0,-1.0,-0.06936432421207428,1.4999970197677612,-1.4999970197677612,-0.06936432421207428,1.4999970197677612,-1.4999970197677612,326.75,1893.0,105.0,0.0,326.75,1893.0,105.0,0.0,0.0,1261.5999755859375,2196.0,1099.0,0.0,2.822279930114746e-05,9.486915588378906,18.256532669067383,4.2900238037109375,0.25,29.54006974166259,1.066498186904937,2.424199596978724,1.6803993750363588,0.00164417689666152,12.617661704309285,47.332932584919035,2.863910049200058e-05,0.013224410355371603,1.1300715279901528,0.09929849926267262,1.2939346622765134e-05,127068.0,47.332932584919035,671.1394850299521,,,,,,,,,,,,,,
392.0,-0.30147293207656806,25594.0,30420.0,4826.0,28045.0,28047.0,28045.5,0.06206360459327698,0.012339939125813545,0.01,0.0012565981294028461,0.0,0.0,0.0,0.11508342623710632,0.11833002243977583,89.41752862930298,91.806640625,338.8095703125,2e-05,392.0,0.0,0.22499999403953552,0.800000011920929,-1.0,0.22499999403953552,0.800000011920929,-1.0,0.030716706067323685,1.4999970197677612,-1.4999970197677612,0.030716706067323685,1.4999970197677612,-1.4999970197677612,252.375,553.0,107.0,0.0,252.375,553.0,107.0,0.0,0.0,1149.9000244140625,1268.0,1101.0,0.0,2.883095294237137e-05,4.2616987228393555,5.862368106842041,2.9373199939727783,0.25,17.314207554794848,1.1918869339860976,2.3368048672564328,1.5222300058230758,0.001625841949135065,12.399793840944767,34.7690242389217,3.5007018595933914e-05,0.013569289242686668,0.8575635242592793,0.11053282916104872,1.4492895020012703e-05,112182.0,34.7690242389217,806.6231541984101,454.952515586745,,,,,,,,,,,,,
393.0,,26801.0,28470.0,1669.0,27597.0,27598.0,27597.75,0.05553731322288513,0.01298662085318938,0.01,-0.0011739662755280735,0.0,0.0,0.0,0.06257721036672592,0.11689983956056307,89.41752862930298,91.806640625,331.48699951171875,2e-05,393.0,0.0,0.2550000250339508,1.0,-1.0,0.2550000250339508,1.0,-1.0,0.012903031893074512,1.4999970197677612,-1.4999970197677612,0.012903031893074512,1.4999970197677612,-1.4999970197677612,239.9875030517578,560.0,108.0,0.0,239.9875030517578,560.0,108.0,0.0,0.0,1139.9000244140625,1262.0,1103.0,0.0,3.324681892991066e-05,4.910024642944336,5.7312726974487305,3.815920352935791,0.25,17.008152103982866,83.20012581720948,2.39905944513157,1.4648226387798786,0.0016852649860084057,12.341472864151001,116.41813008999452,3.065494820475578e-05,0.013269402748230187,0.8858873953842838,0.11179781743213668,1.526632593244382e-05,110391.0,116.41813008999452,237.05714890512462,,,,,,,,,,,,,,
394.0,,26830.0,29828.0,2998.0,28054.0,28055.0,28054.5,0.051960546523332596,0.012003008113242687,0.01,0.00044485546648502343,0.0,0.0,0.0,0.03788689151406288,0.11850948806781325,89.41752862930298,91.806640625,337.55303955078125,2e-05,394.0,0.0,0.35749998688697815,1.0,-1.0,0.35749998688697815,1.0,-1.0,-0.00201878952793777,1.4999970197677612,-1.4999970197677612,-0.00201878952793777,1.4999970197677612,-1.4999970197677612,247.6750030517578,658.0,107.0,0.0,247.6750030517578,658.0,107.0,0.0,0.0,1155.050048828125,1276.0,1099.0,0.0,3.151921555399895e-05,5.240764141082764,6.5682759284973145,3.4814958572387695,0.25,17.489820976741612,1.17538324277848,2.3076136391609907,1.4980186112225056,0.001714480109512806,12.385739414021373,34.860829268582165,2.8446782380342484e-05,0.013349182940548803,0.8827001603281323,0.11037212759112952,1.527812035068176e-05,112218.0,34.860829268582165,804.7571038501866,,,,,,,,,,,,,,
395.0,,27877.0,29701.0,1824.0,28725.0,28727.0,28726.0,0.05931150168180466,0.009246551701799036,0.01,0.0004942699521780011,0.0,0.0,0.0,0.06751652806997299,0.12133190115515759,89.41752862930298,91.806640625,340.64703369140625,2e-05,395.0,0.0,0.20249998569488525,0.800000011920929,-1.0,0.20249998569488525,0.800000011920929,-1.0,0.008908978663384914,1.4999901056289673,-1.4999970197677612,0.008908978663384914,1.4999901056289673,-1.4999970197677612,275.8500061035156,885.0,108.0,0.0,275.8500061035156,885.0,108.0,0.0,0.0,1160.449951171875,1280.0,1109.0,0.0,2.9247254133224487e-05,7.21226692199707,8.743997573852539,6.294483184814453,0.25,19.682747502811253,1.2074363511055708,2.323854085057974,1.5481359930709004,0.0016733920201659203,12.405950414948165,37.172265445347875,2.8959009796380997e-05,0.013473299389672252,0.8919135174375228,0.10796795947006341,1.4563392224517165e-05,114904.0,37.172265445347875,772.7804495056696,,,,,,,,,,,,,,
396.0,,27964.0,33418.0,5454.0,29689.0,29690.0,29689.25,0.05756231024861336,0.008070432085078209,0.01,-0.001267423201352358,0.0,0.0,0.0,0.05592522770166397,0.12481616329460564,89.41752862930298,91.806640625,353.55426025390625,2e-05,396.0,0.0,0.3087500035762787,1.0,-0.699999988079071,0.3087500035762787,1.0,-0.699999988079071,-0.0005448067677207291,1.4999899864196777,-1.4999970197677612,-0.0005448067677207291,1.4999899864196777,-1.4999970197677612,271.26251220703125,1047.0,111.0,0.0,271.26251220703125,1047.0,111.0,0.0,0.0,1213.199951171875,2250.0,1105.0,0.05000000074505806,2.8223730623722076e-05,7.90999174118042,10.278688430786133,6.139710426330566,0.25,21.619698849972337,1.185334807727486,2.331096462905407,1.6107770530506968,0.0017616739496588707,12.495509695727378,39.24666809896007,2.899114042520523e-05,0.01356363880066604,0.9962535758708049,0.10521914241457243,1.4834274608308316e-05,118757.0,39.24666809896007,756.4782295694213,,,,,,,,,,,,,,
397.0,,25970.0,31109.0,5139.0,28821.0,29166.0,28909.0,0.07195695489645004,0.012385106496476509,0.01,-0.0002772552706301216,0.0,0.0,0.0,0.05417967960238457,0.1214067157029708,89.41752862930298,91.806640625,353.2637939453125,2e-05,397.0,0.0,0.3112500309944153,0.800000011920929,-1.0,0.3112500309944153,0.800000011920929,-1.0,-0.011257081292569637,0.6488845944404602,-1.4999970197677612,-0.011257081292569637,0.6488845944404602,-1.4999970197677612,262.0,1424.0,105.0,0.0,262.0,1424.0,105.0,0.0,0.0,1183.449951171875,1834.0,1099.0,0.0,2.7198810130357742e-05,6.85854959487915,13.886406898498535,3.329172134399414,0.25,24.810696327127516,1.127861191984266,2.3444176339544356,1.5765235107392073,0.0016223862767219543,12.498765438329428,42.36232440313324,3.142328932881355e-05,0.013633500905766434,1.1837164278209693,0.10808714793255932,1.4030114122954394e-05,115636.0,42.36232440313324,682.422421510511,,,,,,,,,,,,,,
398.0,,26153.0,31239.0,5086.0,28623.0,28624.0,28623.25,0.06769993901252747,0.011043864460662009,0.01,-0.0024599100742489096,0.0,0.0,0.0,0.0575108639895916,0.12036366193212931,89.41752862930298,91.806640625,340.0787353515625,2e-05,398.0,0.0,0.19499997794628143,1.0,-1.0,0.19499997794628143,1.0,-1.0,0.015698404982686043,1.499997615814209,-1.4999970197677612,0.015698404982686043,1.499997615814209,-1.4999970197677612,273.9125061035156,631.0,108.0,0.0,273.9125061035156,631.0,108.0,0.0,0.0,1157.25,1268.0,1103.0,0.0,2.9792077839374542e-05,5.431112289428711,6.556156635284424,4.1639628410339355,0.25,17.39613610925153,1.3232274916954339,2.3387812352739275,1.545428141951561,0.001686606090515852,12.45532850176096,35.063110443763435,2.947123721241951e-05,0.013498014218786833,0.7938728658445456,0.1087868123095819,1.4731084786981318e-05,114493.0,35.063110443763435,816.3351635876082,,,,,,,,,,,,,,
399.0,,27715.0,30212.0,2497.0,28991.0,28992.0,28991.25,0.07319003343582153,0.008796552270650865,0.01,-0.000943114398978652,0.0,0.0,0.0,0.07185128331184387,0.12131159502503473,89.41752862930298,91.806640625,341.17034912109375,2e-05,399.0,0.0,0.13750000298023224,0.800000011920929,-1.0,0.13750000298023224,0.800000011920929,-1.0,0.015096347779035568,1.4999970197677612,-1.4999979734420776,0.015096347779035568,1.4999970197677612,-1.4999979734420776,281.4125061035156,861.0,105.0,0.0,281.4125061035156,861.0,105.0,0.0,0.0,1168.1500244140625,1274.0,1101.0,0.0,2.8030946850776672e-05,6.305881023406982,8.46816635131836,4.489863872528076,0.25,19.316281270235777,1.2502633058466017,2.320501361042261,1.5369976442307234,0.0016260016709566116,12.526172867976129,36.954353066161275,2.819206565618515e-05,0.013253978736952731,0.8580056531886366,0.10801684014983942,1.4021486405006784e-05,115965.0,36.954353066161275,784.5151543607184,,,,,,,,,,,,,,
400.0,,26279.0,30287.0,4008.0,28691.0,28692.0,28691.5,0.06437873840332031,0.01185549149522558,0.01,-0.0008647009171545504,0.0,0.0,0.0,0.08089115470647812,0.1175472459650421,89.41752862930298,91.806640625,350.61865234375,2e-05,400.0,0.0,0.20999999344348907,0.800000011920929,-1.0,0.20999999344348907,0.800000011920929,-1.0,0.008257589302957058,0.9933976531028748,-1.4999970197677612,0.008257589302957058,0.9933976531028748,-1.4999970197677612,250.47500610351562,793.0,105.0,0.0,250.47500610351562,793.0,105.0,0.0,0.0,1184.0999755859375,1957.0,1099.0,0.0,2.9567163437604904e-05,5.6688055992126465,7.758354663848877,3.5846424102783203,0.25,19.242254624143243,1.0895139332860708,2.441609750967473,1.5646395906805992,0.0016630557365715504,12.790451805107296,37.132645966950804,4.531070590019226e-05,0.013633302464846725,0.9602881836582116,0.11144809268517937,1.4490839940152575e-05,114766.0,37.132645966950804,772.675882713457,,13.458699106704444,,,,,,,,,,,,
401.0,,25560.0,32184.0,6624.0,27809.0,29190.0,28155.25,0.061756670475006104,0.0143281656736508,0.01,0.0027929343283176426,0.0,0.0,0.0,0.10464752465486526,0.11657322640056639,89.41752862930298,91.806640625,351.33673095703125,2e-05,401.0,0.0,0.35999998450279236,0.800000011920929,-1.0,0.35999998450279236,0.800000011920929,-1.0,-0.13114577531814575,1.4999970197677612,-1.4999977350234985,-0.13114577531814575,1.4999970197677612,-1.4999977350234985,256.01251220703125,2250.0,105.0,0.012500000186264515,256.01251220703125,2250.0,105.0,0.012500000186264515,0.0,1151.75,1290.0,1099.0,0.0,2.684677019715309e-05,7.971524238586426,21.432510375976562,2.4157602787017822,0.25,32.81825209222734,1.3801283170469105,2.3758627511560917,1.5461095641367137,0.0016864161007106304,12.656243302393705,50.780747747048736,2.918299287557602e-05,0.013728430436035142,1.6023754744508247,0.11237907053208286,1.497425969144858e-05,112621.0,50.780747747048736,554.4473299260608,,,,,,,,,,,,,,
402.0,,25911.0,36591.0,10680.0,30930.0,30931.0,30930.25,0.054598744958639145,0.008931853054091336,0.01,6.056611426174669e-05,0.0,0.0,0.0,0.06435375660657883,0.12857244009604876,89.41752862930298,91.806640625,361.81109619140625,2e-05,402.0,0.0,0.3037499785423279,1.0,-1.0,0.3037499785423279,1.0,-1.0,0.0232799481600523,1.499993920326233,-1.4999970197677612,0.0232799481600523,1.499993920326233,-1.4999970197677612,280.86248779296875,806.0,108.0,0.0,280.86248779296875,806.0,108.0,0.0,0.0,1265.6500244140625,2250.0,1104.0,0.05000000074505806,2.9630959033966064e-05,5.460371017456055,8.143594741821289,2.1427862644195557,0.25,19.547427305020392,0.9930686862207949,2.3626917866058648,1.6613940158858895,0.0016926559619605541,12.664869778323919,37.23366057081148,3.049522638320923e-05,0.013428553082224437,0.8699731765997771,0.10236637093398791,1.3681234082819846e-05,123721.0,37.23366057081148,830.7066650397275,,,,,,,,,,,,,,
403.0,,27289.0,29511.0,2222.0,28467.0,28468.0,28467.75,0.06680624932050705,0.009926722706295552,0.01,-0.0013155635073781012,0.0,0.0,0.0,0.059166375547647476,0.11952300975363997,89.41752862930298,91.806640625,345.864501953125,2e-05,403.0,0.0,0.20624999701976776,0.800000011920929,-1.0,0.20624999701976776,0.800000011920929,-1.0,0.003188637550920248,1.4999970197677612,-1.4999970197677612,0.003188637550920248,1.4999970197677612,-1.4999970197677612,273.3374938964844,843.0,106.0,0.0,273.3374938964844,843.0,106.0,0.0,0.0,1150.050048828125,1273.0,1099.0,0.0,2.9759015887975693e-05,5.944633483886719,8.309974670410156,3.4826836585998535,0.25,19.754944670945406,1.1479196161963046,2.313769026193768,1.5224663647823036,0.0017298073507845402,12.46940559707582,37.21269209869206,2.780696377158165e-05,0.01337009743290481,0.9034135762082318,0.10950466402399048,1.5190938437218784e-05,113871.0,37.21269209869206,765.0010895341962,,,,,,,,,,,,,,
404.0,,26470.0,28832.0,2362.0,27555.0,27822.0,27622.75,0.06794998794794083,0.010128787830471993,0.01,0.0005024685896933082,0.0,0.0,0.0,0.058439359068870544,0.11512501284307006,89.41752862930298,91.806640625,336.97393798828125,2e-05,404.0,0.0,0.22499999403953552,1.0,-1.0,0.22499999403953552,1.0,-1.0,0.003658722387626767,1.4999970197677612,-1.4999970197677612,0.003658722387626767,1.4999970197677612,-1.4999970197677612,245.9875030517578,803.0,106.0,0.0,245.9875030517578,803.0,106.0,0.0,0.0,1135.1500244140625,1281.0,1103.0,0.0,2.8959941118955612e-05,5.0277862548828125,8.007340431213379,3.1979622840881348,0.25,19.045819811988622,1.2049321769736707,2.3820428671315312,1.4926284761168063,0.001682192087173462,12.54174403520301,36.671389039140195,2.883095294237137e-05,0.013509050294746236,0.9678245750286408,0.11350919111242554,1.5224697823111944e-05,110491.0,36.671389039140195,753.2507146243526,,,,,,,,,,,,,,
405.0,,26960.0,30547.0,3587.0,28425.0,28426.0,28425.25,0.04563340172171593,0.00935379445552826,0.01,-0.0020726379007101055,0.0,0.0,0.0,0.06689736247062683,0.12014594648972451,89.41752862930298,91.806640625,339.60992431640625,2e-05,405.0,0.0,0.2849999964237213,1.0,-1.0,0.2849999964237213,1.0,-1.0,0.029827911406755447,1.4999970197677612,-1.4999970197677612,0.029827911406755447,1.4999970197677612,-1.4999970197677612,263.3125,677.0,105.0,0.0,263.3125,677.0,105.0,0.0,0.0,1157.949951171875,1284.0,1097.0,0.0,2.9278919100761414e-05,5.384609222412109,6.887774467468262,3.8580307960510254,0.25,18.166562891099602,1.1619632449001074,2.332138803321868,1.512210451066494,0.0016069309785962105,12.387445926200598,35.56438142526895,3.0879396945238113e-05,0.013299886993663152,0.8624050743460527,0.10894755478140561,1.4132953787532305e-05,113701.0,35.56438142526895,799.2617574336185,,,,,,,,,,,,,,
406.0,-0.3005175180495924,27115.0,31121.0,4006.0,28995.0,28996.0,28995.5,0.049364954233169556,0.00866363933775574,0.01,-0.0013367104530334472,0.0,0.0,0.0,0.05071069300174713,0.12273973189373691,89.41752862930298,91.806640625,341.9034423828125,2e-05,406.0,0.0,0.33249998092651367,0.800000011920929,-1.0,0.33249998092651367,0.800000011920929,-1.0,-0.005988738965243101,1.4999970197677612,-1.4999970197677612,-0.005988738965243101,1.4999970197677612,-1.4999970197677612,278.9750061035156,615.0,104.0,0.0,278.9750061035156,615.0,104.0,0.0,0.0,1170.800048828125,1269.0,1101.0,0.0,3.2351817935705185e-05,5.096105098724365,6.4352569580078125,3.5842196941375732,0.25,17.755051415413618,1.2262242268770933,2.3301035659387708,1.5447188261896372,0.0016934238374233246,12.379311500117183,35.239613350015134,3.526313230395317e-05,0.013318608285679132,0.7955484996600779,0.1067347648783189,1.4600746990251285e-05,115982.0,35.239613350015134,822.8098223440794,416.8181317220442,,,,,,,,,,,,,
407.0,,28477.0,32031.0,3554.0,30302.0,30303.0,30302.25,0.06518534570932388,0.007483349177055063,0.01,2.963487058877945e-05,0.0,0.0,0.0,0.1568380892276764,0.11251278618083445,89.41752862930298,91.806640625,356.696044921875,2e-05,407.0,0.0,0.2150000035762787,1.0,-1.0,0.2150000035762787,1.0,-1.0,-0.03010452352464199,1.4999970197677612,-1.4999970197677612,-0.03010452352464199,1.4999970197677612,-1.4999970197677612,331.11248779296875,1121.0,150.0,0.0,331.11248779296875,1121.0,150.0,0.0,0.0,1184.0,1290.0,1112.0,0.0,2.883095294237137e-05,7.394697189331055,11.088647842407227,3.843071937561035,0.25,27.03842941019684,102.11104104993865,3.185147214215249,1.6247336701489985,0.0017267991788685322,14.151421344839036,148.1152475704439,2.9342714697122574e-05,0.013404397941976244,1.020741795092183,0.11675223246490803,1.4246460072012245e-05,121209.0,148.1152475704439,204.58562164971025,,,,,,,,,,,,,,
408.0,,29295.0,33293.0,3998.0,30849.0,30850.0,30849.75,0.06627537310123444,0.007333688065846218,0.01,0.000930053126066923,0.0,0.0,0.0,0.07705839723348618,0.12690202171091902,89.41752862930298,91.806640625,358.8170166015625,2e-05,408.0,0.0,0.20499999821186066,1.0,-1.0,0.20499999821186066,1.0,-1.0,0.009081486612558365,1.0738270282745361,-1.4999970197677612,0.009081486612558365,1.0738270282745361,-1.4999970197677612,262.8374938964844,1125.0,108.0,0.0,262.8374938964844,1125.0,108.0,0.0,0.0,1279.6500244140625,1993.0,1104.0,0.0,3.148708492517471e-05,6.182197093963623,11.082083702087402,3.3782269954681396,0.25,22.465001337230206,1.2150894799269736,2.3615910527296364,1.7090091756545007,0.001704591792076826,12.797498864121735,40.55237139109522,2.9311049729585648e-05,0.013849457253741933,1.068388326305712,0.10370828664836615,1.3813659689923144e-05,123399.0,40.55237139109522,760.7384954748715,,,,,,,,,,,,,,
409.0,,27584.0,28761.0,1177.0,28085.0,28086.0,28085.75,0.07061494886875153,0.0098325859522447,0.01,0.0001358469575643534,0.0,0.0,0.0,0.06416653096675873,0.11920382895320371,89.41752862930298,91.806640625,331.9007568359375,2e-05,409.0,0.0,0.17750000953674316,1.0,-1.0,0.17750000953674316,1.0,-1.0,-0.0029501873068511486,1.4999970197677612,-1.4999970197677612,-0.0029501873068511486,1.4999970197677612,-1.4999970197677612,263.3374938964844,438.0,106.0,0.0,263.3374938964844,438.0,106.0,0.0,0.0,1140.949951171875,1269.0,1103.0,0.0,2.7070753276348114e-05,4.142324924468994,4.694863796234131,3.756030797958374,0.25,16.01646190136671,1.113982753828168,2.3181676282547414,1.4969506380148232,0.0016185780987143517,12.32481986656785,33.274412339087576,2.8703361749649048e-05,0.013324823424822402,0.7602630607759392,0.10970705666190017,1.4407467298490797e-05,112343.0,33.274412339087576,844.0644935750696,,,,,,,,,,,,,,
410.0,,29047.0,32806.0,3759.0,30417.0,30418.0,30417.5,0.06567790359258652,0.009411578620783987,0.01,-0.0014898841734975567,0.0,0.0,0.0,0.07929031550884247,0.12864361388321494,89.41752862930298,91.806640625,355.745849609375,2e-05,410.0,0.0,0.2487500011920929,1.0,-1.0,0.2487500011920929,1.0,-1.0,-0.044518955051898956,1.4999970197677612,-1.4999970197677612,-0.044518955051898956,1.4999970197677612,-1.4999970197677612,277.57501220703125,1057.0,108.0,0.0,277.57501220703125,1057.0,108.0,0.0,0.0,1243.300048828125,2250.0,1107.0,0.05000000074505806,3.51988710463047e-05,7.2736430168151855,10.319021224975586,4.312165260314941,0.25,21.248308291193098,10.582387854810804,2.3300450518727303,1.646578245330602,0.0017166230827569962,12.438219769857824,48.24968741508201,3.078300505876541e-05,0.013533149053428142,0.9568723899483517,0.10222914251547484,1.4108844273502065e-05,121670.0,48.24968741508201,630.4185919034995,,,,,,,,,,,,,,
411.0,,27948.0,31216.0,3268.0,29644.0,29740.0,29668.5,0.06149296090006828,0.011262396364472807,0.01,-0.004522798024117947,0.0,0.0,0.0,0.0887371301651001,0.12377449428584505,89.41752862930298,91.806640625,356.71392822265625,2e-05,411.0,0.0,0.31874996423721313,1.0,-1.0,0.31874996423721313,1.0,-1.0,0.06906416267156601,1.224739909172058,-1.4999970197677612,0.06906416267156601,1.224739909172058,-1.4999970197677612,283.07501220703125,1236.0,108.0,0.0,283.07501220703125,1236.0,108.0,0.0,0.0,1200.3499755859375,1834.0,1105.0,0.0,3.0111055821180344e-05,7.510629653930664,12.047090530395508,4.351414680480957,0.25,23.04472159501165,1.2764311153441668,2.3439004197716713,1.6420045509003103,0.0016486886888742447,12.5828517251648,40.89391575520858,2.8959009796380997e-05,0.013836261952072992,1.0176067117818446,0.10602871501057351,1.3892585476804057e-05,118674.0,40.89391575520858,725.4991225979913,,,,,,,,,,,,,,
412.0,,27194.0,32659.0,5465.0,29411.0,29443.0,29420.0,0.06213128939270973,0.01190002960152924,0.01,-0.0008888058084994554,0.0,0.0,0.0,0.0650225356221199,0.12446610360775762,89.41752862930298,91.806640625,352.1832275390625,2e-05,412.0,0.0,0.27125000953674316,1.0,-1.0,0.27125000953674316,1.0,-1.0,0.011229541152715683,1.4999970197677612,-1.499993920326233,0.011229541152715683,1.4999970197677612,-1.499993920326233,298.45001220703125,1016.0,108.0,0.0,298.45001220703125,1016.0,108.0,0.0,0.0,1172.550048828125,1286.0,1107.0,0.0,2.7935020625591278e-05,6.49626350402832,10.317373275756836,4.314668655395508,0.25,21.604964138008654,1.3307507899589837,2.3289801334030926,1.5954670868813992,0.0016182903200387955,12.39990007597953,39.26408927794546,2.96630896627903e-05,0.013557674089746764,0.9048820630762545,0.10536964714462552,1.3751617267494864e-05,117680.0,39.26408927794546,749.2851748512385,,,,,,,,,,,,,,
413.0,,28085.0,32382.0,4297.0,29481.0,29485.0,29483.25,0.04720926657319069,0.009743375801481307,0.01,0.0020474221557378767,0.0,0.0,0.0,0.06918560713529587,0.1230076561142237,89.41752862930298,91.806640625,361.17218017578125,2e-05,413.0,0.0,0.23499998450279236,0.800000011920929,-1.0,0.23499998450279236,0.800000011920929,-1.0,0.0017841629451140761,1.4999970197677612,-1.4999970197677612,0.0017841629451140761,1.4999970197677612,-1.4999970197677612,256.76251220703125,881.0,105.0,0.0,256.76251220703125,881.0,105.0,0.0,0.0,1217.4000244140625,2250.0,1099.0,0.05000000074505806,2.9791146516799927e-05,5.543827056884766,8.64653205871582,3.707908868789673,0.25,20.028265382163227,1.2300567501224577,2.340546429157257,1.6409666598774493,0.001599026843905449,12.584749359637499,37.82859592279419,2.9439106583595276e-05,0.013914397665432485,0.9750384782709326,0.10671100845087889,1.355877357402465e-05,117933.0,37.82859592279419,779.3905451889749,,,,,,,,,,,,,,
414.0,,25578.0,32594.0,7016.0,28376.0,28698.0,28492.5,0.043717894703149796,0.013147158701904119,0.01,-0.0017310219747014345,0.0,0.0,0.0,0.0790819600224495,0.12017789878073169,89.41752862930298,91.806640625,350.3671875,2e-05,414.0,0.0,0.4449999928474426,1.0,-0.699999988079071,0.4449999928474426,1.0,-0.699999988079071,0.0325198620557785,1.4999901056289673,-1.4999899864196777,0.0325198620557785,1.4999901056289673,-1.4999899864196777,222.72500610351562,919.0,108.0,0.0,222.72500610351562,919.0,108.0,0.0,0.0,1201.9000244140625,2117.0,1105.0,0.0,3.132736310362816e-05,5.0371198654174805,9.07907772064209,2.897414445877075,0.25,20.49220978608355,1.346644620411098,2.3287765006534755,1.5304183550179005,0.0016311528161168098,12.421222630888224,38.12335708923638,2.9087066650390625e-05,0.013428256164059845,1.1500847337570743,0.1089867739834011,1.431212438463464e-05,113970.0,38.12335708923638,747.376468795936,,,,,,,,,,,,,,
415.0,,28242.0,30636.0,2394.0,29055.0,29056.0,29055.25,0.06884130835533142,0.012155010765418412,0.01,-8.882828056812273e-05,0.0,0.0,0.0,0.051015373319387436,0.12284491815961236,89.41752862930298,91.806640625,345.0426025390625,2e-05,415.0,0.0,0.30124998092651367,1.0,-1.0,0.30124998092651367,1.0,-1.0,0.011258529499173164,1.4999979734420776,-1.4999970197677612,0.011258529499173164,1.4999979734420776,-1.4999970197677612,299.86248779296875,968.0,107.0,0.0,299.86248779296875,968.0,107.0,0.0,0.0,1152.9000244140625,1290.0,1099.0,0.0,3.0335038900375366e-05,7.565303802490234,9.397887229919434,5.9521284103393555,0.25,20.755513964686543,1.1130650830455124,2.3885557777248323,1.5743905967101455,0.0016271532513201237,12.40145121468231,38.23704717727378,2.739112824201584e-05,0.013546524265925654,0.865209636278567,0.10670576930746002,1.4000509815955151e-05,116221.0,38.23704717727378,759.8716989126978,,,,,,,,,,,,,,
416.0,,25365.0,31683.0,6318.0,29133.0,29203.0,29167.75,0.05148791894316673,0.012654289305210115,0.01,0.0010172887158114456,0.0,0.0,0.0,0.06318788975477219,0.12333088872376974,89.41752862930298,91.806640625,352.37939453125,2e-05,416.0,0.0,0.26249998807907104,0.800000011920929,-1.0,0.26249998807907104,0.800000011920929,-1.0,-0.017967520281672478,1.4999970197677612,-1.4999970197677612,-0.017967520281672478,1.4999970197677612,-1.4999970197677612,291.4375,1021.0,108.0,0.0,291.4375,1021.0,108.0,0.0,0.0,1166.949951171875,1286.0,1107.0,0.0,2.879975363612175e-05,6.609406471252441,10.127034187316895,2.3153345584869385,0.25,21.09063819469884,1.2666898150928319,2.3437837408855557,1.6069183140061796,0.0016583837568759918,12.403928600717336,38.71610539359972,2.9087066650390625e-05,0.013773073977305239,0.904595247467246,0.10631543914698027,1.4214189960452827e-05,116671.0,38.71610539359972,753.375105875753,,,,,,,,,,,,,,
417.0,,26173.0,30189.0,4016.0,28618.0,28779.0,28691.0,0.0630551427602768,0.013847549087367952,0.01,-0.002113443105627084,0.0,0.0,0.0,0.06303546577692032,0.12063315892311405,89.41752862930298,91.806640625,347.81378173828125,2e-05,417.0,0.0,0.3500000238418579,1.0,-0.699999988079071,0.3500000238418579,1.0,-0.699999988079071,-0.020322483032941818,1.4999970197677612,-1.4999970197677612,-0.020322483032941818,1.4999970197677612,-1.4999970197677612,278.25,1143.0,109.0,0.0,278.25,1143.0,109.0,0.0,0.0,1156.300048828125,1285.0,1105.0,0.0,2.9470771551132202e-05,6.5518083572387695,11.231689453125,3.089541435241699,0.25,22.774482449982315,1.2951350091025233,2.361214220058173,1.534181690774858,0.0016523362137377262,12.462800356093794,40.43190884171054,3.0174851417541504e-05,0.013368144111174741,1.0231124191366718,0.10859503290312114,1.4397687547817488e-05,114764.0,40.43190884171054,709.6127989485786,,,,,,,,,,,,,,
418.0,,27274.0,33226.0,5952.0,29640.0,30612.0,29906.5,0.05211217328906059,0.010026501964312049,0.01,-0.00031199395656585674,0.0,0.0,0.0,0.1890152394771576,0.1259815422456181,89.41752862930298,91.806640625,359.38922119140625,2e-05,418.0,0.0,0.3125,1.0,-1.0,0.3125,1.0,-1.0,-0.0016410108655691147,1.4999970197677612,-1.4999979734420776,-0.0016410108655691147,1.4999970197677612,-1.4999979734420776,297.07501220703125,2250.0,108.0,0.012500000186264515,297.07501220703125,2250.0,108.0,0.012500000186264515,0.0,1198.25,1841.0,1106.0,0.0,3.065494820475578e-05,11.25814437866211,21.501379013061523,5.992600917816162,0.25,32.80815833155066,1.2383127589710057,2.3327027768827975,1.6340072909370065,0.0016086259856820107,12.479911372065544,50.497186589986086,2.8606969863176346e-05,0.013659298906065626,1.3804661420327635,0.10432440583205611,1.3447126759082563e-05,119626.0,50.497186589986086,592.2409151786419,,,,,,,,,,,,,,
419.0,,28540.0,30794.0,2254.0,30063.0,30066.0,30064.75,0.0658452957868576,0.010163902305066586,0.01,-0.0028537335246801377,0.0,0.0,0.0,0.0698157250881195,0.12678572046292153,89.41752862930298,91.806640625,353.1162109375,2e-05,419.0,0.0,0.14625000953674316,0.800000011920929,-1.0,0.14625000953674316,0.800000011920929,-1.0,0.038171619176864624,1.4999970197677612,-1.4999970197677612,0.038171619176864624,1.4999970197677612,-1.4999970197677612,334.23748779296875,1066.0,109.0,0.0,334.23748779296875,1066.0,109.0,0.0,0.0,1169.0,1285.0,1109.0,0.0,3.0943192541599274e-05,8.182477951049805,10.53602409362793,5.996243476867676,0.25,21.995170932728797,1.3312085131183267,2.3684722930192947,1.634183197747916,0.0016025458462536335,12.459270845167339,39.792372706346214,2.8735026717185974e-05,0.013588864016397242,0.8225876410011144,0.10360364584078813,1.3325787228013151e-05,120259.0,39.792372706346214,755.5405208396929,,,,,,,,,,,,,,
420.0,-0.30816083009930173,30752.0,35161.0,4409.0,32632.0,32633.0,32632.5,0.05888703465461731,0.00886924549471587,0.01,0.0007428638543933627,0.0,0.0,0.0,0.057019930332899094,0.13742746243060833,89.41752862930298,91.806640625,370.27496337890625,2e-05,420.0,0.0,0.32374998927116394,1.0,-1.0,0.32374998927116394,1.0,-1.0,0.003926985897123814,1.4999970197677612,-1.4999897480010986,0.003926985897123814,1.4999970197677612,-1.4999897480010986,272.92498779296875,950.0,109.0,0.0,272.92498779296875,950.0,109.0,0.0,0.0,1358.699951171875,2250.0,1105.0,0.05000000074505806,2.8895214200019836e-05,6.279747486114502,9.453567504882812,3.9398293495178223,0.25,20.875111387111247,6.289903971832246,2.3737688385881484,1.7695026881992817,0.0016157310456037521,12.544717010110617,43.857056903187186,3.484683111310005e-05,0.013556291183630442,0.956082778561475,0.09610600635953893,1.2378235237905096e-05,130530.0,43.857056903187186,744.0649761801168,413.9935198328458,,,,,,,,,,,,,
421.0,,27265.0,32482.0,5217.0,30428.0,30429.0,30428.25,0.04991826415061951,0.011517026144973672,0.01,-0.0005704308301210402,0.0,0.0,0.0,0.06452834606170654,0.1232534778524593,89.41752862930298,91.806640625,361.88531494140625,2e-05,421.0,0.0,0.5024999976158142,1.0,-1.0,0.5024999976158142,1.0,-1.0,0.03188217431306839,0.8660244345664978,-1.4527413845062256,0.03188217431306839,0.8660244345664978,-1.4527413845062256,287.3125,1119.0,107.0,0.0,287.3125,1119.0,107.0,0.0,0.0,1234.0999755859375,1990.0,1101.0,0.0,3.305496647953987e-05,7.324920654296875,11.082741737365723,4.7711381912231445,0.25,20.71629166882485,94.11675378633663,3.1266925907693803,1.6575415236875415,0.001823405735194683,12.98775938199833,132.60957930609584,2.9375776648521423e-05,0.013618442760325861,0.9012961352545074,0.10670807047725658,1.4981191287657712e-05,121713.0,132.60957930609584,229.45740540933355,,,,,,,,,,,,,,
422.0,,24948.0,29707.0,4759.0,26853.0,27089.0,26999.5,0.07196376472711563,0.021208852296695113,0.01,-0.0007735372544266279,0.0,0.0,0.0,0.04747238755226135,0.11318675943099762,89.41752862930298,91.806640625,345.89788818359375,2e-05,422.0,0.0,0.47874999046325684,0.800000011920929,-1.0,0.47874999046325684,0.800000011920929,-1.0,0.006553149316459894,0.8402518630027771,-1.4999970197677612,0.006553149316459894,0.8402518630027771,-1.4999970197677612,200.77499389648438,1013.0,104.0,0.0,200.77499389648438,1013.0,104.0,0.0,0.0,1149.199951171875,1729.0,1099.0,0.0,3.180839121341705e-05,4.8519744873046875,9.893824577331543,2.771134853363037,0.25,21.000154674053192,1.2329233568161726,2.338504191953689,1.4882850861176848,0.0016812318935990334,12.464829140808433,38.52880135783926,2.8767157346010208e-05,0.013780672661694521,1.307443324246868,0.11541722199307795,1.5567250260181053e-05,107998.0,38.52880135783926,700.7614835779611,,,,,,,,,,,,,,
423.0,,27722.0,34356.0,6634.0,31064.0,31064.0,31064.0,0.06830140203237534,0.011438731229764017,0.01,0.0006824504770338539,0.0,0.0,0.0,0.09008724987506866,0.13184796847429267,89.41752862930298,91.806640625,363.968505859375,2e-05,423.0,0.0,0.25999999046325684,1.0,-1.0,0.25999999046325684,1.0,-1.0,0.0007554996409453452,1.4999970197677612,-1.4999970197677612,0.0007554996409453452,1.4999970197677612,-1.4999970197677612,237.8000030517578,880.0,105.0,0.0,237.8000030517578,880.0,105.0,0.0,0.0,1315.4000244140625,2250.0,1101.0,0.05000000074505806,2.8864014893770218e-05,5.550546646118164,8.642325401306152,4.133625507354736,0.25,19.92486630473286,14.011172750033438,2.353643092792481,1.7007814911194146,0.0016466407105326653,12.410657161846757,50.40521770808846,2.7935020625591278e-05,0.01368772124581038,1.0473542002067315,0.09987974151627894,1.3252001597771257e-05,124256.0,50.40521770808846,616.2854048146528,,,,,,,,,,,,,,
424.0,,25615.0,28263.0,2648.0,26880.0,26881.0,26880.75,0.049343135207891464,0.01884109494276345,0.01,0.000880906730890275,0.0,0.0,0.0,0.0570925697684288,0.11298156109338883,89.41752862930298,91.806640625,328.755615234375,2e-05,424.0,0.0,0.4737500250339508,1.0,-0.699999988079071,0.4737500250339508,1.0,-0.699999988079071,0.001586423022672534,1.499993920326233,-1.4999970197677612,0.001586423022672534,1.499993920326233,-1.4999970197677612,207.78750610351562,610.0,107.0,0.0,207.78750610351562,610.0,107.0,0.0,0.0,1136.25,1274.0,1099.0,0.0,3.052735701203346e-05,4.369086742401123,6.163158416748047,2.8225810527801514,0.25,17.461807566229254,1.4346051970496774,2.282732129096985,1.4463433250784874,0.001623121090233326,12.419547178782523,35.04909335914999,2.902420237660408e-05,0.013451478521604563,1.0504606609053273,0.11550595852778031,1.5095571089286255e-05,107523.0,35.04909335914999,766.9456588948385,,,,,,,,,,,,,,
425.0,,27802.0,33261.0,5459.0,30526.0,30527.0,30526.75,0.05910110101103783,0.008847519811242818,0.01,-0.0017261421494185927,0.0,0.0,0.0,0.06560037285089493,0.12928959482047245,89.41752862930298,91.806640625,351.26336669921875,2e-05,425.0,0.0,0.26249998807907104,0.800000011920929,-1.0,0.26249998807907104,0.800000011920929,-1.0,0.014293479733169079,1.4999970197677612,-1.4999970197677612,0.014293479733169079,1.4999970197677612,-1.4999970197677612,344.0874938964844,1057.0,109.0,0.0,344.0874938964844,1057.0,109.0,0.0,0.0,1182.25,1284.0,1105.0,0.0,2.81590037047863e-05,7.867282867431641,10.560898780822754,3.6286513805389404,0.25,21.78281052876264,1.415091763716191,2.3256842950358987,1.6313977129757404,0.0016307337209582329,12.415404697880149,39.5744867590256,2.6751309633255005e-05,0.01336039467823909,0.7913252635144635,0.10167643704193985,1.3354956889926318e-05,122107.0,39.5744867590256,771.3745016045692,,,,,,,,,,,,,,
426.0,,26426.0,33603.0,7177.0,29321.0,29328.0,29323.75,0.07295945286750793,0.011171803358010948,0.01,-0.0019009758159518248,0.0,0.0,0.0,0.05050252005457878,0.1242330020322855,89.41752862930298,91.806640625,348.07958984375,2e-05,426.0,0.0,0.24375000596046448,1.0,-1.0,0.24375000596046448,1.0,-1.0,0.00876822229474783,1.4999970197677612,-1.4999970197677612,0.00876822229474783,1.4999970197677612,-1.4999970197677612,281.73748779296875,1038.0,105.0,0.0,281.73748779296875,1038.0,105.0,0.0,0.0,1184.449951171875,1734.0,1099.0,0.0,2.828706055879593e-05,6.966130256652832,10.260478019714355,5.674273490905762,0.25,21.689083656761795,1.4534145770594478,2.3366500842384994,1.5900296340696514,0.001697806641459465,12.386032308917493,39.45937395002693,3.0174851417541504e-05,0.013555817673981426,0.9622913020436485,0.10559727446964912,1.4474671908090414e-05,117295.0,39.45937395002693,743.1377405312328,,,,,,,,,,,,,,
427.0,,28847.0,31948.0,3101.0,30467.0,30468.0,30467.25,0.057517752051353455,0.010751005918718876,0.01,0.0017965085804462432,0.0,0.0,0.0,0.046869128942489624,0.12888953778252354,89.41752862930298,91.806640625,355.21649169921875,2e-05,427.0,0.0,0.3824999928474426,1.0,-0.699999988079071,0.3824999928474426,1.0,-0.699999988079071,-0.04093652218580246,1.4999970197677612,-1.4999970197677612,-0.04093652218580246,1.4999970197677612,-1.4999970197677612,347.6625061035156,1153.0,107.0,0.0,347.6625061035156,1153.0,107.0,0.0,0.0,1175.699951171875,1286.0,1101.0,0.0,3.001512959599495e-05,9.163822174072266,11.329693794250488,5.523825168609619,0.25,22.654598984867334,1.286358732264489,2.3369329958222806,1.6605674079619348,0.001640751026570797,12.434996575117111,40.37756359903142,2.81590037047863e-05,0.013625839286134577,0.8145327359460445,0.1020357644283379,1.3463235331140791e-05,121869.0,40.37756359903142,754.5589006447841,,,,,,,,,,,,,,
428.0,,27523.0,34640.0,7117.0,31227.0,31274.0,31250.5,0.06717460602521896,0.012080653519369662,0.01,0.00044288284145295594,0.0,0.0,0.0,0.07229506969451904,0.1309957418959411,89.41752862930298,91.806640625,372.02032470703125,2e-05,428.0,0.0,0.35999998450279236,1.0,-1.0,0.35999998450279236,1.0,-1.0,-0.01415951270610094,1.4999970197677612,-1.4999970197677612,-0.01415951270610094,1.4999970197677612,-1.4999970197677612,261.875,983.0,107.0,0.0,261.875,983.0,107.0,0.0,0.0,1300.6500244140625,2250.0,1103.0,0.05000000074505806,2.908799797296524e-05,6.9410200119018555,9.525555610656738,3.6117961406707764,0.25,20.9190367157571,13.506449896842241,2.3508310480974615,1.720725157763809,0.0016276650130748749,12.576863983180374,51.07797513296828,3.007892519235611e-05,0.013765581012814266,0.9985220389382865,0.10061330205261015,1.302111176681073e-05,125002.0,51.07797513296828,611.819476372104,,,,,,,,,,,,,,
429.0,,29064.0,35789.0,6725.0,32414.0,32415.0,32414.25,0.047228727489709854,0.005753676319530712,0.01,0.0026578300632536405,0.0,0.0,0.0,0.06100248172879219,0.1368347285068413,89.41752862930298,91.806640625,365.47808837890625,2e-05,429.0,0.0,0.39249998331069946,1.0,-0.699999988079071,0.39249998331069946,1.0,-0.699999988079071,0.037222541868686676,1.4999970197677612,-1.4999970197677612,0.037222541868686676,1.4999970197677612,-1.4999970197677612,319.36248779296875,1008.0,104.0,0.0,319.36248779296875,1008.0,104.0,0.0,0.0,1301.3499755859375,2090.0,1099.0,0.0,3.110291436314583e-05,7.764343738555908,10.187768936157227,5.9885125160217285,0.25,20.968286549672484,1.02511797985062,2.350502640940249,1.7275613453239202,0.001630897168070078,12.49795233272016,38.573559002019465,2.892734482884407e-05,0.01332408852066545,0.8207086989577864,0.09639242256661931,1.257855085394601e-05,129657.0,38.573559002019465,840.3230305583936,,,,,,,,,,,,,,
430.0,,27533.0,33032.0,5499.0,30186.0,30187.0,30186.25,0.06730203330516815,0.013920700129820034,0.01,-0.0008412442728877067,0.0,0.0,0.0,0.11467134952545166,0.1265535549764431,89.41752862930298,91.806640625,373.6878662109375,2e-05,430.0,0.0,0.45124998688697815,1.0,-1.0,0.45124998688697815,1.0,-1.0,-0.02239196188747883,1.4999970197677612,-1.4999970197677612,-0.02239196188747883,1.4999970197677612,-1.4999970197677612,258.9624938964844,1182.0,107.0,0.0,258.9624938964844,1182.0,107.0,0.0,0.0,1250.3499755859375,2246.0,1101.0,0.0,3.001466393470764e-05,7.453791618347168,11.285808563232422,4.405771732330322,0.25,22.669928731862456,1.243274370674044,2.356022807303816,1.653783539775759,0.0016741282306611538,12.554650018922985,40.48178424779326,2.9087066650390625e-05,0.01369649707876731,1.094266965866798,0.10397656233320622,1.386499010858548e-05,120745.0,40.48178424779326,745.6748896053294,,,,,,,,,,,,,,
431.0,,26179.0,32923.0,6744.0,29837.0,29838.0,29837.75,0.05666428431868553,0.011992442717310042,0.01,-0.00208765484392643,0.0,0.0,0.0,0.07922988384962082,0.12523804131414498,89.41752862930298,91.806640625,356.91522216796875,2e-05,431.0,0.0,0.24000000953674316,0.800000011920929,-1.0,0.24000000953674316,0.800000011920929,-1.0,0.029644053429365158,0.8660238981246948,-1.4999970197677612,0.029644053429365158,0.8660238981246948,-1.4999970197677612,285.88751220703125,977.0,108.0,0.0,285.88751220703125,977.0,108.0,0.0,0.0,1206.0,1931.0,1109.0,0.0,3.1295232474803925e-05,6.77696418762207,9.676454544067383,2.6597535610198975,0.25,20.926059287041426,1.185242204926908,2.311147736851126,1.642550720833242,0.0016438900493085384,12.512662594206631,38.58178034797311,3.084680065512657e-05,0.013762354071882447,0.9149603990661286,0.10483919359038996,1.3773575833537535e-05,119351.0,38.58178034797311,773.3637414056639,,,,,,,,,,,,,,
432.0,,24963.0,32150.0,7187.0,29116.0,29116.0,29116.0,0.054325710982084274,0.015067083199974152,0.01,-0.002231509075500071,0.0,0.0,0.0,0.04847119376063347,0.11317273400455603,89.41752862930298,91.806640625,359.016845703125,2e-05,432.0,0.0,0.41999998688697815,1.0,-1.0,0.41999998688697815,1.0,-1.0,-0.018104318529367447,1.4999970197677612,-1.4999901056289673,-0.018104318529367447,1.4999970197677612,-1.4999901056289673,230.9499969482422,983.0,105.0,0.0,230.9499969482422,983.0,105.0,0.0,0.0,1224.8499755859375,2250.0,1099.0,0.05000000074505806,2.979068085551262e-05,4.801786422729492,9.862617492675781,2.585867404937744,0.25,20.89223353471607,20.91713529312983,3.054147943854332,1.5968700437806547,0.001628209836781025,13.505807409062982,59.97028534114361,2.9982998967170715e-05,0.013711275963221723,1.1307768745787004,0.11596551216739062,1.3980370215526041e-05,116464.0,59.97028534114361,485.5071113030787,,,,,,,,,,,,,,
433.0,,27043.0,30175.0,3132.0,28054.0,28403.0,28178.0,0.07728029787540436,0.011377971773035825,0.01,0.0002078664302825925,0.0,0.0,0.0,0.05758531764149666,0.11906828208174315,89.41752862930298,91.806640625,333.2991943359375,2e-05,433.0,0.0,0.23249998688697815,0.800000011920929,-1.0,0.23249998688697815,0.800000011920929,-1.0,-0.008358738385140896,1.4999970197677612,-1.4999970197677612,-0.008358738385140896,1.4999970197677612,-1.4999970197677612,263.1499938964844,887.0,110.0,0.0,263.1499938964844,887.0,110.0,0.0,0.0,1145.75,1285.0,1109.0,0.0,3.0080322176218033e-05,5.412303447723389,8.867780685424805,3.7631423473358154,0.25,20.333827720955014,1.2855041241273284,2.290966359898448,1.498802503105253,0.0016424492932856083,12.381250817794353,37.79440802009776,2.9854942113161087e-05,0.013297630271002671,0.9658857933191628,0.10984855931750259,1.4572088981524667e-05,112712.0,37.79440802009776,745.5600306007151,,,,,,,,,,,,,,
434.0,-0.3005175180495924,27096.0,36330.0,9234.0,30495.0,30496.0,30495.25,0.06770120561122894,0.01236779703220236,0.01,-0.00011989336460828775,0.0,0.0,0.0,0.10009949654340744,0.12671441240161221,89.41752862930298,91.806640625,370.672119140625,2e-05,434.0,0.0,0.33375000953674316,0.800000011920929,-1.0,0.33375000953674316,0.800000011920929,-1.0,-0.0050456104800105095,1.4999970197677612,-1.4999970197677612,-0.0050456104800105095,1.4999970197677612,-1.4999970197677612,297.86248779296875,1152.0,105.0,0.0,297.86248779296875,1152.0,105.0,0.0,0.0,1226.9000244140625,2250.0,1099.0,0.05000000074505806,2.8671231120824814e-05,7.469662666320801,11.238239288330078,5.173425674438477,0.25,22.602859719656408,1.383609727025032,2.3520450978539884,1.634292348753661,0.0016251062043011189,12.660528401844203,40.63742650812492,3.8526952266693115e-05,0.013397925486376246,0.9485441990707293,0.10379098713606384,1.3322617492077609e-05,121981.0,40.63742650812492,750.4227659175926,413.56749388063326,,,,,,,,,,,,,
435.0,,26109.0,29632.0,3523.0,27935.0,27935.0,27935.0,0.05527167022228241,0.011574961049482227,0.01,0.0016902100294828419,0.0,0.0,0.0,0.03827175498008728,0.10981482397267137,89.41752862930298,91.806640625,346.2908935546875,2e-05,435.0,0.0,0.2824999988079071,0.800000011920929,-1.0,0.2824999988079071,0.800000011920929,-1.0,-0.0455375500023365,1.4999970197677612,-1.4999970197677612,-0.0455375500023365,1.4999970197677612,-1.4999970197677612,252.9499969482422,851.0,106.0,0.0,252.9499969482422,851.0,106.0,0.0,0.0,1143.800048828125,1290.0,1097.0,0.0,3.535859286785126e-05,6.080268383026123,8.425884246826172,3.9359161853790283,0.25,18.598006542306393,88.51836560526863,3.0875949091278017,1.5118922628462315,0.001718225423246622,13.307341854088008,125.0276383953169,2.883095294237137e-05,0.013530448029767599,0.9190554725393553,0.11909201587692866,1.5376995017420996e-05,111740.0,125.0276383953169,223.43059789447602,,,,,,,,,,,,,,
436.0,,28243.0,30384.0,2141.0,28912.0,29565.0,29076.75,0.06468769907951355,0.013301589470356704,0.01,0.00346744243055582,0.0,0.0,0.0,0.0701499953866005,0.12099449911446761,89.41752862930298,91.806640625,360.16815185546875,2e-05,436.0,0.0,0.3475000262260437,1.0,-1.0,0.3475000262260437,1.0,-1.0,-0.10861773043870926,1.4999970197677612,-1.4999983310699463,-0.10861773043870926,1.4999970197677612,-1.4999983310699463,269.3374938964844,2250.0,103.0,0.012500000186264515,269.3374938964844,2250.0,103.0,0.012500000186264515,0.0,1184.5,2039.0,1099.0,0.0,2.8511974960565567e-05,8.833076477050781,21.278963088989258,3.48331618309021,0.25,32.270550788380206,18.81037537334487,2.318836005870253,1.6517865434288979,0.0016936487518250942,12.622287437785417,67.67786602117121,3.065494820475578e-05,0.014201952964386476,1.49768184844202,0.1085256041148462,1.4561881501759087e-05,116307.0,67.67786602117121,429.634557196353,,,,,,,,,,,,,,
437.0,,28606.0,32819.0,4213.0,30381.0,30382.0,30381.25,0.06222400814294815,0.012924281393534331,0.01,-0.00019638419151306042,0.0,0.0,0.0,0.04885381832718849,0.1280745631447887,89.41752862930298,91.806640625,361.76953125,2e-05,437.0,0.0,0.47999995946884155,1.0,-0.699999988079071,0.47999995946884155,1.0,-0.699999988079071,-0.011394981294870377,1.4999970197677612,-1.4999970197677612,-0.011394981294870377,1.4999970197677612,-1.4999970197677612,268.26251220703125,888.0,110.0,0.0,268.26251220703125,888.0,110.0,0.0,0.0,1250.800048828125,2186.0,1109.0,0.0,3.055902197957039e-05,6.863983154296875,8.694684028625488,3.281129837036133,0.25,20.2374185398221,1.4424610040150583,2.32503134990111,1.6782621569000185,0.0016981931403279305,12.47777185589075,38.165047163143754,2.9248185455799103e-05,0.01381001569142167,0.9429858133275291,0.10267658387896113,1.3974022960937507e-05,121525.0,38.165047163143754,796.0490621203628,,,,,,,,,,,,,,
438.0,,25782.0,30753.0,4971.0,28976.0,28976.0,28976.0,0.06428860872983932,0.014378309845924375,0.01,0.0018001869507133967,0.0,0.0,0.0,0.07340016216039658,0.12300971014445677,89.41752862930298,91.806640625,343.1273193359375,2e-05,438.0,0.0,0.39375001192092896,1.0,-1.0,0.39375001192092896,1.0,-1.0,0.017295170575380325,1.4999970197677612,-1.4999970197677612,0.017295170575380325,1.4999970197677612,-1.4999970197677612,259.54998779296875,804.0,110.0,0.0,259.54998779296875,804.0,110.0,0.0,0.0,1189.25,1850.0,1104.0,0.0,2.9854942113161087e-05,5.945080280303955,8.001484870910645,3.4064276218414307,0.25,19.593807655852288,1.4663397711701691,2.3007898102514446,1.5547556700184941,0.0016714739613234997,12.351470440160483,37.2712098271586,2.6942696422338486e-05,0.01341416750084979,0.9436432120907479,0.10656638632109748,1.4421193067741403e-05,115904.0,37.2712098271586,777.4365290092062,,,,,,,,,,,,,,
439.0,,27349.0,31519.0,4170.0,28869.0,28870.0,28869.5,0.05440592020750046,0.015204317593015732,0.01,-0.0010987203940749173,0.0,0.0,0.0,0.07795103639364243,0.12133261444584927,89.41752862930298,91.806640625,343.3917236328125,2e-05,439.0,0.0,0.574999988079071,1.0,-1.0,0.574999988079071,1.0,-1.0,0.0027007167227566242,1.4999970197677612,-1.4999970197677612,0.0027007167227566242,1.4999970197677612,-1.4999970197677612,208.97500610351562,762.0,108.0,0.0,208.97500610351562,762.0,108.0,0.0,0.0,1234.5,2136.0,1106.0,0.0,2.867216244339943e-05,5.39088773727417,7.476226329803467,3.7383005619049072,0.25,18.833608354907483,1.3178562591783702,2.3124941852875054,1.5406244187615812,0.0017308960668742657,12.480194121133536,36.4889645841904,2.9215123504400253e-05,0.013341280752711175,1.1265467373434312,0.1080742143190351,1.4988968174667605e-05,115478.0,36.4889645841904,791.1844123005976,,,,,,,,,,,,,,
440.0,,27708.0,30815.0,3107.0,28801.0,28802.0,28801.5,0.0680399015545845,0.013566240947693587,0.01,0.0007208904623985293,0.0,0.0,0.0,0.04580473154783249,0.12187014499875184,89.41752862930298,91.806640625,341.17901611328125,2e-05,440.0,0.0,0.6012499928474426,1.0,-0.30000001192092896,0.6012499928474426,1.0,-0.30000001192092896,-0.012619370594620705,1.4999970197677612,-1.4999970197677612,-0.012619370594620705,1.4999970197677612,-1.4999970197677612,252.02499389648438,534.0,107.0,0.0,252.02499389648438,534.0,107.0,0.0,0.0,1188.050048828125,1747.0,1101.0,0.0,3.0174851417541504e-05,5.000680923461914,5.458220958709717,4.282559394836426,0.25,16.77582954475656,1.4147607730701566,2.2856734888628125,1.52760817296803,0.001595411915332079,12.382977745961398,34.3908004630357,3.158301115036011e-05,0.013259796998142719,0.8320518571945522,0.10748552806243944,1.3848340497301173e-05,115206.0,34.3908004630357,837.4768720767853,,,,,,,,,,,,,,
441.0,,27898.0,34203.0,6305.0,30192.0,30193.0,30192.75,0.05121965706348419,0.009285316560417414,0.01,-0.00076695095282048,0.0,0.0,0.0,0.04494533687829971,0.12841119563273914,89.41752862930298,91.806640625,352.320068359375,2e-05,441.0,0.0,0.36124998331069946,1.0,-1.0,0.36124998331069946,1.0,-1.0,-0.01546503696590662,1.4999970197677612,-1.4999980926513672,-0.01546503696590662,1.4999970197677612,-1.4999980926513672,295.73748779296875,690.0,108.0,0.0,295.73748779296875,690.0,108.0,0.0,0.0,1213.9000244140625,1992.0,1103.0,0.0,2.9407907277345657e-05,5.307851791381836,7.136964321136475,4.2996368408203125,0.25,18.15973025886342,1.360465298872441,2.3190520047210157,1.6052432316355407,0.0017082728445529938,12.352318409830332,35.80096767982468,2.9918737709522247e-05,0.013291628218989167,0.7675611927327198,0.10227884516837926,1.4144727165900702e-05,120771.0,35.80096767982468,843.3501091372694,,,,,,,,,,,,,,
442.0,,26941.0,31667.0,4726.0,28845.0,28846.0,28845.5,0.06528286635875702,0.013066692994907498,0.01,0.0008137357234954838,0.0,0.0,0.0,0.08095915615558624,0.11024984008313095,89.41752862930298,91.806640625,354.80474853515625,2e-05,442.0,0.0,0.4099999964237213,1.0,-1.0,0.4099999964237213,1.0,-1.0,0.003547251457348466,1.4999899864196777,-1.4999970197677612,0.003547251457348466,1.4999899864196777,-1.4999970197677612,289.7749938964844,947.0,107.0,0.0,289.7749938964844,947.0,107.0,0.0,0.0,1152.5,1290.0,1101.0,0.0,2.8416048735380173e-05,6.376164436340332,9.488178253173828,3.060244560241699,0.25,20.640407932922244,1.3723776079714298,3.0279066748917103,1.5588502488099039,0.0016186428256332874,13.712537152692676,40.31609979411587,2.9214657843112946e-05,0.013510341724098247,0.8903635550393514,0.1188446824694725,1.4028555802753353e-05,115382.0,40.31609979411587,715.483396144634,,,,,,,,,,,,,,
443.0,,27027.0,28582.0,1555.0,27865.0,27867.0,27866.0,0.0813954696059227,0.011306631388142705,0.01,-0.0004393201693892471,0.0,0.0,0.0,0.07727969437837601,0.11808770175507699,89.41752862930298,91.806640625,332.74737548828125,2e-05,443.0,0.0,0.3087499737739563,0.800000011920929,-1.0,0.3087499737739563,0.800000011920929,-1.0,-0.012507392093539238,1.4999970197677612,-1.4999970197677612,-0.012507392093539238,1.4999970197677612,-1.4999970197677612,250.25,539.0,107.0,0.0,250.25,539.0,107.0,0.0,0.0,1143.050048828125,1253.0,1099.0,0.0,2.9215123504400253e-05,4.9882001876831055,5.500771999359131,4.321684837341309,0.25,16.9071566327475,1.4347447659820318,2.30224364483729,1.4971371293067932,0.001607443206012249,12.337257366161793,34.482516068033874,3.0206982046365738e-05,0.013431575480036543,0.844513318319056,0.11068378459558058,1.4421187163678398e-05,111464.0,34.482516068033874,808.1196843356931,,,,,,,,,,,,,,
444.0,,26746.0,32365.0,5619.0,30086.0,30087.0,30086.75,0.0587395504117012,0.01369700167735573,0.01,3.272540867328699e-05,0.0,0.0,0.0,0.06845919787883759,0.1281679546041487,89.41752862930298,91.806640625,353.18194580078125,2e-05,444.0,0.0,0.4462500214576721,1.0,-0.699999988079071,0.4462500214576721,1.0,-0.699999988079071,0.001595651381649077,1.4999901056289673,-1.4999970197677612,0.001595651381649077,1.4999901056289673,-1.4999970197677612,260.0375061035156,947.0,105.0,0.0,260.0375061035156,947.0,105.0,0.0,0.0,1244.300048828125,2117.0,1107.0,0.0,2.87666916847229e-05,6.766261100769043,9.302934646606445,3.8837547302246094,0.25,20.36811376409605,1.252445770893246,2.296408801805228,1.6269723009318113,0.001723466906696558,12.341238290071487,37.889299761038274,3.03671695291996e-05,0.013519010037074553,0.9790950230301424,0.10254712032764828,1.4320813204288915e-05,120347.0,37.889299761038274,794.0698347489212,,,,,,,,,,,,,,
445.0,,27265.0,31712.0,4447.0,30271.0,30272.0,30271.75,0.06885449588298798,0.007833402801770717,0.01,-6.887968629598635e-05,0.0,0.0,0.0,0.05204304680228233,0.12899820200798265,89.41752862930298,91.806640625,348.30755615234375,2e-05,445.0,0.0,0.30250000953674316,0.800000011920929,-1.0,0.30250000953674316,0.800000011920929,-1.0,-0.02569439262151718,1.4999970197677612,-1.4999970197677612,-0.02569439262151718,1.4999970197677612,-1.4999970197677612,305.48748779296875,791.0,109.0,0.0,305.48748779296875,791.0,109.0,0.0,0.0,1208.0999755859375,2013.0,1109.0,0.0,3.062328323721886e-05,5.885100364685059,8.030915260314941,3.7989017963409424,0.25,19.471758937928826,1.3260694588534534,2.301104108337313,1.5921779950149357,0.0016285623423755169,12.329246561974287,37.02438862295821,3.055902197957039e-05,0.013149041557020454,0.7967494143757448,0.10182138926535703,1.3449522594295977e-05,121087.0,37.02438862295821,817.6164718957435,,,,,,,,,,,,,,
446.0,,29335.0,34159.0,4824.0,31311.0,31312.0,31311.75,0.06139403581619263,0.007916498114354908,0.01,0.001830831449478864,0.0,0.0,0.0,0.15766817331314087,0.133061520235839,89.41752862930298,91.806640625,348.5269775390625,2e-05,446.0,0.0,0.02250000275671482,1.0,-1.0,0.02250000275671482,1.0,-1.0,0.010301708243787289,1.4999970197677612,-1.4999970197677612,0.010301708243787289,1.4999970197677612,-1.4999970197677612,314.0375061035156,694.0,120.0,0.0,314.0375061035156,694.0,120.0,0.0,0.0,1251.550048828125,2013.0,1113.0,0.0,3.049522638320923e-05,5.578498363494873,7.177833080291748,4.820950984954834,0.25,18.139800699427724,18.587708355858922,2.3368684560991824,1.6525671146810055,0.0017142882570624352,12.383196739014238,53.10430297488347,3.119930624961853e-05,0.013194464655289192,0.72203959317867,0.09887020638429853,1.368726003067886e-05,125247.0,53.10430297488347,589.6273606078474,,,,,,,,,,,,,,
447.0,,26312.0,30520.0,4208.0,28380.0,28398.0,28384.75,0.05070739984512329,0.014496822506189347,0.01,-0.0009596281079575426,0.0,0.0,0.0,0.06769192963838577,0.11930288305300128,89.41752862930298,91.806640625,342.6748809814453,2e-05,447.0,0.0,0.3499999940395355,1.0,-1.0,0.3499999940395355,1.0,-1.0,0.01246308907866478,1.4999970197677612,-1.4999970197677612,0.01246308907866478,1.4999970197677612,-1.4999970197677612,226.1875,830.0,106.0,0.0,226.1875,830.0,106.0,0.0,0.0,1193.050048828125,1996.0,1099.0,0.0,3.062328323721886e-05,5.062272548675537,8.293806076049805,3.0608763694763184,0.25,19.384015578776598,1.3236003499478102,2.2977582486346364,1.5223687211982906,0.001616274006664753,12.461033165920526,36.992784241680056,3.084726631641388e-05,0.013408333006264725,1.0712360087746116,0.10975112662539327,1.4235408156358194e-05,113539.0,36.992784241680056,767.3050456153198,,,,,,,,,,,,,,
448.0,-0.30402070281516974,26821.0,31213.0,4392.0,29407.0,29424.0,29418.75,0.043166596442461014,0.010882162861526015,0.01,-0.0017337114550173278,0.0,0.0,0.0,0.07136496156454086,0.12414136678894835,89.41752862930298,91.806640625,351.91395568847656,2e-05,448.0,0.0,0.35374999046325684,1.0,-1.0,0.35374999046325684,1.0,-1.0,0.017122484743595123,1.4999970197677612,-1.4999970197677612,0.017122484743595123,1.4999970197677612,-1.4999970197677612,286.5375061035156,1368.0,106.0,0.0,286.5375061035156,1368.0,106.0,0.0,0.0,1184.4000244140625,1743.0,1101.0,0.0,2.9406975954771042e-05,7.662944316864014,13.295867919921875,4.1785149574279785,0.25,24.582818632014096,1.2151433499529958,2.3103129980154335,1.5861101220361888,0.0016855532303452492,12.442193730734289,42.140664509963244,3.516674041748047e-05,0.013478734837783632,1.0724084383376564,0.10573353499667974,1.4323800555302733e-05,117675.0,42.140664509963244,698.1083554827327,416.36972821038216,,,,,,,,,,,,,
449.0,,28123.0,30071.0,1948.0,29040.0,29041.0,29040.75,0.054462216794490814,0.010534552540630102,0.01,-0.0010929843783378614,0.0,0.0,0.0,0.0613214410841465,0.1090321623418212,89.41752862930298,91.806640625,348.3702392578125,2e-05,449.0,0.0,0.35374999046325684,1.0,-1.0,0.35374999046325684,1.0,-1.0,-0.004683707375079393,1.4999970197677612,-1.4999970197677612,-0.004683707375079393,1.4999970197677612,-1.4999970197677612,251.1875,690.0,106.0,0.0,251.1875,690.0,106.0,0.0,0.0,1200.8499755859375,2137.0,1099.0,0.0,3.270292654633522e-05,5.158542633056641,6.952404022216797,3.0328152179718018,0.25,17.95171651011333,97.56675707967952,3.134977444075048,1.5718013560399413,0.0017704791389405727,13.967885348014534,134.19756734231487,2.959882840514183e-05,0.013530998304450998,0.8933424488735172,0.12024384139540588,1.5241334494981816e-05,116163.0,134.19756734231487,216.4029540559558,,,,,,,,,,,,,,
450.0,,25791.0,30507.0,4716.0,28343.0,28344.0,28343.75,0.06776873767375946,0.015251643022056671,0.01,0.0034247867949306968,0.0,0.0,0.0,0.07118990272283554,0.11802524386245883,89.41752862930298,91.806640625,342.84759521484375,2e-05,450.0,0.0,0.25,1.0,-1.0,0.25,1.0,-1.0,-0.03635667264461517,1.4999970197677612,-1.4999970197677612,-0.03635667264461517,1.4999970197677612,-1.4999970197677612,251.08749389648438,737.0,106.0,0.0,251.08749389648438,737.0,106.0,0.0,0.0,1166.0999755859375,1290.0,1105.0,0.0,2.8671231120824814e-05,5.491025447845459,7.500573635101318,3.458897829055786,0.25,17.76662323018536,1.398178185801953,2.3806305499747396,1.5102188661694527,0.0016815531998872757,12.571695201098919,35.631514301057905,4.255911335349083e-05,0.013320563317922404,0.8844836575987136,0.11088595546724515,1.4831781255896589e-05,113375.0,35.631514301057905,795.4685776337737,,13.653579126112163,,,,,,,,,,,,
451.0,,26157.0,32160.0,6003.0,28329.0,28477.0,28367.0,0.0940183475613594,0.012845753170549873,0.01,-0.0005268701573368156,0.0,0.0,0.0,0.061431676149368286,0.11826686890888088,89.41752862930298,91.806640625,352.50537109375,2e-05,451.0,0.0,0.3425000011920929,0.800000011920929,-0.5,0.3425000011920929,0.800000011920929,-0.5,-0.002915416145697236,1.4999970197677612,-1.4999970197677612,-0.002915416145697236,1.4999970197677612,-1.4999970197677612,236.5,834.0,110.0,0.0,236.5,834.0,110.0,0.0,0.0,1181.8499755859375,2246.0,1104.0,0.0,2.787075936794281e-05,5.286994934082031,8.307995796203613,2.9782211780548096,0.25,19.43123896094039,7.665112595073879,2.3276385962963104,1.4875971809960902,0.0016560172662138939,12.564423483796418,43.480142219457775,3.129616379737854e-05,0.013110279382699,1.0270210867304645,0.11073098568580056,1.4594575265395476e-05,113468.0,43.480142219457775,652.4127694160462,,,,,,,,,,,,,,
452.0,,27258.0,35399.0,8141.0,31121.0,31158.0,31130.75,0.04781453311443329,0.010127531834878028,0.01,0.0006043429672718052,0.0,0.0,0.0,0.07208596915006638,0.1296789000053889,89.41752862930298,91.806640625,377.82366943359375,2e-05,452.0,0.0,0.41749995946884155,1.0,-0.5,0.41749995946884155,1.0,-0.5,0.0033710442949086428,1.4999970197677612,-1.4999970197677612,0.0033710442949086428,1.4999970197677612,-1.4999970197677612,292.3374938964844,1385.0,107.0,0.0,292.3374938964844,1385.0,107.0,0.0,0.0,1264.199951171875,2140.0,1101.0,0.0,2.870289608836174e-05,8.363741874694824,13.582101821899414,4.7629852294921875,0.25,25.11864220025018,1.3843666897155344,2.349981877952814,1.7109914990141988,0.0016090096905827522,12.652101476676762,43.22004711814225,2.9727350920438766e-05,0.013740365225815301,1.0740429383952699,0.1016045347178976,1.2921385531851563e-05,124523.0,43.22004711814225,720.284962089558,,,,,,,,,,,,,,
453.0,,28493.0,33617.0,5124.0,30577.0,30578.0,30577.5,0.07398366928100586,0.008482702695764602,0.01,-0.0008918893896043285,0.0,0.0,0.0,0.07029610127210617,0.12971404178739326,89.41752862930298,91.806640625,363.005615234375,2e-05,453.0,0.0,0.26500001549720764,1.0,-1.0,0.26500001549720764,1.0,-1.0,0.002600299660116434,1.4999970197677612,-1.4999970197677612,0.002600299660116434,1.4999970197677612,-1.4999970197677612,351.875,1018.0,108.0,0.0,351.875,1018.0,108.0,0.0,0.0,1177.0,1290.0,1105.0,0.0,3.132736310362816e-05,8.059535026550293,10.121079444885254,4.962029457092285,0.25,21.600283495150506,1.3354550087824464,2.429599810857326,1.6557960626669228,0.0017189579084515572,12.393603766802698,39.41891824873164,2.9439106583595276e-05,0.013537699801054065,0.7673280104849203,0.10132943967625459,1.4054107664553652e-05,122310.0,39.41891824873164,775.70621819344,,,,,,,,,,,,,,
454.0,,26907.0,32362.0,5455.0,28726.0,28839.0,28754.5,0.07421282678842545,0.010307036670856178,0.01,-0.0006147235352545966,0.0,0.0,0.0,0.08943956345319748,0.12106941550246547,89.41752862930298,91.806640625,352.4617919921875,2e-05,454.0,0.0,0.4087499678134918,1.0,-0.699999988079071,0.4087499678134918,1.0,-0.699999988079071,0.040841955691576004,1.4999970197677612,-1.4999970197677612,0.040841955691576004,1.4999970197677612,-1.4999970197677612,279.375,1165.0,108.0,0.0,279.375,1165.0,108.0,0.0,0.0,1158.3499755859375,1289.0,1104.0,0.0,2.863910049200058e-05,6.151794910430908,11.60588550567627,4.066280841827393,0.25,23.132450551725924,1.5004300368018448,2.308296795003116,1.5417492259293795,0.001639567781239748,12.447243452072144,40.93417224986479,2.9374845325946808e-05,0.013404416925432363,1.035008973231585,0.10821996080676193,1.4254879942615486e-05,115018.0,40.93417224986479,702.4571017212882,,,,,,,,,,,,,,
455.0,,26512.0,29021.0,2509.0,27931.0,27932.0,27931.5,0.06475529819726944,0.01309928988106549,0.01,0.000496610105037689,0.0,0.0,0.0,0.05285678058862686,0.11815413138996003,89.41752862930298,91.806640625,336.84637451171875,2e-05,455.0,0.0,0.4425000250339508,1.0,-1.0,0.4425000250339508,1.0,-1.0,-0.011045400984585285,1.4999970197677612,-1.4999970197677612,-0.011045400984585285,1.4999970197677612,-1.4999970197677612,226.8249969482422,538.0,104.0,0.0,226.8249969482422,538.0,104.0,0.0,0.0,1169.75,1727.0,1101.0,0.0,2.8254929929971695e-05,4.780162811279297,5.592549800872803,3.711989164352417,0.25,17.07066700188443,1.4198910892009735,2.3213752727024257,1.4967660047113895,0.001731246244162321,12.366392133757472,34.6791833229363,2.9150862246751785e-05,0.013396756392526266,0.9407399427909419,0.11068499842254688,1.5495464298035562e-05,111726.0,34.6791833229363,805.4255413081346,,,,,,,,,,,,,,
456.0,,27344.0,30737.0,3393.0,29390.0,29391.0,29390.25,0.05748652294278145,0.007355305622331798,0.01,-0.0003288904577493666,0.0,0.0,0.0,0.06278049200773239,0.12448890800061664,89.41752862930298,91.806640625,342.18658447265625,2e-05,456.0,0.0,0.29749998450279236,1.0,-1.0,0.29749998450279236,1.0,-1.0,0.030956199392676353,1.4999955892562866,-1.4999970197677612,0.030956199392676353,1.4999955892562866,-1.4999970197677612,305.86248779296875,672.0,108.0,0.0,305.86248779296875,672.0,108.0,0.0,0.0,1163.6500244140625,1269.0,1103.0,0.0,2.7999281883239746e-05,5.368520736694336,6.876214981079102,3.937481164932251,0.25,18.031936028040946,1.2365979729220271,2.342373135033995,1.5621698922477663,0.0016329768113791943,12.378043544944376,35.5550786992535,3.0047260224819183e-05,0.01328816437634731,0.7369298307262636,0.10529039005235048,1.3890463770971617e-05,117561.0,35.5550786992535,826.6118674240782,,,,,,,,,,,,,,
457.0,,25880.0,33515.0,7635.0,29492.0,29743.0,29629.5,0.052331067621707916,0.016456358944997192,0.01,0.0001845945976674559,0.0,0.0,0.0,0.06046482175588608,0.1251632089907782,89.41752862930298,91.806640625,368.1743927001953,2e-05,457.0,0.0,0.45249995589256287,1.0,-1.0,0.45249995589256287,1.0,-1.0,0.011777905747294426,1.4999970197677612,-1.4999970197677612,0.011777905747294426,1.4999970197677612,-1.4999970197677612,203.875,1037.0,105.0,0.0,203.875,1037.0,105.0,0.0,0.0,1277.5999755859375,2141.0,1097.0,0.0,2.7358997613191605e-05,5.059741497039795,10.156113624572754,2.9562559127807617,0.25,21.307335970923305,1.1613429859280586,2.364715877920389,1.5962870982475579,0.0016744481399655342,12.449429033789784,38.88318829005584,2.8799287974834442e-05,0.013468731317163283,1.3063970552374804,0.10504251703361332,1.412821799191291e-05,118518.0,38.88318829005584,762.0131296583407,,,,,,,,,,,,,,
458.0,,27202.0,34853.0,7651.0,29848.0,30431.0,30001.0,0.06415440142154694,0.011911498233102977,0.01,0.0003007944859564311,0.0,0.0,0.0,0.04694897681474686,0.12668385487238448,89.41752862930298,91.806640625,364.15771484375,2e-05,458.0,0.0,0.492499977350235,1.0,-1.0,0.492499977350235,1.0,-1.0,-0.10629983246326447,1.4999970197677612,-1.4999899864196777,-0.10629983246326447,1.4999970197677612,-1.4999899864196777,264.79998779296875,2250.0,105.0,0.012500000186264515,264.79998779296875,2250.0,105.0,0.012500000186264515,0.0,1235.25,2229.0,1099.0,0.0,2.9439106583595276e-05,8.69338607788086,21.509347915649414,3.6149957180023193,0.25,32.83597491728142,1.2849472491070628,2.352075590752065,1.666935277171433,0.0016237618401646614,12.460207127965987,50.60412798309699,2.9630959033966064e-05,0.013890664287619021,1.5500365803097347,0.10383159834643835,1.3530897638117575e-05,120004.0,50.60412798309699,592.8567726731911,,,,,,,,,,,,,,
459.0,,28473.0,33322.0,4849.0,29828.0,30915.0,30122.75,0.054891590029001236,0.009821392726153136,0.01,-0.0003276425227522851,0.0,0.0,0.0,0.05136197432875633,0.12733363079219595,89.41752862930298,91.806640625,364.7769775390625,2e-05,459.0,0.0,0.1537499874830246,1.0,-1.0,0.1537499874830246,1.0,-1.0,-0.04925484210252762,1.4999970197677612,-1.4999970197677612,-0.04925484210252762,1.4999970197677612,-1.4999970197677612,338.0874938964844,2250.0,107.0,0.012500000186264515,338.0874938964844,2250.0,107.0,0.012500000186264515,0.0,1168.050048828125,1279.0,1099.0,0.0,2.870289608836174e-05,11.134696960449219,21.565893173217773,5.872497081756592,0.25,32.66856527607888,1.3355002426542342,2.4054016550071537,1.678530050907284,0.001678959932178259,12.438533925917,50.53059551399201,3.0174851417541504e-05,0.013930750437022549,1.2078443182637217,0.1032320582111278,1.3934318182920376e-05,120491.0,50.53059551399201,596.1289332451852,,,,,,,,,,,,,,
460.0,,26683.0,29232.0,2549.0,27834.0,27834.0,27834.0,0.04963787645101547,0.0137611399916932,0.01,0.001426285500638187,0.0,0.0,0.0,0.06995797902345657,0.11724721118465961,89.41752862930298,91.806640625,341.31781005859375,2e-05,460.0,0.0,0.46875,0.800000011920929,-0.5,0.46875,0.800000011920929,-0.5,-0.019712097942829132,1.4999970197677612,-1.4999970197677612,-0.019712097942829132,1.4999970197677612,-1.4999970197677612,248.4499969482422,705.0,106.0,0.0,248.4499969482422,705.0,106.0,0.0,0.0,1143.25,1274.0,1105.0,0.0,2.828706055879593e-05,5.391092777252197,7.112305641174316,3.856468915939331,0.25,18.29569046711549,1.554307660087943,2.3172218152321875,1.508893848862499,0.0016093938611447811,12.416151015087962,36.09621874196455,3.001512959599495e-05,0.01355261414872547,0.9204915710965733,0.1115196433775954,1.4455287248911234e-05,111336.0,36.09621874196455,771.1056994355173,,,,,,,,,,,,,,
461.0,,27333.0,31711.0,4378.0,28871.0,28871.0,28871.0,0.08239403367042542,0.009490674482658506,0.01,0.0004290478723123671,0.0,0.0,0.0,0.08160474896430969,0.1210971818444082,89.41752862930298,91.806640625,353.04443359375,2e-05,461.0,0.0,0.48000001907348633,1.0,-1.0,0.48000001907348633,1.0,-1.0,0.00434265797957778,1.4999970197677612,-1.4999970197677612,0.00434265797957778,1.4999970197677612,-1.4999970197677612,257.3999938964844,618.0,111.0,0.0,257.3999938964844,618.0,111.0,0.0,0.0,1186.1500244140625,2250.0,1109.0,0.05000000074505806,2.9694754630327225e-05,4.643721580505371,6.19475793838501,3.7542028427124023,0.25,17.490379533730447,1.6257470659911633,2.3293841569684446,1.5653058742173016,0.0016864482313394547,12.498431217856705,35.51337541313842,2.857530489563942e-05,0.013554309464664384,0.8493774054841904,0.10822651811382274,1.4603306357066388e-05,115484.0,35.51337541313842,812.9613044137442,,,,,,,,,,,,,,
462.0,-0.2989251613854223,27415.0,32981.0,5566.0,29700.0,30606.0,29941.5,0.051406148821115494,0.007367687480834634,0.01,0.0017460794001817707,0.0,0.0,0.0,0.058570150285959244,0.12620101985120782,89.41752862930298,91.806640625,368.68560791015625,2e-05,462.0,0.0,0.3974999785423279,1.0,-1.0,0.3974999785423279,1.0,-1.0,-0.13499869406223297,1.4999970197677612,-1.4999979734420776,-0.13499869406223297,1.4999970197677612,-1.4999979734420776,292.92498779296875,2250.0,107.0,0.012500000186264515,292.92498779296875,2250.0,107.0,0.012500000186264515,0.0,1204.1500244140625,1856.0,1101.0,0.0,2.7328263968229294e-05,10.375102996826172,21.446796417236328,3.6067395210266113,0.25,32.60562905995175,1.2967972471378744,2.344563078135252,1.6645798473618925,0.0016054268926382065,12.470118750352412,50.38563606189564,3.391969949007034e-05,0.013898600999965703,1.391381286163342,0.10412069160155982,1.3404696597015902e-05,119766.0,50.38563606189564,594.2467405436486,426.00393600203097,,,,,,,,,,,,,
463.0,,26300.0,30409.0,4109.0,29318.0,29520.0,29370.0,0.06102125719189644,0.007330411419884514,0.01,-0.0016674846666865062,0.0,0.0,0.0,0.08618496358394623,0.1224912009169632,89.41752862930298,91.806640625,359.52984619140625,2e-05,463.0,0.0,0.4124999940395355,1.0,-0.699999988079071,0.4124999940395355,1.0,-0.699999988079071,0.003865194972604513,1.4999977350234985,-1.4999970197677612,0.003865194972604513,1.4999977350234985,-1.4999970197677612,271.79998779296875,1002.0,109.0,0.0,271.79998779296875,1002.0,109.0,0.0,0.0,1196.699951171875,2140.0,1099.0,0.0,3.375904634594917e-05,5.796329498291016,9.960393905639648,3.174996852874756,0.25,20.8984515639022,91.58323714509606,2.3122253539040685,1.6013443148694932,0.0016625449061393738,12.583071291912347,128.9826528467238,2.9854942113161087e-05,0.013630782387380773,0.9611134825194169,0.10710819962472205,1.4151727154744414e-05,117480.0,128.9826528467238,227.70503902491262,,,,,,,,,,,,,,
464.0,,27137.0,29191.0,2054.0,28190.0,28223.0,28198.75,0.05279240384697914,0.009414591318927705,0.01,0.0008518838882446299,0.0,0.0,0.0,0.056979428976774216,0.1191380683827657,89.41752862930298,91.806640625,339.38214111328125,2e-05,464.0,0.0,0.38625001907348633,1.0,-1.0,0.38625001907348633,1.0,-1.0,-0.017792945727705956,1.4999970197677612,-1.4999970197677612,-0.017792945727705956,1.4999970197677612,-1.4999970197677612,260.98748779296875,741.0,105.0,0.0,260.98748779296875,741.0,105.0,0.0,0.0,1148.949951171875,1281.0,1099.0,0.0,2.9759015887975693e-05,5.226540565490723,7.425532341003418,4.248709201812744,0.25,18.568694218061864,1.2976941228844225,2.3962508738040924,1.5062279049307108,0.0016444660723209381,12.387655511964113,36.16053083958104,2.9150862246751785e-05,0.013353676181840603,0.8893478719316952,0.10982450917118766,1.4579246175104731e-05,112795.0,36.16053083958104,779.8212400447911,,,,,,,,,,,,,,
465.0,,28116.0,34468.0,6352.0,31093.0,31094.0,31093.75,0.06443949043750763,0.007204795898869634,0.01,0.00024582933634519565,0.0,0.0,0.0,0.037309467792510986,0.1321621401769194,89.41752862930298,91.806640625,360.7470703125,2e-05,465.0,0.0,0.39249998331069946,1.0,-0.699999988079071,0.39249998331069946,1.0,-0.699999988079071,-0.007074903696775436,1.4999970197677612,-1.4999970197677612,-0.007074903696775436,1.4999970197677612,-1.4999970197677612,369.6875,1077.0,113.0,0.0,369.6875,1077.0,113.0,0.0,0.0,1185.0,1288.0,1101.0,0.0,2.9759015887975693e-05,7.819543838500977,11.06666088104248,4.6918439865112305,0.25,22.233982034027576,1.3700981540605426,2.338592480868101,1.6475789812393486,0.0016254903748631477,12.382528617046773,39.97679618373513,2.982327714562416e-05,0.013246866180818884,0.7517829935427752,0.09955801903153184,1.3069269345633348e-05,124375.0,39.97679618373513,777.7949452750477,,,,,,,,,,,,,,
466.0,,26917.0,29966.0,3049.0,28359.0,28382.0,28370.5,0.06032333895564079,0.013011633856222032,0.01,7.624372839927645e-05,0.0,0.0,0.0,0.044391755014657974,0.12013403460769861,89.41752862930298,91.806640625,341.93072509765625,2e-05,466.0,0.0,0.5,1.0,-0.5,0.5,1.0,-0.5,0.006429769564419985,1.4999970197677612,-1.4999970197677612,0.006429769564419985,1.4999970197677612,-1.4999970197677612,268.57501220703125,864.0,107.0,0.0,268.57501220703125,864.0,107.0,0.0,0.0,1149.949951171875,1269.0,1099.0,0.0,3.0047260224819183e-05,6.447073936462402,8.485509872436523,4.378174781799316,0.25,19.953753968235105,1.5087163620628417,2.3127666539512575,1.5008171629160643,0.0016626077704131603,12.367603804916143,37.647672943305224,2.7487054467201233e-05,0.013225156085688165,0.9286863058845344,0.10898295593059819,1.4650850094404048e-05,113482.0,37.647672943305224,753.5791134481008,,,,,,,,,,,,,,
467.0,,28500.0,32348.0,3848.0,30379.0,30380.0,30379.5,0.04851856082677841,0.0068487857189029454,0.01,-0.0016126645356416703,0.0,0.0,0.0,0.027125800028443336,0.1288470977194025,89.41752862930298,91.806640625,345.0267333984375,2e-05,467.0,0.0,0.4437499940395355,1.0,-0.699999988079071,0.4437499940395355,1.0,-0.699999988079071,0.008355249650776386,0.4999989867210388,-1.4999970197677612,0.008355249650776386,0.4999989867210388,-1.4999970197677612,332.125,766.0,110.0,0.0,332.125,766.0,110.0,0.0,0.0,1186.8499755859375,1283.0,1109.0,0.0,2.8864014893770218e-05,6.1439008712768555,7.886438369750977,5.320448875427246,0.25,19.03724651504308,1.3632349120453,2.3260036623105407,1.602714765816927,0.0016603362746536732,12.381736129056662,36.71499852510169,2.911919727921486e-05,0.013189114088587098,0.7164940351916853,0.10189219810280503,1.3663294941108916e-05,121518.0,36.71499852510169,827.4411336072866,,,,,,,,,,,,,,
468.0,,29767.0,32015.0,2248.0,30604.0,30604.0,30604.0,0.06113937497138977,0.007673726531211286,0.01,0.0019302732916548853,0.0,0.0,0.0,0.07458344846963882,0.12998882747095308,89.41752862930298,91.806640625,353.9833984375,2e-05,468.0,0.0,0.3050000071525574,0.800000011920929,-1.0,0.3050000071525574,0.800000011920929,-1.0,0.004386200103908777,1.4999970197677612,-1.4999970197677612,0.004386200103908777,1.4999970197677612,-1.4999970197677612,284.8999938964844,956.0,94.0,0.0,284.8999938964844,956.0,94.0,0.0,0.0,1245.300048828125,1939.0,1099.0,0.0,2.995086833834648e-05,7.2022600173950195,9.46496868133545,4.38075065612793,0.25,20.922731201630086,1.1536300121806562,2.3502881196327507,1.7055072109214962,0.0016317302361130714,12.384395089931786,38.52058092830703,2.8799287974834442e-05,0.013932061257690956,0.9179857494572695,0.1011664740714595,1.3329386976482416e-05,122416.0,38.52058092830703,794.4843837365523,,,,,,,,,,,,,,
469.0,,28442.0,32592.0,4150.0,30046.0,30048.0,30046.75,0.06222830340266228,0.006175497816875577,0.01,0.0011710873246192932,0.0,0.0,0.0,0.05703537538647652,0.12748002817678977,89.41752862930298,91.806640625,346.7752685546875,2e-05,469.0,0.0,0.17499999701976776,1.0,-1.0,0.17499999701976776,1.0,-1.0,-0.015432276763021946,1.4999970197677612,-1.4999970197677612,-0.015432276763021946,1.4999970197677612,-1.4999970197677612,324.5874938964844,820.0,133.0,0.0,324.5874938964844,820.0,133.0,0.0,0.0,1177.75,1276.0,1109.0,0.0,3.0047260224819183e-05,6.202646255493164,8.435576438903809,3.896206855773926,0.25,19.867251588962972,1.3051835191436112,2.3102904339320958,1.5882999319583178,0.0016307700425386429,12.375549260061234,37.45061650779098,2.81590037047863e-05,0.013215239018848276,0.765096144682211,0.10296911695991443,1.3568605943559976e-05,120187.0,37.45061650779098,802.3032142541437,,,,,,,,,,,,,,
470.0,,27477.0,36840.0,9363.0,31701.0,31702.0,31701.75,0.052893225103616714,0.007290454511239659,0.01,0.001018361868336795,0.0,0.0,0.0,0.07282397896051407,0.1349757872850697,89.41752862930298,91.806640625,362.3228759765625,2e-05,470.0,0.0,0.3462499976158142,1.0,-0.699999988079071,0.3462499976158142,1.0,-0.699999988079071,-0.013849200680851936,1.499993920326233,-1.4999970197677612,-0.013849200680851936,1.499993920326233,-1.4999970197677612,355.48748779296875,941.0,109.0,0.0,355.48748779296875,941.0,109.0,0.0,0.0,1229.5999755859375,2040.0,1109.0,0.0,2.9022805392742157e-05,7.7647905349731445,9.492445945739746,3.801348924636841,0.25,20.90110625512898,1.406943959183991,2.341086749918759,1.7083495669066906,0.0016669929027557373,12.379418086260557,38.74097259994596,3.0174851417541504e-05,0.013472044657682073,0.7349451898846295,0.09762409083300257,1.3145906004839933e-05,126807.0,38.74097259994596,818.3003128848711,,,,,,,,,,,,,,
471.0,,28867.0,31231.0,2364.0,30025.0,30026.0,30025.5,0.058088481426239014,0.011877455576322972,0.01,-0.0009374878183007241,0.0,0.0,0.0,0.06659596413373947,0.1272610235006581,89.41752862930298,91.806640625,349.50921630859375,2e-05,471.0,0.0,0.39249998331069946,0.800000011920929,-0.699999988079071,0.39249998331069946,0.800000011920929,-0.699999988079071,0.0135631849989295,1.4999970197677612,-1.4999970197677612,0.0135631849989295,1.4999970197677612,-1.4999970197677612,296.32501220703125,835.0,104.0,0.0,296.32501220703125,835.0,104.0,0.0,0.0,1204.949951171875,1899.0,1101.0,0.0,3.059115260839462e-05,6.293359756469727,8.361428260803223,4.918334007263184,0.25,19.80934186000377,1.3746181232854724,2.4244142142124474,1.6005319491960108,0.0016462584026157856,12.393949373159558,37.60684730997309,2.8768088668584824e-05,0.013326438770345297,0.8356256584832434,0.10319519552679854,1.3707168928209235e-05,120102.0,37.60684730997309,798.4051349084355,,,,,,,,,,,,,,
472.0,,29425.0,32186.0,2761.0,30659.0,30659.0,30659.0,0.06743685901165009,0.007144449306651949,0.01,-0.0010092880111187696,0.0,0.0,0.0,0.039284348487854004,0.11253107454010601,89.41752862930298,91.806640625,364.36932373046875,2e-05,472.0,0.0,0.4037500023841858,1.0,-0.699999988079071,0.4037500023841858,1.0,-0.699999988079071,0.017618969082832336,1.4999901056289673,-1.4999970197677612,0.017618969082832336,1.4999901056289673,-1.4999970197677612,360.95001220703125,1020.0,106.0,0.0,360.95001220703125,1020.0,106.0,0.0,0.0,1172.0,1285.0,1101.0,0.0,2.963189035654068e-05,8.145916938781738,9.97789478302002,6.892960071563721,0.25,21.28943934896961,1.4205223778262734,3.1773363379761577,1.6378130670636892,0.0016588340513408184,14.327036332339048,41.85614616563544,2.822326496243477e-05,0.013355075728690508,0.7372710676329689,0.11682569826428657,1.3526485300734029e-05,122636.0,41.85614616563544,732.4850185364539,,,,,,,,,,,,,,
473.0,,27203.0,32162.0,4959.0,29016.0,29017.0,29016.5,0.061890941113233566,0.012680189940147104,0.01,-0.004326408151537178,0.0,0.0,0.0,0.07802463322877884,0.12280587697326564,89.41752862930298,91.806640625,355.0181884765625,2e-05,473.0,0.0,0.4675000309944153,1.0,-1.0,0.4675000309944153,1.0,-1.0,0.045555174350738525,1.4999970197677612,-1.499997615814209,0.045555174350738525,1.4999970197677612,-1.499997615814209,294.82501220703125,957.0,106.0,0.0,294.82501220703125,957.0,106.0,0.0,0.0,1156.0,1283.0,1097.0,0.0,3.062281757593155e-05,7.126708507537842,9.647839546203613,4.125217914581299,0.25,20.78946163225919,1.5026211398653686,2.365447351243347,1.575159126892686,0.0016510249115526676,12.394269317388535,38.63096779724583,2.7423258870840073e-05,0.01357123642490209,0.8814322747502412,0.10678639151335045,1.422487990929874e-05,116066.0,38.63096779724583,751.1201933198452,,,,,,,,,,,,,,
474.0,,24770.0,31740.0,6970.0,27460.0,27792.0,27561.5,0.048842430114746094,0.018022398408502345,0.01,0.0009155628085136414,0.0,0.0,0.0,0.053910598158836365,0.11709745680669766,89.41752862930298,91.806640625,347.88592529296875,2e-05,474.0,0.0,0.5524999499320984,1.0,-1.0,0.5524999499320984,1.0,-1.0,0.0024234107695519924,1.4999970197677612,-0.8660230040550232,0.0024234107695519924,1.4999970197677612,-0.8660230040550232,193.4250030517578,1118.0,106.0,0.0,193.4250030517578,1118.0,106.0,0.0,0.0,1184.6500244140625,2042.0,1099.0,0.0,3.001512959599495e-05,5.0163798332214355,10.738499641418457,1.8446481227874756,0.25,21.9946418851614,1.3906805822625756,2.3046514000743628,1.4767459970898926,0.0016402741894125938,12.31424702797085,39.48498281091452,2.8254929929971695e-05,0.01339500750222133,1.4213934267262116,0.11169790312547258,1.4878310228149719e-05,110246.0,39.48498281091452,698.0248701635852,,,,,,,,,,,,,,
475.0,,26749.0,30539.0,3790.0,28362.0,28444.0,28383.25,0.07040714472532272,0.008943222626112402,0.01,-0.0009107085224241016,0.0,0.0,0.0,0.08021777868270874,0.12057443875778272,89.41752862930298,91.806640625,344.01702880859375,2e-05,475.0,0.0,0.33375000953674316,1.0,-0.699999988079071,0.33375000953674316,1.0,-0.699999988079071,0.01444266363978386,1.4999970197677612,-1.4999970197677612,0.01444266363978386,1.4999970197677612,-1.4999970197677612,265.2124938964844,917.0,108.0,0.0,265.2124938964844,917.0,108.0,0.0,0.0,1153.949951171875,1290.0,1104.0,0.0,3.1070783734321594e-05,6.000349044799805,9.163180351257324,4.517142295837402,0.25,20.548579949885607,1.4502629088237882,2.288822495844215,1.5234558749943972,0.0016415542922914028,12.322808479890227,38.137969660107046,2.8606969863176346e-05,0.013418617274223329,0.9684960149825897,0.10853944209956777,1.445882952349892e-05,113533.0,38.137969660107046,744.2255120804019,,,,,,,,,,,,,,
476.0,-0.30370223147284453,27633.0,35212.0,7579.0,30978.0,30979.0,30978.75,0.0383150614798069,0.007206245254492387,0.01,0.00033924508839845713,0.0,0.0,0.0,0.043582990765571594,0.13077031493321867,89.41752862930298,91.806640625,360.93927001953125,2e-05,476.0,0.0,0.36375001072883606,1.0,-1.0,0.36375001072883606,1.0,-1.0,-0.019522739574313164,0.8660238981246948,-1.4999970197677612,-0.019522739574313164,0.8660238981246948,-1.4999970197677612,319.5874938964844,874.0,110.0,0.0,319.5874938964844,874.0,110.0,0.0,0.0,1229.3499755859375,2017.0,1105.0,0.0,3.129476681351662e-05,6.341876029968262,8.843588829040527,3.576617956161499,0.25,20.07708387589082,1.2350217760540545,2.31803508894518,1.6610120376572013,0.0016399547457695007,12.465876586735249,37.76104138279334,3.2383017241954803e-05,0.013404446900352671,0.7852733553365988,0.10060022262627809,1.3234513543715455e-05,123915.0,37.76104138279334,820.3891859326782,425.42864415980875,,,,,,,,,,,,,
477.0,,26935.0,33330.0,6395.0,29086.0,29087.0,29086.25,0.05674378201365471,0.011435359744355084,0.01,0.0003131267055869108,0.0,0.0,0.0,0.028119442984461784,0.12312569435209908,89.41752862930298,91.806640625,356.790283203125,2e-05,477.0,0.0,0.3337499797344208,0.800000011920929,-0.699999988079071,0.3337499797344208,0.800000011920929,-0.699999988079071,-0.011797645129263401,1.4999970197677612,-1.4999970197677612,-0.011797645129263401,1.4999970197677612,-1.4999970197677612,265.4125061035156,926.0,108.0,0.0,265.4125061035156,926.0,108.0,0.0,0.0,1188.9000244140625,2015.0,1099.0,0.0,3.4174881875514984e-05,6.318300724029541,9.123025894165039,3.758028030395508,0.25,19.7274876027368,90.35391927603632,2.322678347118199,1.568783501163125,0.001730768010020256,12.392363680992275,126.36969609279186,2.8926879167556763e-05,0.013483892742817697,0.9290956342832761,0.10651393425581053,1.4876170097728789e-05,116345.0,126.36969609279186,230.16791920305238,,,,,,,,,,,,,,
478.0,,27537.0,33056.0,5519.0,29647.0,29648.0,29647.25,0.041467852890491486,0.013606087425723673,0.01,0.000546121597290039,0.0,0.0,0.0,0.031275566667318344,0.12570100281900806,89.41752862930298,91.806640625,353.254150390625,2e-05,478.0,0.0,0.5575000047683716,1.0,-0.20000000298023224,0.5575000047683716,1.0,-0.20000000298023224,0.0003749802999664098,1.4999970197677612,-1.4999970197677612,0.0003749802999664098,1.4999970197677612,-1.4999970197677612,250.0124969482422,845.0,109.0,0.0,250.0124969482422,845.0,109.0,0.0,0.0,1232.3499755859375,2094.0,1107.0,0.0,3.011198714375496e-05,5.720395088195801,8.402572631835938,2.7450764179229736,0.25,19.434672774747014,1.2825656300410628,2.3197474163025618,1.6157646449282765,0.0016492018476128578,12.38810708699748,37.04490972869098,2.972688525915146e-05,0.013624911626949182,0.9716850544846265,0.104462530985146,1.3906870347273844e-05,118589.0,37.04490972869098,800.3056348937043,,,,,,,,,,,,,,
479.0,,28504.0,30607.0,2103.0,29710.0,29711.0,29710.5,0.05943399295210838,0.008083196259103715,0.01,0.001523407043423504,0.0,0.0,0.0,0.05838438868522644,0.12674940929945344,89.41752862930298,91.806640625,345.79296875,2e-05,479.0,0.0,0.3387499749660492,1.0,-1.0,0.3387499749660492,1.0,-1.0,-0.028339950367808342,1.4999970197677612,-1.499997615814209,-0.028339950367808342,1.4999970197677612,-1.499997615814209,278.625,833.0,108.0,0.0,278.625,833.0,108.0,0.0,0.0,1206.9000244140625,2006.0,1103.0,0.0,3.084726631641388e-05,5.578300476074219,8.352910041809082,3.797231435775757,0.25,19.67168789403513,1.2990472479723394,2.290460940916091,1.5702940793707967,0.0016569127328693867,12.304731727112085,37.14024785812944,2.9406975954771042e-05,0.013213292265115,0.8825342258427604,0.10353857834025079,1.394214783384146e-05,118842.0,37.14024785812944,799.9542736895553,,,,,,,,,,,,,,
480.0,,29029.0,33379.0,4350.0,30585.0,30694.0,30612.25,0.052540622651576996,0.006552457395009696,0.01,-0.0010152840986847882,0.0,0.0,0.0,0.052443861961364746,0.12945172717066647,89.41752862930298,91.806640625,368.37799072265625,2e-05,480.0,0.0,0.30000001192092896,0.800000011920929,-1.0,0.30000001192092896,0.800000011920929,-1.0,-0.010820217430591583,1.4999970197677612,-1.4999970197677612,-0.010820217430591583,1.4999970197677612,-1.4999970197677612,271.2124938964844,872.0,108.0,0.0,271.2124938964844,872.0,108.0,0.0,0.0,1259.4000244140625,2250.0,1107.0,0.05000000074505806,3.078300505876541e-05,5.923468112945557,8.684341430664062,3.6689205169677734,0.25,20.135600802022964,15.346012070775032,2.327343686018139,1.6858851192519069,0.0017098397947847843,12.445443538948894,51.944376366212964,2.9502902179956436e-05,0.013768059512547321,0.9280361709924397,0.1016377719617873,1.3963689330127516e-05,122449.0,51.944376366212964,589.3275103387637,,,,,,,,,,,,,,
481.0,,26523.0,31157.0,4634.0,29831.0,29832.0,29831.5,0.04793505743145943,0.0105592879652977,0.01,8.824262768029888e-06,0.0,0.0,0.0,0.042104680091142654,0.1264940911113681,89.41752862930298,91.806640625,352.31561279296875,2e-05,481.0,0.0,0.5774999856948853,1.0,-1.0,0.5774999856948853,1.0,-1.0,0.002189700724557042,0.4999989867210388,-1.4999970197677612,0.002189700724557042,0.4999989867210388,-1.4999970197677612,216.9250030517578,537.0,109.0,0.0,216.9250030517578,537.0,109.0,0.0,0.0,1274.6500244140625,2250.0,1103.0,0.05000000074505806,2.9470771551132202e-05,4.830223083496094,5.517025470733643,3.7717158794403076,0.25,16.881597463972867,1.3700606897473335,2.3069689627736807,1.5884963059797883,0.0017105122096836567,12.400568034034222,34.55180727504194,2.9023271054029465e-05,0.013312239629081577,0.9727784639836848,0.10392176084033843,1.4334782106864026e-05,119326.0,34.55180727504194,863.3846491019417,,,,,,,,,,,,,,
482.0,,28799.0,30979.0,2180.0,29833.0,29862.0,29840.5,0.04614033177495003,0.0075985417701303955,0.01,0.0009517781808972368,0.0,0.0,0.0,0.03546060249209404,0.1277590509849058,89.41752862930298,91.806640625,339.79052734375,2e-05,482.0,0.0,0.3799999952316284,0.800000011920929,-0.699999988079071,0.3799999952316284,0.800000011920929,-0.699999988079071,-0.01986061967909336,1.499984860420227,-1.4999970197677612,-0.01986061967909336,1.499984860420227,-1.4999970197677612,316.7749938964844,723.0,111.0,0.0,316.7749938964844,723.0,111.0,0.0,0.0,1175.25,1254.0,1099.0,0.0,3.2063107937574387e-05,5.596854209899902,7.463647842407227,4.513733863830566,0.25,18.85553964599967,1.3064185441471636,2.316012544091791,1.5591187719255686,0.0016615851782262325,12.255124926101416,36.29630234790966,2.8254929929971695e-05,0.013062103281828124,0.7440430765527453,0.1026719133903706,1.3920554097838781e-05,119362.0,36.29630234790966,822.136087416589,,,,,,,,,,,,,,
483.0,,26779.0,32282.0,5503.0,29278.0,29291.0,29287.25,0.056117281317710876,0.012562463171780109,0.01,0.00038522191345691654,0.0,0.0,0.0,0.0402517169713974,0.12427606832396809,89.41752862930298,91.806640625,348.52960205078125,2e-05,483.0,0.0,0.5400000214576721,1.0,-0.699999988079071,0.5400000214576721,1.0,-0.699999988079071,-0.010151466354727745,0.8660238981246948,-1.4999970197677612,-0.010151466354727745,0.8660238981246948,-1.4999970197677612,298.01251220703125,1061.0,111.0,0.0,298.01251220703125,1061.0,111.0,0.0,0.0,1166.3499755859375,1286.0,1105.0,0.0,2.8959009796380997e-05,6.810429573059082,10.591018676757812,5.4030561447143555,0.25,21.633474770002067,1.3670065966434777,2.283815345261246,1.5998163330368698,0.0016175196506083012,12.363256056327373,39.25138078909367,2.8896145522594452e-05,0.013656252576094288,0.9074063491465151,0.10553445660080217,1.3807370533323384e-05,117149.0,39.25138078909367,746.1457256081475,,,,,,,,,,,,,,
484.0,,28101.0,31468.0,3367.0,29159.0,29453.0,29278.25,0.06461342424154282,0.01055060847196728,0.01,-0.0010316273645730686,0.0,0.0,0.0,0.04954376816749573,0.12369292247322629,89.41752862930298,91.806640625,356.49029541015625,2e-05,484.0,0.0,0.3400000035762787,0.800000011920929,-1.0,0.3400000035762787,0.800000011920929,-1.0,0.006667640991508961,1.4999970197677612,-1.4999970197677612,0.006667640991508961,1.4999970197677612,-1.4999970197677612,309.5625,1588.0,108.0,0.0,309.5625,1588.0,108.0,0.0,0.0,1154.3499755859375,1274.0,1105.0,0.0,2.905493602156639e-05,8.569397926330566,15.400596618652344,4.43107795715332,0.25,26.70485408231616,1.400462776888162,2.292058310005814,1.5678300983272493,0.0016228021122515202,12.4238723651506,44.393069711048156,2.7102883905172348e-05,0.013387327609464785,1.0783304697079006,0.1060844856262806,1.3856720537015704e-05,117113.0,44.393069711048156,659.5229883981979,,,,,,,,,,,,,,
485.0,,27144.0,35834.0,8690.0,30076.0,30078.0,30077.0,0.04353415593504906,0.013330976460129023,0.01,0.0026641684770584107,0.0,0.0,0.0,0.059965603053569794,0.12734458262261414,89.41752862930298,91.806640625,370.39263916015625,2e-05,485.0,0.0,0.5099999904632568,1.0,-0.699999988079071,0.5099999904632568,1.0,-0.699999988079071,-0.07257648557424545,1.4999899864196777,-1.4999979734420776,-0.07257648557424545,1.4999899864196777,-1.4999979734420776,281.29998779296875,1666.0,108.0,0.0,281.29998779296875,1666.0,108.0,0.0,0.0,1222.550048828125,2243.0,1103.0,0.0,3.055902197957039e-05,8.197033882141113,16.040098190307617,4.0610575675964355,0.25,26.936608164105564,1.310155383311212,2.293743317015469,1.6497814343310893,0.0016434411518275738,12.428019036073238,44.622379153966904,3.001512959599495e-05,0.013712981965713746,1.1969697904419465,0.10330168431087906,1.3660281542603765e-05,120308.0,44.622379153966904,674.0339840738002,,,,,,,,,,,,,,
486.0,,28928.0,33033.0,4105.0,31019.0,31020.0,31019.75,0.04933224245905876,0.009907681823946178,0.01,-0.00013378931209444972,0.0,0.0,0.0,0.02764337696135044,0.13303136695826967,89.41752862930298,91.806640625,361.89862060546875,2e-05,486.0,0.0,0.5062499642372131,1.0,-0.20000000298023224,0.5062499642372131,1.0,-0.20000000298023224,0.011473610997200012,1.4999901056289673,-1.4999970197677612,0.011473610997200012,1.4999901056289673,-1.4999970197677612,273.9375,980.0,107.0,0.0,273.9375,980.0,107.0,0.0,0.0,1277.050048828125,2245.0,1101.0,0.0,3.043096512556076e-05,7.408714294433594,9.489213943481445,5.945580959320068,0.25,20.61519338702783,1.3286519371904433,2.333602759987116,1.68092698790133,0.001683696173131466,12.28180325590074,38.244268705602735,2.832012251019478e-05,0.013547231907908106,0.9406887240259105,0.09898373823048816,1.35695498281858e-05,124079.0,38.244268705602735,811.0953889270119,,,,,,,,,,,,,,
487.0,,27983.0,33786.0,5803.0,31650.0,31651.0,31650.25,0.052386343479156494,0.009213379656057442,0.01,-0.0019812763296067717,0.0,0.0,0.0,0.2895961403846741,0.13479533652477313,89.41752862930298,91.806640625,360.92529296875,2e-05,487.0,0.0,0.2750000059604645,1.0,-1.0,0.2750000059604645,1.0,-1.0,-0.025073785334825516,1.4999970197677612,-1.4999970197677612,-0.025073785334825516,1.4999970197677612,-1.4999970197677612,362.9624938964844,1141.0,111.0,0.0,362.9624938964844,1141.0,111.0,0.0,0.0,1219.550048828125,1981.0,1099.0,0.0,2.995133399963379e-05,8.346505165100098,11.347906112670898,5.116045951843262,0.25,22.831510389223695,1.1953115756623447,2.3364995098672807,1.757709023077041,0.0016503529623150826,12.385002100840211,40.51010643597692,2.7230940759181976e-05,0.01388384786120995,0.7862902637746219,0.09782704797624198,1.3035860398536209e-05,126601.0,40.51010643597692,781.2926892705345,,,,,,,,,,,,,,
488.0,,28706.0,32321.0,3615.0,29730.0,29731.0,29730.25,0.06127626448869705,0.010550798644343901,0.01,0.0003349022567272188,0.0,0.0,0.0,0.07652567327022552,0.1262725195049925,89.41752862930298,91.806640625,352.40277099609375,2e-05,488.0,0.0,0.4375,1.0,-0.699999988079071,0.4375,1.0,-0.699999988079071,0.003467130707576871,1.4999970197677612,-0.8660238981246948,0.003467130707576871,1.4999970197677612,-0.8660238981246948,251.66250610351562,667.0,111.0,0.0,251.66250610351562,667.0,111.0,0.0,0.0,1234.8499755859375,2238.0,1101.0,0.0,3.0335038900375366e-05,5.347352981567383,6.7183027267456055,4.339461326599121,0.25,17.96689933910966,1.3243303662166,2.345386916771531,1.599413267802447,0.0016959519125521183,12.366376894991845,35.60650324402377,2.9120128601789474e-05,0.013449376206073334,0.8924104375458034,0.10398816773313245,1.4261164239723163e-05,118921.0,35.60650324402377,834.9668541234796,,,,,,,,,,,,,,
489.0,,27463.0,31858.0,4395.0,29896.0,29909.0,29899.75,0.044848211109638214,0.01047156580258161,0.01,-0.0006801576865836989,0.0,0.0,0.0,0.044930022209882736,0.12587225405167773,89.41752862930298,91.806640625,358.0765380859375,2e-05,489.0,1.0,0.28999999165534973,1.0,-0.699999988079071,0.28999999165534973,1.0,-0.699999988079071,0.015911398455500603,1.4999970197677612,-1.4309940338134766,0.015911398455500603,1.4999970197677612,-1.4309940338134766,289.6875,1163.0,113.0,0.0,289.6875,1163.0,113.0,0.0,0.0,1205.300048828125,1873.0,1106.0,0.0,0.00013327691704034805,6.939584732055664,11.28123664855957,3.8699228763580322,0.25,23.239540125709027,6.265450302045792,2.3625180730596185,1.6951950509101152,0.0018837549723684788,12.478192354086787,46.047200047876686,3.049522638320923e-05,0.014173990174751589,1.0027849029432159,0.10433358434507635,1.5750591329095383e-05,119599.0,46.047200047876686,649.3282972452682,,,,,,,,,,,,,,
490.0,-0.30083598943937356,27628.0,31957.0,4329.0,29824.0,29826.0,29825.0,0.06702867150306702,0.008510866221040489,0.01,0.0032419190555810925,0.0,0.0,0.0,0.035263750702142715,0.12660759652147419,89.41752862930298,91.806640625,345.60498046875,2e-05,490.0,1.0,0.4350000023841858,1.0,-1.0,0.4350000023841858,1.0,-1.0,-0.009150818921625614,1.4999970197677612,-1.4999970197677612,-0.009150818921625614,1.4999970197677612,-1.4999970197677612,323.6000061035156,984.0,110.0,0.0,323.6000061035156,984.0,110.0,0.0,0.0,1167.6500244140625,1286.0,1101.0,0.0,2.5374814867973328e-05,6.404891490936279,9.977129936218262,4.9128851890563965,0.25,21.255270234774798,1.4384750770404935,2.3286517350934446,1.5804055919870734,0.001658896915614605,12.367422493174672,38.974253179039806,3.372738137841225e-05,0.013247322648676223,0.8210472124063195,0.10366657580196707,1.3905254950667267e-05,119300.0,38.974253179039806,765.2487877827962,429.28704054141417,,,,,,,,,,,,,
491.0,,28575.0,31752.0,3177.0,30044.0,30075.0,30066.25,0.04665345326066017,0.009931977186352015,0.01,0.0004387230612337593,0.0,0.0,0.0,0.04272637888789177,0.11528325564452449,89.41752862930298,91.806640625,356.61163330078125,2e-05,491.0,1.0,0.5324999690055847,1.0,-1.0,0.5324999690055847,1.0,-1.0,-0.0018816499505192041,1.4999970197677612,-0.8660238981246948,-0.0018816499505192041,1.4999970197677612,-0.8660238981246948,302.51251220703125,1028.0,107.0,0.0,302.51251220703125,1028.0,107.0,0.0,0.0,1200.800048828125,1714.0,1099.0,0.0,2.7487054467201233e-05,6.470451354980469,10.276309967041016,4.71603536605835,0.25,21.176270756870508,88.86738395970315,3.1402857690118253,1.627404942177236,0.0016526896506547928,13.699797318316996,128.51543222460896,2.953503280878067e-05,0.013531825071111597,0.8750163529139502,0.11391341885267531,1.3742066691512848e-05,120265.0,128.51543222460896,233.9505029049945,,,,,,,,,,,,,,
492.0,,26858.0,31972.0,5114.0,29995.0,29995.0,29995.0,0.053030721843242645,0.011866343328729273,0.01,0.00016902051866054578,0.0,0.0,0.0,0.03482525423169136,0.12548930908869538,89.41752862930298,91.806640625,359.22369384765625,2e-05,492.0,1.0,0.5824999809265137,1.0,-0.5,0.5824999809265137,1.0,-0.5,0.015882989391684532,1.019047498703003,-1.4999970197677612,0.015882989391684532,1.019047498703003,-1.4999970197677612,251.9499969482422,999.0,110.0,0.0,251.9499969482422,999.0,110.0,0.0,0.0,1247.800048828125,2250.0,1101.0,0.05000000074505806,3.10712493956089e-05,6.14367151260376,9.755077362060547,3.3705787658691406,0.25,20.901222140993923,1.3451514416374266,2.344146075192839,1.6301507852040231,0.0016433782875537872,12.565054083243012,38.78974959766492,2.8767157346010208e-05,0.013586854352425596,1.0369727198349832,0.10472623840009179,1.3697101913267104e-05,119980.0,38.78974959766492,773.2712974719911,,,,,,,,,,,,,,
493.0,,25579.0,31924.0,6345.0,27844.0,27930.0,27908.5,0.061862800270318985,0.012043382022529841,0.01,-0.0032801271229982373,0.0,0.0,0.0,0.06953442096710205,0.11671218715791001,89.41752862930298,91.806640625,350.2901611328125,2e-05,493.0,1.0,0.36250001192092896,1.0,-1.0,0.36250001192092896,1.0,-1.0,0.06659238040447235,1.4999970197677612,-1.4999970197677612,0.06659238040447235,1.4999970197677612,-1.4999970197677612,253.47500610351562,1116.0,111.0,0.0,253.47500610351562,1116.0,111.0,0.0,0.0,1141.949951171875,1276.0,1101.0,0.0,3.2479409128427505e-05,5.840612411499023,11.118215560913086,2.690646171569824,0.25,22.398863470181823,1.3715531472116709,2.3883305490016937,1.514236958231777,0.0016810717061161995,12.512383831199259,40.189467231277376,2.828706055879593e-05,0.01356429903283746,1.1045893811116394,0.11208398723685668,1.5058778742284605e-05,111634.0,40.189467231277376,694.4232387902933,,,,,,,,,,,,,,
494.0,,26656.0,34371.0,7715.0,29993.0,29994.0,29993.75,0.05725846439599991,0.00863571208086796,0.01,0.00041286405234132044,0.0,0.0,0.0,0.08601560443639755,0.12606781844442383,89.41752862930298,91.806640625,355.79351806640625,2e-05,494.0,1.0,0.4049999713897705,1.0,-1.0,0.4049999713897705,1.0,-1.0,-0.016252469271421432,1.4527413845062256,-1.4999970197677612,-0.016252469271421432,1.4527413845062256,-1.4999970197677612,252.03750610351562,423.0,115.0,0.0,252.03750610351562,423.0,115.0,0.0,0.0,1247.6500244140625,2250.0,1105.0,0.05000000074505806,2.6016030460596085e-05,4.132644176483154,4.617725849151611,3.677163600921631,0.25,15.942842011805624,1.3455485040321946,2.397040723823011,1.5837194789201021,0.0016381582245230675,12.498642491176724,33.77174947876483,2.96630896627903e-05,0.013200412410252988,0.7906979126025703,0.10417705764681578,1.365416315501619e-05,119975.0,33.77174947876483,888.131366095192,,,,,,,,,,,,,,
495.0,,27573.0,31870.0,4297.0,29883.0,29884.0,29883.5,0.04152533411979675,0.011297660153359175,0.01,0.0015145981684327125,0.0,0.0,0.0,0.0755637139081955,0.12637736398474747,89.41752862930298,91.806640625,352.169189453125,2e-05,495.0,1.0,0.44874995946884155,1.0,-1.0,0.44874995946884155,1.0,-1.0,-0.007472913712263107,0.8660238981246948,-1.4999970197677612,-0.007472913712263107,0.8660238981246948,-1.4999970197677612,271.875,788.0,111.0,0.0,271.875,788.0,111.0,0.0,0.0,1222.300048828125,2124.0,1109.0,0.0,3.1070783734321594e-05,6.186955451965332,7.880839824676514,3.8299448490142822,0.25,19.216752058826387,1.3277829680591822,2.3708671522326767,1.6154230358079076,0.0016472460702061653,12.42092540487647,36.95576384430751,2.8606969863176346e-05,0.013514339316076662,0.8835288302908684,0.10391123366470184,1.3780565112906498e-05,119534.0,36.95576384430751,808.6289360949878,,,,,,,,,,,,,,
496.0,,27100.0,31676.0,4576.0,29343.0,29344.0,29343.75,0.05877351015806198,0.010131846811873403,0.01,0.0003792924247682086,0.0,0.0,0.0,0.07987235486507416,0.12292554354329577,89.41752862930298,91.806640625,354.809814453125,2e-05,496.0,1.0,0.54749995470047,1.0,-1.0,0.54749995470047,1.0,-1.0,0.010546811856329441,1.4999970197677612,-1.4999970197677612,0.010546811856329441,1.4999970197677612,-1.4999970197677612,274.73748779296875,938.0,110.0,0.0,274.73748779296875,938.0,110.0,0.0,0.0,1192.449951171875,1872.0,1099.0,0.0,2.3967120796442032e-05,6.57016134262085,9.18433666229248,4.671275615692139,0.25,20.432113357819617,1.4173920201137662,2.335818170104176,1.5821745982393622,0.00162017485126853,12.52505418099463,38.29654561402276,2.8542708605527878e-05,0.01347965578904675,0.9296197897001509,0.10670972678163688,1.38034066135764e-05,117375.0,38.29654561402276,766.2244604446887,,,,,,,,,,,,,,
497.0,,28631.0,31120.0,2489.0,29824.0,29824.0,29824.0,0.044893182814121246,0.0067918860446661705,0.01,-0.0008788540586829186,0.0,0.0,0.0,0.06766880303621292,0.12518377039523323,89.41752862930298,91.806640625,355.62939453125,2e-05,497.0,1.0,0.36500000953674316,0.800000011920929,-0.699999988079071,0.36500000953674316,0.800000011920929,-0.699999988079071,-0.011215518228709698,1.4999970197677612,-1.4999970197677612,-0.011215518228709698,1.4999970197677612,-1.4999970197677612,268.6000061035156,721.0,112.0,0.0,268.6000061035156,721.0,112.0,0.0,0.0,1222.5999755859375,2250.0,1106.0,0.05000000074505806,2.918299287557602e-05,5.369734764099121,7.378255844116211,2.7445621490478516,0.25,18.527814615983516,1.2403366579674184,2.3653969699516892,1.6171177471987903,0.001628626137971878,12.512453564908355,36.26714942511171,2.9374845325946808e-05,0.01355550686694265,0.8622400696194861,0.1048857762616379,1.3651976076078644e-05,119296.0,36.26714942511171,822.3419946909195,,,,,,,,,,,,,,
498.0,,25998.0,33084.0,7086.0,29320.0,29321.0,29320.25,0.042422447353601456,0.013265360884834081,0.01,0.001500695832073688,0.0,0.0,0.0,0.05250217020511627,0.12467819950863358,89.41752862930298,91.806640625,348.961669921875,2e-05,498.0,1.0,0.47999995946884155,1.0,-1.0,0.47999995946884155,1.0,-1.0,-0.011392712593078613,1.4999970197677612,-1.4999970197677612,-0.011392712593078613,1.4999970197677612,-1.4999970197677612,266.9624938964844,830.0,109.0,0.0,266.9624938964844,830.0,109.0,0.0,0.0,1199.050048828125,1999.0,1101.0,0.0,2.8926879167556763e-05,6.414219856262207,8.36418342590332,3.8279685974121094,0.25,19.323323763906956,1.3136096466332674,2.3560100039467216,1.591689364053309,0.0016169128939509392,12.339752297848463,36.92837184295058,2.972688525915146e-05,0.013571587589237037,0.904777064377345,0.10521527185007344,1.3786656781157554e-05,117281.0,36.92837184295058,793.9762447338189,,,,,,,,,,,,,,
499.0,,26789.0,32690.0,5901.0,30485.0,30486.0,30485.75,0.057606685906648636,0.011209010714665055,0.01,-0.0027332167606800794,0.0,0.0,0.0,0.04030214250087738,0.12758379161049635,89.41752862930298,91.806640625,364.994384765625,2e-05,499.0,1.0,0.3962499499320984,1.0,-0.699999988079071,0.3962499499320984,1.0,-0.699999988079071,0.022621743381023407,0.8660238981246948,-1.499997615814209,0.022621743381023407,0.8660238981246948,-1.499997615814209,281.3374938964844,942.0,111.0,0.0,281.3374938964844,942.0,111.0,0.0,0.0,1242.949951171875,2143.0,1097.0,0.0,3.1006988137960434e-05,5.719494819641113,9.565526008605957,3.2958743572235107,0.25,21.121364440768957,1.370959812309593,2.351794636808336,1.6000999710522592,0.0021964809857308865,12.578731665853411,39.02789941010997,4.070298746228218e-05,0.01312170416548928,0.9384353508139226,0.10315255214201234,1.801235811593028e-05,121943.0,39.02789941010997,781.1271029386437,,,,,,,,,,,,,,
,,,,,,,,,,,,,,,,,,,,,,,,,,,,,,,,,,,,,,,,,,,,,,,,,,,,,,,,,,,,,,,,,,,,,,0.0,1.0,,,,,,,,,,
,,,,,,,,,,,,,,,,,,,,,,,,,,,,,,,,,,,,,,,,,,,,,,,,,,,,,,,,,,,,,,,,,,,,,,1.0,4.0,0.0,0.5844,0.3025,14.406,0.8842,0.8316,0.5962,0.6658,0.5579,0.5649
,,,,,,,,,,,,,,,,,,,,,,,,,,,,,,,,,,,,,,,,,,,,,,,,,,,,,,,,,,,,,,,,,,,,,,2.0,19.0,0.0,0.453,0.4395,10.3089,0.9058,0.8623,0.5926,0.6584,0.5543,0.5657
,,,,,,,,,,,,,,,,,,,,,,,,,,,,,,,,,,,,,,,,,,,,,,,,,,,,,,,,,,,,,,,,,,,,,,3.0,34.0,0.0,0.4732,0.4268,10.6534,0.903,0.8507,0.6046,0.6928,0.5617,0.5574
,,,,,,,,,,,,,,,,,,,,,,,,,,,,,,,,,,,,,,,,,,,,,,,,,,,,,,,,,,,,,,,,,,,,,,4.0,49.0,0.0,0.4732,0.4236,10.6419,0.9098,0.8571,0.6198,0.7148,0.5611,0.5858
,,,,,,,,,,,,,,,,,,,,,,,,,,,,,,,,,,,,,,,,,,,,,,,,,,,,,,,,,,,,,,,,,,,,,,5.0,64.0,0.0,0.4643,0.4236,10.6581,0.9098,0.8571,0.6383,0.7338,0.5823,0.6001
,,,,,,,,,,,,,,,,,,,,,,,,,,,,,,,,,,,,,,,,,,,,,,,,,,,,,,,,,,,,,,,,,,,,,,6.0,79.0,0.0,0.469,0.4363,10.5639,0.8978,0.8467,0.6508,0.7418,0.5918,0.6218
,,,,,,,,,,,,,,,,,,,,,,,,,,,,,,,,,,,,,,,,,,,,,,,,,,,,,,,,,,,,,,,,,,,,,,7.0,94.0,0.0,0.4386,0.4331,10.5805,0.8971,0.8529,0.655,0.7384,0.6054,0.6226
,,,,,,,,,,,,,,,,,,,,,,,,,,,,,,,,,,,,,,,,,,,,,,,,,,,,,,,,,,,,,,,,,,,,,,8.0,109.0,0.0,0.4386,0.4299,10.519,0.8963,0.8593,0.6493,0.7241,0.603,0.6226
,,,,,,,,,,,,,,,,,,,,,,,,,,,,,,,,,,,,,,,,,,,,,,,,,,,,,,,,,,,,,,,,,,,,,,9.0,124.0,0.0,0.4386,0.4395,10.5916,0.9058,0.8406,0.6412,0.7198,0.5942,0.6112
,,,,,,,,,,,,,,,,,,,,,,,,,,,,,,,,,,,,,,,,,,,,,,,,,,,,,,,,,,,,,,,,,,,,,,10.0,139.0,0.0,0.4348,0.4395,10.5003,0.9058,0.8478,0.6506,0.7401,0.5947,0.6191
,,,,,,,,,,,,,,,,,,,,,,,,,,,,,,,,,,,,,,,,,,,,,,,,,,,,,,,,,,,,,,,,,,,,,,11.0,154.0,0.0,0.4274,0.4427,10.3716,0.9065,0.8633,0.6545,0.7421,0.6119,0.6076
,,,,,,,,,,,,,,,,,,,,,,,,,,,,,,,,,,,,,,,,,,,,,,,,,,,,,,,,,,,,,,,,,,,,,,12.0,169.0,0.0,0.4274,0.4427,10.3656,0.9065,0.8705,0.652,0.7368,0.6189,0.5957
,,,,,,,,,,,,,,,,,,,,,,,,,,,,,,,,,,,,,,,,,,,,,,,,,,,,,,,,,,,,,,,,,,,,,,13.0,184.0,0.0,0.4237,0.4427,10.2893,0.9065,0.8777,0.66,0.7517,0.6175,0.608
,,,,,,,,,,,,,,,,,,,,,,,,,,,,,,,,,,,,,,,,,,,,,,,,,,,,,,,,,,,,,,,,,,,,,,14.0,199.0,0.0,0.431,0.4363,10.4492,0.9124,0.8686,0.6593,0.7451,0.6222,0.6072
,,,,,,,,,,,,,,,,,,,,,,,,,,,,,,,,,,,,,,,,,,,,,,,,,,,,,,,,,,,,,,,,,,,,,,15.0,214.0,0.0,0.4237,0.4427,10.2893,0.9065,0.8777,0.6609,0.7341,0.6331,0.6112
,,,,,,,,,,,,,,,,,,,,,,,,,,,,,,,,,,,,,,,,,,,,,,,,,,,,,,,,,,,,,,,,,,,,,,16.0,229.0,0.0,0.4397,0.4363,10.4439,0.9051,0.8759,0.6698,0.7351,0.6361,0.6377
,,,,,,,,,,,,,,,,,,,,,,,,,,,,,,,,,,,,,,,,,,,,,,,,,,,,,,,,,,,,,,,,,,,,,,17.0,244.0,0.0,0.4359,0.4395,10.3632,0.9058,0.8696,0.676,0.7471,0.6302,0.6531
,,,,,,,,,,,,,,,,,,,,,,,,,,,,,,,,,,,,,,,,,,,,,,,,,,,,,,,,,,,,,,,,,,,,,,18.0,259.0,0.0,0.4397,0.4331,10.4439,0.9118,0.875,0.6799,0.7468,0.6414,0.6523
,,,,,,,,,,,,,,,,,,,,,,,,,,,,,,,,,,,,,,,,,,,,,,,,,,,,,,,,,,,,,,,,,,,,,,19.0,286.0,0.0,0.4397,0.4363,10.4482,0.9051,0.8759,0.6815,0.7521,0.6482,0.6424
,,,,,,,,,,,,,,,,,,,,,,,,,,,,,,,,,,,,,,,,,,,,,,,,,,,,,,,,,,,,,,,,,,,,,,20.0,,0.0,0.4569,0.4331,10.393,0.9118,0.8676,0.5932,0.6498,0.5573,0.5744
